2026-10-03T06:01:28.9097724Z Current runner version: '2.337.0'
2026-10-03T06:01:28.9119264Z ##[group]Runner Image Provisioner
2026-10-03T06:01:28.9120005Z Hosted Compute Agent
2026-10-03T06:01:28.9120584Z Version: 20260901.588
2026-10-03T06:01:28.9121190Z Commit: f88ec8081b781fac6c440065ac7ff9e710ce3d0b
2026-10-03T06:01:28.9121824Z Build Date: 2026-09-01T19:56:44Z
2026-10-03T06:01:28.9122410Z Worker ID: {0298e0f6-f6f2-40ab-ad22-8959c52d53c9}
2026-10-03T06:01:28.9123054Z Azure Region: northcentralus
2026-10-03T06:01:28.9123631Z ##[endgroup]
2026-10-03T06:01:28.9124752Z ##[group]Operating System
2026-10-03T06:01:28.9125328Z Ubuntu
2026-10-03T06:01:28.9125878Z 24.04.5
2026-10-03T06:01:28.9126329Z LTS
2026-10-03T06:01:28.9126846Z ##[endgroup]
2026-10-03T06:01:28.9127505Z ##[group]Runner Image
2026-10-03T06:01:28.9128059Z Image: ubuntu-24.04
2026-10-03T06:01:28.9128546Z Version: 20260927.320.1
2026-10-03T06:01:28.9129629Z Included Software: https://github.com/actions/runner-images/blob/ubuntu24/20260927.320/images/ubuntu/Ubuntu2404-Readme.md
2026-10-03T06:01:28.9130924Z Image Release: https://github.com/actions/runner-images/releases/tag/ubuntu24%2F20260927.320
2026-10-03T06:01:28.9131794Z ##[endgroup]
2026-10-03T06:01:28.9132713Z ##[group]GITHUB_TOKEN Permissions
2026-10-03T06:01:28.9134500Z Contents: read
2026-10-03T06:01:28.9135052Z Metadata: read
2026-10-03T06:01:28.9135589Z ##[endgroup]
2026-10-03T06:01:28.9137258Z Secret source: Actions
2026-10-03T06:01:28.9138467Z Cache mode: write
2026-10-03T06:01:28.9139352Z Prepare workflow directory
2026-10-03T06:01:28.9401130Z Prepare all required actions
2026-10-03T06:01:28.9440194Z Getting action download info
2026-10-03T06:01:29.1982219Z Download action repository 'actions/checkout@v4' (SHA:11d5960a326750d5838078e36cf38b85af677262)
2026-10-03T06:01:29.2916795Z Download action repository 'actions/setup-java@v4' (SHA:cf277c60eb25467037889841efdb72551f06f6c3)
2026-10-03T06:01:29.8392397Z Download action repository 'actions/cache@v4' (SHA:0057852bfaa89a56745cba8c7296529d2fc39830)
2026-10-03T06:01:29.9965052Z Download action repository 'gradle/actions@v4' (SHA:ed408507eac070d1f99cc633dbcf757c94c7933a)
2026-10-03T06:01:31.1001827Z Download action repository 'actions/upload-artifact@v4' (SHA:ea165f8d65b6e75b540449e92b4886f43607fa02)
2026-10-03T06:01:31.5946660Z Complete job name: Build signed release APK
2026-10-03T06:01:31.6517581Z ##[group]Run actions/checkout@v4
2026-10-03T06:01:31.6518057Z with:
2026-10-03T06:01:31.6518269Z   repository: battlesbudz/Jarvis-OS-V2
2026-10-03T06:01:31.6520397Z   token: ***
2026-10-03T06:01:31.6520580Z   ssh-strict: true
2026-10-03T06:01:31.6520759Z   ssh-user: git
2026-10-03T06:01:31.6520934Z   persist-credentials: true
2026-10-03T06:01:31.6521136Z   clean: true
2026-10-03T06:01:31.6521316Z   sparse-checkout-cone-mode: true
2026-10-03T06:01:31.6521535Z   fetch-depth: 1
2026-10-03T06:01:31.6521709Z   fetch-tags: false
2026-10-03T06:01:31.6521907Z   show-progress: true
2026-10-03T06:01:31.6522082Z   lfs: false
2026-10-03T06:01:31.6522243Z   submodules: false
2026-10-03T06:01:31.6522451Z   set-safe-directory: true
2026-10-03T06:01:31.6522657Z   allow-unsafe-pr-checkout: false
2026-10-03T06:01:31.6523042Z ##[endgroup]
2026-10-03T06:01:31.7322531Z Syncing repository: battlesbudz/Jarvis-OS-V2
2026-10-03T06:01:31.7323997Z ##[group]Getting Git version info
2026-10-03T06:01:31.7324592Z Working directory is '/home/runner/work/Jarvis-OS-V2/Jarvis-OS-V2'
2026-10-03T06:01:31.7325341Z [command]/usr/bin/git version
2026-10-03T06:01:31.7538926Z git version 2.55.0
2026-10-03T06:01:31.7554981Z ##[endgroup]
2026-10-03T06:01:31.7566548Z Temporarily overriding HOME='/home/runner/work/_temp/e8d8d7d5-3236-4b63-8f2a-2ca43320a51e' before making global git config changes
2026-10-03T06:01:31.7568010Z Adding repository directory to the temporary git global config as a safe directory
2026-10-03T06:01:31.7570868Z [command]/usr/bin/git config --global --add safe.directory /home/runner/work/Jarvis-OS-V2/Jarvis-OS-V2
2026-10-03T06:01:31.7611121Z Deleting the contents of '/home/runner/work/Jarvis-OS-V2/Jarvis-OS-V2'
2026-10-03T06:01:31.7614879Z ##[group]Initializing the repository
2026-10-03T06:01:31.7618077Z [command]/usr/bin/git init /home/runner/work/Jarvis-OS-V2/Jarvis-OS-V2
2026-10-03T06:01:31.7691332Z hint: Using 'master' as the name for the initial branch. This default branch name
2026-10-03T06:01:31.7692206Z hint: will change to "main" in Git 3.0. To configure the initial branch name
2026-10-03T06:01:31.7692865Z hint: to use in all of your new repositories, which will suppress this warning,
2026-10-03T06:01:31.7693375Z hint: call:
2026-10-03T06:01:31.7693848Z hint:
2026-10-03T06:01:31.7694223Z hint: 	git config --global init.defaultBranch <name>
2026-10-03T06:01:31.7694638Z hint:
2026-10-03T06:01:31.7695034Z hint: Names commonly chosen instead of 'master' are 'main', 'trunk' and
2026-10-03T06:01:31.7695686Z hint: 'development'. The just-created branch can be renamed via this command:
2026-10-03T06:01:31.7696181Z hint:
2026-10-03T06:01:31.7696444Z hint: 	git branch -m <name>
2026-10-03T06:01:31.7696748Z hint:
2026-10-03T06:01:31.7697174Z hint: Disable this message with "git config set advice.defaultBranchName false"
2026-10-03T06:01:31.7701934Z Initialized empty Git repository in /home/runner/work/Jarvis-OS-V2/Jarvis-OS-V2/.git/
2026-10-03T06:01:31.7710877Z [command]/usr/bin/git remote add origin https://github.com/battlesbudz/Jarvis-OS-V2
2026-10-03T06:01:31.7749834Z ##[endgroup]
2026-10-03T06:01:31.7750420Z ##[group]Disabling automatic garbage collection
2026-10-03T06:01:31.7760389Z [command]/usr/bin/git config --local gc.auto 0
2026-10-03T06:01:31.7787583Z ##[endgroup]
2026-10-03T06:01:31.7787912Z ##[group]Setting up auth
2026-10-03T06:01:31.7794340Z [command]/usr/bin/git config --local --name-only --get-regexp core\.sshCommand
2026-10-03T06:01:31.7822854Z [command]/usr/bin/git submodule foreach --recursive sh -c "git config --local --name-only --get-regexp 'core\.sshCommand' && git config --local --unset-all 'core.sshCommand' || :"
2026-10-03T06:01:31.8103219Z [command]/usr/bin/git config --local --name-only --get-regexp http\.https\:\/\/github\.com\/\.extraheader
2026-10-03T06:01:31.8134297Z [command]/usr/bin/git submodule foreach --recursive sh -c "git config --local --name-only --get-regexp 'http\.https\:\/\/github\.com\/\.extraheader' && git config --local --unset-all 'http.https://github.com/.extraheader' || :"
2026-10-03T06:01:31.8319735Z [command]/usr/bin/git config --local --name-only --get-regexp ^includeIf\.gitdir:
2026-10-03T06:01:31.8349297Z [command]/usr/bin/git submodule foreach --recursive git config --local --show-origin --name-only --get-regexp remote.origin.url
2026-10-03T06:01:31.8535333Z [command]/usr/bin/git config --local http.https://github.com/.extraheader AUTHORIZATION: basic ***
2026-10-03T06:01:31.8569730Z ##[endgroup]
2026-10-03T06:01:31.8576950Z ##[group]Fetching the repository
2026-10-03T06:01:31.8578693Z [command]/usr/bin/git -c protocol.version=2 fetch --no-tags --prune --no-recurse-submodules --depth=1 origin +7173b4818114624fb72da6aa72903319778c3049:refs/remotes/origin/feature/memory-os-overnight-candidate-extraction-20261002-7
2026-10-03T06:01:32.6012898Z From https://github.com/battlesbudz/Jarvis-OS-V2
2026-10-03T06:01:32.6014075Z  * [new ref]         7173b4818114624fb72da6aa72903319778c3049 -> origin/feature/memory-os-overnight-candidate-extraction-20261002-7
2026-10-03T06:01:32.6018518Z ##[endgroup]
2026-10-03T06:01:32.6019072Z ##[group]Determining the checkout info
2026-10-03T06:01:32.6021477Z ##[endgroup]
2026-10-03T06:01:32.6028018Z [command]/usr/bin/git sparse-checkout disable
2026-10-03T06:01:32.6075364Z [command]/usr/bin/git config --local --unset-all extensions.worktreeConfig
2026-10-03T06:01:32.6105854Z ##[group]Checking out the ref
2026-10-03T06:01:32.6113902Z [command]/usr/bin/git checkout --progress --force -B feature/memory-os-overnight-candidate-extraction-20261002-7 refs/remotes/origin/feature/memory-os-overnight-candidate-extraction-20261002-7
2026-10-03T06:01:32.6455424Z Switched to a new branch 'feature/memory-os-overnight-candidate-extraction-20261002-7'
2026-10-03T06:01:32.6460651Z branch 'feature/memory-os-overnight-candidate-extraction-20261002-7' set up to track 'origin/feature/memory-os-overnight-candidate-extraction-20261002-7'.
2026-10-03T06:01:32.6464979Z ##[endgroup]
2026-10-03T06:01:32.6501256Z [command]/usr/bin/git log -1 --format=%H
2026-10-03T06:01:32.6524095Z 7173b4818114624fb72da6aa72903319778c3049
2026-10-03T06:01:32.6756564Z ##[group]Run actions/setup-java@v4
2026-10-03T06:01:32.6756830Z with:
2026-10-03T06:01:32.6757027Z   distribution: temurin
2026-10-03T06:01:32.6757222Z   java-version: 21
2026-10-03T06:01:32.6757640Z   java-package: jdk
2026-10-03T06:01:32.6757837Z   check-latest: false
2026-10-03T06:01:32.6758021Z   server-id: github
2026-10-03T06:01:32.6758204Z   server-username: GITHUB_ACTOR
2026-10-03T06:01:32.6758415Z   server-password: GITHUB_TOKEN
2026-10-03T06:01:32.6781748Z   overwrite-settings: true
2026-10-03T06:01:32.6782050Z   job-status: success
2026-10-03T06:01:32.6785579Z   token: ***
2026-10-03T06:01:32.6785874Z ##[endgroup]
2026-10-03T06:01:32.8089070Z ##[warning]setup-java v4 is deprecated and will no longer receive updates. Please migrate to actions/setup-java@v5.
2026-10-03T06:01:32.8095598Z ##[group]Installed distributions
2026-10-03T06:01:32.8117937Z Resolved Java 21.0.12+1 from tool-cache
2026-10-03T06:01:32.8118374Z Setting Java 21.0.12+1 as the default
2026-10-03T06:01:32.8125566Z (node:2166) [DEP0040] DeprecationWarning: The `punycode` module is deprecated. Please use a userland alternative instead.
2026-10-03T06:01:32.8126253Z (Use `node --trace-deprecation ...` to show where the warning was created)
2026-10-03T06:01:32.8128052Z Creating toolchains.xml for JDK version 21 from temurin
2026-10-03T06:01:32.8182291Z Writing to /home/runner/.m2/toolchains.xml
2026-10-03T06:01:32.8182729Z 
2026-10-03T06:01:32.8182915Z Java configuration:
2026-10-03T06:01:32.8183256Z   Distribution: temurin
2026-10-03T06:01:32.8183595Z   Version: 21.0.12+1
2026-10-03T06:01:32.8184035Z   Path: /opt/hostedtoolcache/Java_Temurin-Hotspot_jdk/21.0.12-1/x64
2026-10-03T06:01:32.8184445Z 
2026-10-03T06:01:32.8184840Z ##[endgroup]
2026-10-03T06:01:32.8200894Z Creating settings.xml with server-id: github
2026-10-03T06:01:32.8219850Z Writing to /home/runner/.m2/settings.xml
2026-10-03T06:01:32.8367500Z ##[group]Run "${ANDROID_HOME}/cmdline-tools/latest/bin/sdkmanager" "ndk;27.2.12479018"
2026-10-03T06:01:32.8368089Z [36;1m"${ANDROID_HOME}/cmdline-tools/latest/bin/sdkmanager" "ndk;27.2.12479018"[0m
2026-10-03T06:01:32.8589511Z shell: /usr/bin/bash -e {0}
2026-10-03T06:01:32.8589839Z env:
2026-10-03T06:01:32.8590138Z   JAVA_HOME: /opt/hostedtoolcache/Java_Temurin-Hotspot_jdk/21.0.12-1/x64
2026-10-03T06:01:32.8590576Z   JAVA_HOME_21_X64: /opt/hostedtoolcache/Java_Temurin-Hotspot_jdk/21.0.12-1/x64
2026-10-03T06:01:32.8590910Z ##[endgroup]
2026-10-03T06:01:37.9486241Z Loading package information...                                                  
2026-10-03T06:01:38.0088074Z Loading local repository...                                                     
2026-10-03T06:01:38.0089876Z [                                       ] 3% Loading local repository...        
2026-10-03T06:01:39.3866888Z [                                       ] 3% Fetch remote repository...         
2026-10-03T06:01:39.7368743Z [=                                      ] 3% Fetch remote repository...         
2026-10-03T06:01:39.7949013Z [=                                      ] 4% Fetch remote repository...         
2026-10-03T06:01:39.8162991Z [=                                      ] 5% Fetch remote repository...         
2026-10-03T06:01:39.8494560Z [==                                     ] 5% Fetch remote repository...         
2026-10-03T06:01:39.9517810Z [==                                     ] 6% Fetch remote repository...         
2026-10-03T06:01:40.0252697Z [==                                     ] 7% Fetch remote repository...         
2026-10-03T06:01:40.0278078Z [==                                     ] 7% Computing updates...               
2026-10-03T06:01:40.0368099Z [===                                    ] 8% Computing updates...               
2026-10-03T06:01:40.0608026Z [===                                    ] 10% Computing updates...              
2026-10-03T06:01:40.1073392Z [===                                    ] 10% Installing NDK (Side by side) 27.2
2026-10-03T06:01:40.1819186Z [===                                    ] 10% Downloading android-ndk-r27c-linux
2026-10-03T06:01:40.2908877Z [====                                   ] 10% Downloading android-ndk-r27c-linux
2026-10-03T06:01:40.4785910Z [====                                   ] 11% Downloading android-ndk-r27c-linux
2026-10-03T06:01:40.6800898Z [====                                   ] 12% Downloading android-ndk-r27c-linux
2026-10-03T06:01:40.8508856Z [=====                                  ] 13% Downloading android-ndk-r27c-linux
2026-10-03T06:01:41.0728221Z [=====                                  ] 14% Downloading android-ndk-r27c-linux
2026-10-03T06:01:41.1963886Z [=====                                  ] 15% Downloading android-ndk-r27c-linux
2026-10-03T06:01:41.2980242Z [======                                 ] 15% Downloading android-ndk-r27c-linux
2026-10-03T06:01:41.4842072Z [======                                 ] 16% Downloading android-ndk-r27c-linux
2026-10-03T06:01:41.6974021Z [======                                 ] 17% Downloading android-ndk-r27c-linux
2026-10-03T06:01:41.8796933Z [=======                                ] 18% Downloading android-ndk-r27c-linux
2026-10-03T06:01:42.1139894Z [=======                                ] 19% Downloading android-ndk-r27c-linux
2026-10-03T06:01:42.2580152Z [=======                                ] 20% Downloading android-ndk-r27c-linux
2026-10-03T06:01:42.3433323Z [========                               ] 20% Downloading android-ndk-r27c-linux
2026-10-03T06:01:42.5892326Z [========                               ] 21% Downloading android-ndk-r27c-linux
2026-10-03T06:01:42.7688690Z [========                               ] 22% Downloading android-ndk-r27c-linux
2026-10-03T06:01:42.9419223Z [=========                              ] 23% Downloading android-ndk-r27c-linux
2026-10-03T06:01:43.1601328Z [=========                              ] 24% Downloading android-ndk-r27c-linux
2026-10-03T06:01:43.4363545Z [=========                              ] 25% Downloading android-ndk-r27c-linux
2026-10-03T06:01:43.5275961Z [==========                             ] 25% Downloading android-ndk-r27c-linux
2026-10-03T06:01:43.8492115Z [==========                             ] 26% Downloading android-ndk-r27c-linux
2026-10-03T06:01:44.0274951Z [==========                             ] 27% Downloading android-ndk-r27c-linux
2026-10-03T06:01:44.2400681Z [===========                            ] 28% Downloading android-ndk-r27c-linux
2026-10-03T06:01:44.4012356Z [===========                            ] 29% Downloading android-ndk-r27c-linux
2026-10-03T06:01:44.4968456Z [===========                            ] 30% Downloading android-ndk-r27c-linux
2026-10-03T06:01:44.6473760Z [============                           ] 30% Downloading android-ndk-r27c-linux
2026-10-03T06:01:44.8469888Z [============                           ] 31% Downloading android-ndk-r27c-linux
2026-10-03T06:01:45.0095251Z [============                           ] 32% Downloading android-ndk-r27c-linux
2026-10-03T06:01:45.0099434Z [============                           ] 33% Downloading android-ndk-r27c-linux
2026-10-03T06:01:45.4458429Z [============                           ] 33% Unzipping...                      
2026-10-03T06:01:45.4459324Z [============                           ] 33% Unzipping... android-ndk-r27c/    
2026-10-03T06:01:45.4473325Z [============                           ] 33% Unzipping... android-ndk-r27c/READ
2026-10-03T06:01:45.4475876Z [=============                          ] 33% Unzipping... android-ndk-r27c/READ
2026-10-03T06:01:45.4496234Z [=============                          ] 33% Unzipping... android-ndk-r27c/meta
2026-10-03T06:01:45.6056478Z [=============                          ] 33% Unzipping... android-ndk-r27c/shad
2026-10-03T06:01:45.6083563Z [=============                          ] 33% Unzipping... android-ndk-r27c/ndk-
2026-10-03T06:01:45.6098232Z [=============                          ] 33% Unzipping... android-ndk-r27c/wrap
2026-10-03T06:01:45.6098890Z [=============                          ] 33% Unzipping... android-ndk-r27c/ndk-
2026-10-03T06:01:45.9090423Z [=============                          ] 33% Unzipping... android-ndk-r27c/tool
2026-10-03T06:01:46.7082603Z [=============                          ] 34% Unzipping... android-ndk-r27c/tool
2026-10-03T06:01:46.9134417Z [=============                          ] 35% Unzipping... android-ndk-r27c/tool
2026-10-03T06:01:47.0270853Z [==============                         ] 35% Unzipping... android-ndk-r27c/tool
2026-10-03T06:01:48.2874497Z [==============                         ] 36% Unzipping... android-ndk-r27c/tool
2026-10-03T06:01:48.8709814Z [==============                         ] 37% Unzipping... android-ndk-r27c/tool
2026-10-03T06:01:49.5044637Z [===============                        ] 38% Unzipping... android-ndk-r27c/tool
2026-10-03T06:01:50.1354302Z [===============                        ] 39% Unzipping... android-ndk-r27c/tool
2026-10-03T06:01:50.4160547Z [===============                        ] 40% Unzipping... android-ndk-r27c/tool
2026-10-03T06:01:50.8086755Z [================                       ] 40% Unzipping... android-ndk-r27c/tool
2026-10-03T06:01:51.4657060Z [================                       ] 41% Unzipping... android-ndk-r27c/tool
2026-10-03T06:01:52.0208002Z [================                       ] 42% Unzipping... android-ndk-r27c/tool
2026-10-03T06:01:52.9536863Z [=================                      ] 43% Unzipping... android-ndk-r27c/tool
2026-10-03T06:01:53.6745921Z [=================                      ] 44% Unzipping... android-ndk-r27c/tool
2026-10-03T06:01:54.2611158Z [=================                      ] 45% Unzipping... android-ndk-r27c/tool
2026-10-03T06:01:54.4226097Z [==================                     ] 45% Unzipping... android-ndk-r27c/tool
2026-10-03T06:01:54.9630145Z [==================                     ] 46% Unzipping... android-ndk-r27c/tool
2026-10-03T06:01:55.6917125Z [==================                     ] 47% Unzipping... android-ndk-r27c/tool
2026-10-03T06:01:56.2663926Z [===================                    ] 48% Unzipping... android-ndk-r27c/tool
2026-10-03T06:01:56.7985148Z [===================                    ] 49% Unzipping... android-ndk-r27c/tool
2026-10-03T06:01:56.9622814Z [===================                    ] 50% Unzipping... android-ndk-r27c/tool
2026-10-03T06:01:57.1342521Z [====================                   ] 50% Unzipping... android-ndk-r27c/tool
2026-10-03T06:01:58.3312176Z [====================                   ] 51% Unzipping... android-ndk-r27c/tool
2026-10-03T06:01:58.7762425Z [====================                   ] 52% Unzipping... android-ndk-r27c/tool
2026-10-03T06:01:59.5756471Z [=====================                  ] 53% Unzipping... android-ndk-r27c/tool
2026-10-03T06:01:59.8864467Z [=====================                  ] 54% Unzipping... android-ndk-r27c/tool
2026-10-03T06:01:59.9704667Z [=====================                  ] 54% Unzipping... android-ndk-r27c/buil
2026-10-03T06:02:00.1819191Z [=====================                  ] 54% Unzipping... android-ndk-r27c/sour
2026-10-03T06:02:00.1836953Z [=====================                  ] 54% Unzipping... android-ndk-r27c/NOTI
2026-10-03T06:02:00.1837890Z [=====================                  ] 54% Unzipping... android-ndk-r27c/ndk-
2026-10-03T06:02:00.1848741Z [=====================                  ] 54% Unzipping... android-ndk-r27c/NOTI
2026-10-03T06:02:00.1873751Z [=====================                  ] 54% Unzipping... android-ndk-r27c/pyth
2026-10-03T06:02:00.2208870Z [=====================                  ] 54% Unzipping... android-ndk-r27c/preb
2026-10-03T06:02:00.2210483Z [=====================                  ] 54% Unzipping... android-ndk-r27c/ndk-
2026-10-03T06:02:00.2211469Z [=====================                  ] 54% Unzipping... android-ndk-r27c/sour
2026-10-03T06:02:00.2859151Z [=====================                  ] 54% Unzipping... android-ndk-r27c/simp
2026-10-03T06:02:00.4052288Z [=====================                  ] 55% Unzipping... android-ndk-r27c/simp
2026-10-03T06:02:00.5061949Z [=====================                  ] 55% Unzipping... android-ndk-r27c/CHAN
2026-10-03T06:02:00.5062534Z [=======================================] 100% Unzipping... android-ndk-r27c/CHA
2026-10-03T06:02:00.9559658Z 
2026-10-03T06:02:01.0304498Z ##[group]Run actions/cache@v4
2026-10-03T06:02:01.0304726Z with:
2026-10-03T06:02:01.0304903Z   path: app/build/sherpa-native
2026-10-03T06:02:01.0305284Z   key: sherpa-arm64-137-Linux-78f25eb476df0e866c0747850a0401239fded60921575ed32431811002e601c0
2026-10-03T06:02:01.0305685Z   enableCrossOsArchive: false
2026-10-03T06:02:01.0305898Z   fail-on-cache-miss: false
2026-10-03T06:02:01.0306093Z   lookup-only: false
2026-10-03T06:02:01.0306293Z   save-always: false
2026-10-03T06:02:01.0306464Z env:
2026-10-03T06:02:01.0306707Z   JAVA_HOME: /opt/hostedtoolcache/Java_Temurin-Hotspot_jdk/21.0.12-1/x64
2026-10-03T06:02:01.0307093Z   JAVA_HOME_21_X64: /opt/hostedtoolcache/Java_Temurin-Hotspot_jdk/21.0.12-1/x64
2026-10-03T06:02:01.0307671Z ##[endgroup]
2026-10-03T06:02:01.1130238Z (node:2276) [DEP0040] DeprecationWarning: The `punycode` module is deprecated. Please use a userland alternative instead.
2026-10-03T06:02:01.1131046Z (Use `node --trace-deprecation ...` to show where the warning was created)
2026-10-03T06:02:01.2077034Z Cache not found for input keys: sherpa-arm64-137-Linux-78f25eb476df0e866c0747850a0401239fded60921575ed32431811002e601c0
2026-10-03T06:02:01.2253131Z ##[group]Run gradle/actions/setup-gradle@v4
2026-10-03T06:02:01.2253381Z with:
2026-10-03T06:02:01.2253565Z   gradle-version: 8.10.2
2026-10-03T06:02:01.2253760Z   cache-disabled: false
2026-10-03T06:02:01.2253951Z   cache-read-only: true
2026-10-03T06:02:01.2254150Z   cache-write-only: false
2026-10-03T06:02:01.2254363Z   cache-overwrite-existing: false
2026-10-03T06:02:01.2254582Z   cache-cleanup: on-success
2026-10-03T06:02:01.2254824Z   gradle-home-cache-includes: caches
notifications

2026-10-03T06:02:01.2255091Z   add-job-summary: always
2026-10-03T06:02:01.2255300Z   add-job-summary-as-pr-comment: never
2026-10-03T06:02:01.2255536Z   dependency-graph: disabled
2026-10-03T06:02:01.2255792Z   dependency-graph-report-dir: dependency-graph-reports
2026-10-03T06:02:01.2256086Z   dependency-graph-continue-on-failure: true
2026-10-03T06:02:01.2256329Z   build-scan-publish: false
2026-10-03T06:02:01.2256535Z   validate-wrappers: true
2026-10-03T06:02:01.2256791Z   allow-snapshot-wrappers: false
2026-10-03T06:02:01.2257021Z   gradle-home-cache-strict-match: false
2026-10-03T06:02:01.2257252Z   workflow-job-context: null
2026-10-03T06:02:01.2259477Z   github-token: ***
2026-10-03T06:02:01.2259659Z env:
2026-10-03T06:02:01.2259904Z   JAVA_HOME: /opt/hostedtoolcache/Java_Temurin-Hotspot_jdk/21.0.12-1/x64
2026-10-03T06:02:01.2260307Z   JAVA_HOME_21_X64: /opt/hostedtoolcache/Java_Temurin-Hotspot_jdk/21.0.12-1/x64
2026-10-03T06:02:01.2260610Z ##[endgroup]
2026-10-03T06:02:01.4815584Z Merged default JDK locations into /home/runner/.m2/toolchains.xml
2026-10-03T06:02:01.4818099Z ##[group]Restore Gradle state from cache
2026-10-03T06:02:01.5809260Z Cache hit for restore-key: gradle-home-v1|Linux-X64|build-release[950eaec8589fb4acbb839cd2eb2eeef7]-780c40c4d70ac3171a673b22491dc3a703f16d55
2026-10-03T06:02:01.7712335Z Received 8975 of 8975 (100.0%), 0.1 MBs/sec
2026-10-03T06:02:01.7713311Z Cache Size: ~0 MB (8975 B)
2026-10-03T06:02:01.7738133Z [command]/usr/bin/tar -xf /home/runner/work/_temp/c8256b9a-2728-4862-bc6b-11741523d681/cache.tzst -P -C /home/runner/work/Jarvis-OS-V2/Jarvis-OS-V2 --use-compress-program unzstd
2026-10-03T06:02:01.7806909Z Cache restored successfully
2026-10-03T06:02:01.7811340Z Restored cache entry with key gradle-home-v1|Linux-X64|build-release[950eaec8589fb4acbb839cd2eb2eeef7]-7173b4818114624fb72da6aa72903319778c3049 to /home/runner/.gradle/caches,/home/runner/.gradle/notifications,/home/runner/.gradle/.setup-gradle in 298ms
2026-10-03T06:02:01.8774650Z Cache hit for: gradle-groovy-dsl-v1-61a76c5b6d5e4b5c4e7b8de115d50879
2026-10-03T06:02:01.8780312Z Cache hit for: gradle-instrumented-jars-v1-3a8bc95e5f3fc33f7559043af89006e9
2026-10-03T06:02:01.9703577Z Received 70743 of 70743 (100.0%), 1.0 MBs/sec
2026-10-03T06:02:01.9704253Z Cache Size: ~0 MB (70743 B)
2026-10-03T06:02:01.9720543Z [command]/usr/bin/tar -xf /home/runner/work/_temp/ee181e82-8025-4945-aac3-fafee4dc333f/cache.tzst -P -C /home/runner/work/Jarvis-OS-V2/Jarvis-OS-V2 --use-compress-program unzstd
2026-10-03T06:02:01.9805447Z Cache restored successfully
2026-10-03T06:02:01.9807855Z Restored cache entry with key gradle-instrumented-jars-v1-3a8bc95e5f3fc33f7559043af89006e9 to /home/runner/.gradle/caches/jars-*/*/ in 199ms
2026-10-03T06:02:02.0992476Z Received 109261 of 109261 (100.0%), 0.7 MBs/sec
2026-10-03T06:02:02.0992922Z Cache Size: ~0 MB (109261 B)
2026-10-03T06:02:02.1009025Z [command]/usr/bin/tar -xf /home/runner/work/_temp/df41ece9-0e27-43bb-b0ff-b54ec72eac4e/cache.tzst -P -C /home/runner/work/Jarvis-OS-V2/Jarvis-OS-V2 --use-compress-program unzstd
2026-10-03T06:02:02.1119425Z Cache restored successfully
2026-10-03T06:02:02.1121159Z Restored cache entry with key gradle-groovy-dsl-v1-61a76c5b6d5e4b5c4e7b8de115d50879 to /home/runner/.gradle/caches/*/groovy-dsl/*/ in 331ms
2026-10-03T06:02:02.1170106Z ##[endgroup]
2026-10-03T06:02:02.1274308Z ##[group]All Gradle Wrapper jars are valid
2026-10-03T06:02:02.1274804Z 
2026-10-03T06:02:02.1275105Z ##[endgroup]
2026-10-03T06:02:02.1812295Z ##[group]Provision Gradle 8.10.2
2026-10-03T06:02:05.8753775Z Cache hit for: gradle-8.10.2
2026-10-03T06:02:06.9721616Z Received 134217728 of 136494016 (98.3%), 127.9 MBs/sec
2026-10-03T06:02:06.9917074Z Received 136494016 of 136494016 (100.0%), 127.5 MBs/sec
2026-10-03T06:02:06.9919590Z Cache Size: ~130 MB (136494016 B)
2026-10-03T06:02:06.9939519Z [command]/usr/bin/tar -xf /home/runner/work/_temp/891c2fbe-642c-4ae3-b432-eeb2061fd7c9/cache.tzst -P -C /home/runner/work/Jarvis-OS-V2/Jarvis-OS-V2 --use-compress-program unzstd
2026-10-03T06:02:07.1269338Z Cache restored successfully
2026-10-03T06:02:07.1321480Z Restored Gradle distribution gradle-8.10.2 from cache to /home/runner/work/_temp/.gradle-actions/gradle-installations/downloads/gradle-8.10.2-bin.zip
2026-10-03T06:02:07.1334929Z [command]/usr/bin/unzip -o -q /home/runner/work/_temp/.gradle-actions/gradle-installations/downloads/gradle-8.10.2-bin.zip
2026-10-03T06:02:07.9671068Z Extracted Gradle 8.10.2 to /home/runner/work/_temp/.gradle-actions/gradle-installations/installs/gradle-8.10.2
2026-10-03T06:02:07.9672464Z Provisioned Gradle executable /home/runner/work/_temp/.gradle-actions/gradle-installations/installs/gradle-8.10.2/bin/gradle
2026-10-03T06:02:07.9673514Z ##[endgroup]
2026-10-03T06:02:07.9800113Z ##[group]Run cmake -S app/src/main/cpp/microwakeword -B /tmp/keyword-native -DCMAKE_BUILD_TYPE=Release
2026-10-03T06:02:07.9800763Z [36;1mcmake -S app/src/main/cpp/microwakeword -B /tmp/keyword-native -DCMAKE_BUILD_TYPE=Release[0m
2026-10-03T06:02:07.9801223Z [36;1mcmake --build /tmp/keyword-native --parallel 2[0m
2026-10-03T06:02:07.9801637Z [36;1mpython3 scripts/check_keyword_models.py /tmp/keyword-native/microwakeword_test[0m
2026-10-03T06:02:07.9857465Z shell: /usr/bin/bash -e {0}
2026-10-03T06:02:07.9857703Z env:
2026-10-03T06:02:07.9857993Z   JAVA_HOME: /opt/hostedtoolcache/Java_Temurin-Hotspot_jdk/21.0.12-1/x64
2026-10-03T06:02:07.9858433Z   JAVA_HOME_21_X64: /opt/hostedtoolcache/Java_Temurin-Hotspot_jdk/21.0.12-1/x64
2026-10-03T06:02:07.9858800Z   GRADLE_ACTION_ID: gradle/actions/setup-gradle
2026-10-03T06:02:07.9859074Z   GRADLE_USER_HOME: /home/runner/.gradle
2026-10-03T06:02:07.9859332Z   GRADLE_BUILD_ACTION_SETUP_COMPLETED: true
2026-10-03T06:02:07.9859641Z   GRADLE_BUILD_ACTION_CACHE_RESTORED: true
2026-10-03T06:02:07.9860010Z   DEVELOCITY_INJECTION_INIT_SCRIPT_NAME: gradle-actions.inject-develocity.init.gradle
2026-10-03T06:02:07.9860577Z   DEVELOCITY_INJECTION_CUSTOM_VALUE: gradle-actions
2026-10-03T06:02:07.9860864Z   GITHUB_DEPENDENCY_GRAPH_ENABLED: false
2026-10-03T06:02:07.9861107Z ##[endgroup]
2026-10-03T06:02:08.1461252Z -- The C compiler identification is GNU 13.3.0
2026-10-03T06:02:08.2322500Z -- The CXX compiler identification is GNU 13.3.0
2026-10-03T06:02:08.2439042Z -- Detecting C compiler ABI info
2026-10-03T06:02:08.2976536Z -- Detecting C compiler ABI info - done
2026-10-03T06:02:08.3105420Z -- Check for working C compiler: /usr/bin/cc - skipped
2026-10-03T06:02:08.3110553Z -- Detecting C compile features
2026-10-03T06:02:08.3116314Z -- Detecting C compile features - done
2026-10-03T06:02:08.3216294Z -- Detecting CXX compiler ABI info
2026-10-03T06:02:08.3734795Z -- Detecting CXX compiler ABI info - done
2026-10-03T06:02:08.3867686Z -- Check for working CXX compiler: /usr/bin/c++ - skipped
2026-10-03T06:02:08.3870613Z -- Detecting CXX compile features
2026-10-03T06:02:08.3875654Z -- Detecting CXX compile features - done
2026-10-03T06:02:08.4885755Z CMake Warning (dev) at /usr/local/share/cmake-3.31/Modules/FetchContent.cmake:1373 (message):
2026-10-03T06:02:08.4886283Z   The DOWNLOAD_EXTRACT_TIMESTAMP option was not given and policy CMP0135 is
2026-10-03T06:02:08.4886697Z   not set.  The policy's OLD behavior will be used.  When using a URL
2026-10-03T06:02:08.4887099Z   download, the timestamps of extracted files should preferably be that of
2026-10-03T06:02:08.4887711Z   the time of extraction, otherwise code that depends on the extracted
2026-10-03T06:02:08.4888109Z   contents might not be rebuilt if the URL changes.  The OLD behavior
2026-10-03T06:02:08.4888746Z   preserves the timestamps from the archive instead, but this is usually not
2026-10-03T06:02:08.4889343Z   what you want.  Update your project to the NEW behavior or specify the
2026-10-03T06:02:08.4889912Z   DOWNLOAD_EXTRACT_TIMESTAMP option with a value of true to avoid this
2026-10-03T06:02:08.4890361Z   robustness issue.
2026-10-03T06:02:08.4890648Z Call Stack (most recent call first):
2026-10-03T06:02:08.4890990Z   CMakeLists.txt:14 (FetchContent_Declare)
2026-10-03T06:02:08.4891461Z This warning is for project developers.  Use -Wno-dev to suppress it.
2026-10-03T06:02:08.4891782Z 
2026-10-03T06:02:08.4892105Z CMake Warning (dev) at /usr/local/share/cmake-3.31/Modules/FetchContent.cmake:1373 (message):
2026-10-03T06:02:08.4892850Z   The DOWNLOAD_EXTRACT_TIMESTAMP option was not given and policy CMP0135 is
2026-10-03T06:02:08.4893489Z   not set.  The policy's OLD behavior will be used.  When using a URL
2026-10-03T06:02:08.4894100Z   download, the timestamps of extracted files should preferably be that of
2026-10-03T06:02:08.4894735Z   the time of extraction, otherwise code that depends on the extracted
2026-10-03T06:02:08.4895644Z   contents might not be rebuilt if the URL changes.  The OLD behavior
2026-10-03T06:02:08.4896064Z   preserves the timestamps from the archive instead, but this is usually not
2026-10-03T06:02:08.4896486Z   what you want.  Update your project to the NEW behavior or specify the
2026-10-03T06:02:08.4897015Z   DOWNLOAD_EXTRACT_TIMESTAMP option with a value of true to avoid this
2026-10-03T06:02:08.4897423Z   robustness issue.
2026-10-03T06:02:08.4897730Z Call Stack (most recent call first):
2026-10-03T06:02:08.4897994Z   CMakeLists.txt:28 (FetchContent_Declare)
2026-10-03T06:02:08.4898326Z This warning is for project developers.  Use -Wno-dev to suppress it.
2026-10-03T06:02:08.4898571Z 
2026-10-03T06:02:08.4898808Z CMake Warning (dev) at /usr/local/share/cmake-3.31/Modules/FetchContent.cmake:1373 (message):
2026-10-03T06:02:08.4899277Z   The DOWNLOAD_EXTRACT_TIMESTAMP option was not given and policy CMP0135 is
2026-10-03T06:02:08.4899662Z   not set.  The policy's OLD behavior will be used.  When using a URL
2026-10-03T06:02:08.4900053Z   download, the timestamps of extracted files should preferably be that of
2026-10-03T06:02:08.4900589Z   the time of extraction, otherwise code that depends on the extracted
2026-10-03T06:02:08.4900963Z   contents might not be rebuilt if the URL changes.  The OLD behavior
2026-10-03T06:02:08.4901512Z   preserves the timestamps from the archive instead, but this is usually not
2026-10-03T06:02:08.4902092Z   what you want.  Update your project to the NEW behavior or specify the
2026-10-03T06:02:08.4902489Z   DOWNLOAD_EXTRACT_TIMESTAMP option with a value of true to avoid this
2026-10-03T06:02:08.4902800Z   robustness issue.
2026-10-03T06:02:08.4903013Z Call Stack (most recent call first):
2026-10-03T06:02:08.4903271Z   CMakeLists.txt:35 (FetchContent_Declare)
2026-10-03T06:02:08.4903601Z This warning is for project developers.  Use -Wno-dev to suppress it.
2026-10-03T06:02:08.4903824Z 
2026-10-03T06:02:08.4904042Z CMake Warning (dev) at /usr/local/share/cmake-3.31/Modules/FetchContent.cmake:1373 (message):
2026-10-03T06:02:08.4904517Z   The DOWNLOAD_EXTRACT_TIMESTAMP option was not given and policy CMP0135 is
2026-10-03T06:02:08.4904912Z   not set.  The policy's OLD behavior will be used.  When using a URL
2026-10-03T06:02:08.4905294Z   download, the timestamps of extracted files should preferably be that of
2026-10-03T06:02:08.4905741Z   the time of extraction, otherwise code that depends on the extracted
2026-10-03T06:02:08.4906273Z   contents might not be rebuilt if the URL changes.  The OLD behavior
2026-10-03T06:02:08.4906665Z   preserves the timestamps from the archive instead, but this is usually not
2026-10-03T06:02:08.4907065Z   what you want.  Update your project to the NEW behavior or specify the
2026-10-03T06:02:08.4907542Z   DOWNLOAD_EXTRACT_TIMESTAMP option with a value of true to avoid this
2026-10-03T06:02:08.4907853Z   robustness issue.
2026-10-03T06:02:08.4908061Z Call Stack (most recent call first):
2026-10-03T06:02:08.4908311Z   CMakeLists.txt:46 (FetchContent_Declare)
2026-10-03T06:02:08.4908634Z This warning is for project developers.  Use -Wno-dev to suppress it.
2026-10-03T06:02:08.4908859Z 
2026-10-03T06:02:08.4909088Z CMake Warning (dev) at /usr/local/share/cmake-3.31/Modules/FetchContent.cmake:1373 (message):
2026-10-03T06:02:08.4909542Z   The DOWNLOAD_EXTRACT_TIMESTAMP option was not given and policy CMP0135 is
2026-10-03T06:02:08.4909924Z   not set.  The policy's OLD behavior will be used.  When using a URL
2026-10-03T06:02:08.4910296Z   download, the timestamps of extracted files should preferably be that of
2026-10-03T06:02:08.4910680Z   the time of extraction, otherwise code that depends on the extracted
2026-10-03T06:02:08.4911042Z   contents might not be rebuilt if the URL changes.  The OLD behavior
2026-10-03T06:02:08.4911425Z   preserves the timestamps from the archive instead, but this is usually not
2026-10-03T06:02:08.4911819Z   what you want.  Update your project to the NEW behavior or specify the
2026-10-03T06:02:08.4912189Z   DOWNLOAD_EXTRACT_TIMESTAMP option with a value of true to avoid this
2026-10-03T06:02:08.4912624Z   robustness issue.
2026-10-03T06:02:08.4912832Z Call Stack (most recent call first):
2026-10-03T06:02:08.4913079Z   CMakeLists.txt:53 (FetchContent_Declare)
2026-10-03T06:02:08.4913389Z This warning is for project developers.  Use -Wno-dev to suppress it.
2026-10-03T06:02:08.4913734Z 
2026-10-03T06:02:08.4913956Z CMake Warning (dev) at /usr/local/share/cmake-3.31/Modules/FetchContent.cmake:1953 (message):
2026-10-03T06:02:08.4914427Z   Calling FetchContent_Populate(kissfft) is deprecated, call
2026-10-03T06:02:08.4914824Z   FetchContent_MakeAvailable(kissfft) instead.  Policy CMP0169 can be set to
2026-10-03T06:02:08.4915246Z   OLD to allow FetchContent_Populate(kissfft) to be called directly for now,
2026-10-03T06:02:08.4915649Z   but the ability to call it with declared details will be removed completely
2026-10-03T06:02:08.4915966Z   in a future version.
2026-10-03T06:02:08.4916180Z Call Stack (most recent call first):
2026-10-03T06:02:08.4916440Z   CMakeLists.txt:64 (FetchContent_Populate)
2026-10-03T06:02:08.4916780Z This warning is for project developers.  Use -Wno-dev to suppress it.
2026-10-03T06:02:08.4917203Z 
2026-10-03T06:02:09.2194050Z CMake Warning (dev) at /usr/local/share/cmake-3.31/Modules/FetchContent.cmake:1953 (message):
2026-10-03T06:02:09.2194834Z   Calling FetchContent_Populate(tflite_micro) is deprecated, call
2026-10-03T06:02:09.2195501Z   FetchContent_MakeAvailable(tflite_micro) instead.  Policy CMP0169 can be
2026-10-03T06:02:09.2196181Z   set to OLD to allow FetchContent_Populate(tflite_micro) to be called
2026-10-03T06:02:09.2196816Z   directly for now, but the ability to call it with declared details will be
2026-10-03T06:02:09.2197507Z   removed completely in a future version.
2026-10-03T06:02:09.2197913Z Call Stack (most recent call first):
2026-10-03T06:02:09.2198316Z   CMakeLists.txt:64 (FetchContent_Populate)
2026-10-03T06:02:09.2198849Z This warning is for project developers.  Use -Wno-dev to suppress it.
2026-10-03T06:02:09.2199216Z 
2026-10-03T06:02:10.7889725Z CMake Warning (dev) at /usr/local/share/cmake-3.31/Modules/FetchContent.cmake:1953 (message):
2026-10-03T06:02:10.7890253Z   Calling FetchContent_Populate(flatbuffers) is deprecated, call
2026-10-03T06:02:10.7890687Z   FetchContent_MakeAvailable(flatbuffers) instead.  Policy CMP0169 can be set
2026-10-03T06:02:10.7891117Z   to OLD to allow FetchContent_Populate(flatbuffers) to be called directly
2026-10-03T06:02:10.7891524Z   for now, but the ability to call it with declared details will be removed
2026-10-03T06:02:10.7891855Z   completely in a future version.
2026-10-03T06:02:10.7892107Z Call Stack (most recent call first):
2026-10-03T06:02:10.7892368Z   CMakeLists.txt:64 (FetchContent_Populate)
2026-10-03T06:02:10.7892708Z This warning is for project developers.  Use -Wno-dev to suppress it.
2026-10-03T06:02:10.7892938Z 
2026-10-03T06:02:11.6623194Z CMake Warning (dev) at /usr/local/share/cmake-3.31/Modules/FetchContent.cmake:1953 (message):
2026-10-03T06:02:11.6623726Z   Calling FetchContent_Populate(gemmlowp) is deprecated, call
2026-10-03T06:02:11.6624148Z   FetchContent_MakeAvailable(gemmlowp) instead.  Policy CMP0169 can be set to
2026-10-03T06:02:11.6624600Z   OLD to allow FetchContent_Populate(gemmlowp) to be called directly for now,
2026-10-03T06:02:11.6625014Z   but the ability to call it with declared details will be removed completely
2026-10-03T06:02:11.6625339Z   in a future version.
2026-10-03T06:02:11.6625562Z Call Stack (most recent call first):
2026-10-03T06:02:11.6625831Z   CMakeLists.txt:64 (FetchContent_Populate)
2026-10-03T06:02:11.6626180Z This warning is for project developers.  Use -Wno-dev to suppress it.
2026-10-03T06:02:11.6626417Z 
2026-10-03T06:02:12.2377855Z CMake Warning (dev) at /usr/local/share/cmake-3.31/Modules/FetchContent.cmake:1953 (message):
2026-10-03T06:02:12.2378363Z   Calling FetchContent_Populate(ruy) is deprecated, call
2026-10-03T06:02:12.2378777Z   FetchContent_MakeAvailable(ruy) instead.  Policy CMP0169 can be set to OLD
2026-10-03T06:02:12.2379548Z   to allow FetchContent_Populate(ruy) to be called directly for now, but the
2026-10-03T06:02:12.2380112Z   ability to call it with declared details will be removed completely in a
2026-10-03T06:02:12.2380535Z   future version.
2026-10-03T06:02:12.2380817Z Call Stack (most recent call first):
2026-10-03T06:02:12.2381172Z   CMakeLists.txt:64 (FetchContent_Populate)
2026-10-03T06:02:12.2381650Z This warning is for project developers.  Use -Wno-dev to suppress it.
2026-10-03T06:02:12.2381972Z 
2026-10-03T06:02:12.6311172Z -- Configuring done (4.6s)
2026-10-03T06:02:12.6460608Z -- Generating done (0.0s)
2026-10-03T06:02:12.6463043Z -- Build files have been written to: /tmp/keyword-native
2026-10-03T06:02:12.6659457Z [  1%] Building CXX object CMakeFiles/tflite_micro_frontend.dir/_deps/tflite_micro-src/tensorflow/lite/experimental/microfrontend/lib/fft.cc.o
2026-10-03T06:02:12.6687750Z [  2%] Building CXX object CMakeFiles/tflite_micro_interpreter.dir/_deps/tflite_micro-src/tensorflow/lite/micro/micro_interpreter.cc.o
2026-10-03T06:02:12.8584345Z [  3%] Building CXX object CMakeFiles/tflite_micro_frontend.dir/_deps/tflite_micro-src/tensorflow/lite/experimental/microfrontend/lib/fft_util.cc.o
2026-10-03T06:02:12.9703282Z [  4%] Building CXX object CMakeFiles/tflite_micro_frontend.dir/_deps/tflite_micro-src/tensorflow/lite/experimental/microfrontend/lib/kiss_fft_int16.cc.o
2026-10-03T06:02:13.5023875Z [  5%] Building C object CMakeFiles/tflite_micro_frontend.dir/_deps/tflite_micro-src/tensorflow/lite/experimental/microfrontend/lib/filterbank.c.o
2026-10-03T06:02:13.6011394Z [  6%] Building C object CMakeFiles/tflite_micro_frontend.dir/_deps/tflite_micro-src/tensorflow/lite/experimental/microfrontend/lib/filterbank_util.c.o
2026-10-03T06:02:13.6800757Z [  7%] Building C object CMakeFiles/tflite_micro_frontend.dir/_deps/tflite_micro-src/tensorflow/lite/experimental/microfrontend/lib/frontend.c.o
2026-10-03T06:02:13.7045058Z [  8%] Building C object CMakeFiles/tflite_micro_frontend.dir/_deps/tflite_micro-src/tensorflow/lite/experimental/microfrontend/lib/frontend_util.c.o
2026-10-03T06:02:13.8620380Z [  9%] Building C object CMakeFiles/tflite_micro_frontend.dir/_deps/tflite_micro-src/tensorflow/lite/experimental/microfrontend/lib/log_lut.c.o
2026-10-03T06:02:13.8722117Z [ 10%] Building C object CMakeFiles/tflite_micro_frontend.dir/_deps/tflite_micro-src/tensorflow/lite/experimental/microfrontend/lib/log_scale.c.o
2026-10-03T06:02:13.9078759Z [ 11%] Building C object CMakeFiles/tflite_micro_frontend.dir/_deps/tflite_micro-src/tensorflow/lite/experimental/microfrontend/lib/log_scale_util.c.o
2026-10-03T06:02:13.9270750Z [ 12%] Building C object CMakeFiles/tflite_micro_frontend.dir/_deps/tflite_micro-src/tensorflow/lite/experimental/microfrontend/lib/noise_reduction.c.o
2026-10-03T06:02:13.9532987Z [ 13%] Building C object CMakeFiles/tflite_micro_frontend.dir/_deps/tflite_micro-src/tensorflow/lite/experimental/microfrontend/lib/noise_reduction_util.c.o
2026-10-03T06:02:13.9782476Z [ 14%] Building C object CMakeFiles/tflite_micro_frontend.dir/_deps/tflite_micro-src/tensorflow/lite/experimental/microfrontend/lib/pcan_gain_control.c.o
2026-10-03T06:02:14.1422521Z [ 15%] Building C object CMakeFiles/tflite_micro_frontend.dir/_deps/tflite_micro-src/tensorflow/lite/experimental/microfrontend/lib/pcan_gain_control_util.c.o
2026-10-03T06:02:14.1800720Z [ 16%] Building C object CMakeFiles/tflite_micro_frontend.dir/_deps/tflite_micro-src/tensorflow/lite/experimental/microfrontend/lib/window.c.o
2026-10-03T06:02:14.4112658Z [ 17%] Building C object CMakeFiles/tflite_micro_frontend.dir/_deps/tflite_micro-src/tensorflow/lite/experimental/microfrontend/lib/window_util.c.o
2026-10-03T06:02:14.4468237Z [ 18%] Linking CXX static library libtflite_micro_frontend.a
2026-10-03T06:02:14.7035000Z [ 19%] Building CXX object CMakeFiles/tflite_micro_interpreter.dir/_deps/tflite_micro-src/tensorflow/lite/micro/micro_allocator.cc.o
2026-10-03T06:02:16.6272880Z [ 20%] Building CXX object CMakeFiles/tflite_micro_interpreter.dir/_deps/tflite_micro-src/tensorflow/lite/micro/micro_context.cc.o
2026-10-03T06:02:18.3869660Z [ 21%] Building CXX object CMakeFiles/tflite_micro_interpreter.dir/_deps/tflite_micro-src/tensorflow/lite/micro/micro_op_resolver.cc.o
2026-10-03T06:02:19.9570300Z [ 22%] Building CXX object CMakeFiles/tflite_micro_interpreter.dir/_deps/tflite_micro-src/tensorflow/lite/micro/micro_utils.cc.o
2026-10-03T06:02:21.5957244Z [ 23%] Building CXX object CMakeFiles/tflite_micro_interpreter.dir/_deps/tflite_micro-src/tensorflow/lite/micro/micro_log.cc.o
2026-10-03T06:02:21.6182591Z [ 24%] Building CXX object CMakeFiles/tflite_micro_interpreter.dir/_deps/tflite_micro-src/tensorflow/lite/micro/flatbuffer_utils.cc.o
2026-10-03T06:02:23.3982268Z [ 25%] Building CXX object CMakeFiles/tflite_micro_interpreter.dir/_deps/tflite_micro-src/tensorflow/lite/micro/memory_helpers.cc.o
2026-10-03T06:02:25.0058554Z [ 26%] Building CXX object CMakeFiles/tflite_micro_interpreter.dir/_deps/tflite_micro-src/tensorflow/lite/micro/micro_allocation_info.cc.o
2026-10-03T06:02:25.8466132Z [ 26%] Built target tflite_micro_frontend
2026-10-03T06:02:25.8485612Z [ 27%] Building CXX object CMakeFiles/tflite_micro_interpreter.dir/_deps/tflite_micro-src/tensorflow/lite/micro/micro_interpreter_context.cc.o
2026-10-03T06:02:26.9152432Z [ 28%] Building CXX object CMakeFiles/tflite_micro_interpreter.dir/_deps/tflite_micro-src/tensorflow/lite/micro/micro_interpreter_graph.cc.o
2026-10-03T06:02:27.7199876Z [ 29%] Building CXX object CMakeFiles/tflite_micro_interpreter.dir/_deps/tflite_micro-src/tensorflow/lite/micro/micro_resource_variable.cc.o
2026-10-03T06:02:28.8513545Z [ 30%] Building CXX object CMakeFiles/tflite_micro_interpreter.dir/_deps/tflite_micro-src/tensorflow/lite/micro/micro_profiler.cc.o
2026-10-03T06:02:29.0344392Z [ 31%] Building CXX object CMakeFiles/tflite_micro_interpreter.dir/_deps/tflite_micro-src/tensorflow/lite/micro/micro_time.cc.o
2026-10-03T06:02:29.0510809Z [ 32%] Building CXX object CMakeFiles/tflite_micro_interpreter.dir/_deps/tflite_micro-src/tensorflow/lite/micro/system_setup.cc.o
2026-10-03T06:02:29.0635542Z [ 33%] Building CXX object CMakeFiles/tflite_micro_interpreter.dir/_deps/tflite_micro-src/tensorflow/lite/micro/fake_micro_context.cc.o
2026-10-03T06:02:29.5825862Z [ 34%] Building CXX object CMakeFiles/tflite_micro_interpreter.dir/_deps/tflite_micro-src/tensorflow/lite/micro/debug_log.cc.o
2026-10-03T06:02:29.6046532Z [ 35%] Building CXX object CMakeFiles/tflite_micro_interpreter.dir/_deps/tflite_micro-src/tensorflow/lite/micro/arena_allocator/single_arena_buffer_allocator.cc.o
2026-10-03T06:02:30.8989152Z [ 36%] Building CXX object CMakeFiles/tflite_micro_interpreter.dir/_deps/tflite_micro-src/tensorflow/lite/micro/arena_allocator/non_persistent_arena_buffer_allocator.cc.o
2026-10-03T06:02:31.2980035Z [ 37%] Building CXX object CMakeFiles/tflite_micro_interpreter.dir/_deps/tflite_micro-src/tensorflow/lite/micro/arena_allocator/persistent_arena_buffer_allocator.cc.o
2026-10-03T06:02:32.5538093Z [ 38%] Building CXX object CMakeFiles/tflite_micro_interpreter.dir/_deps/tflite_micro-src/tensorflow/lite/micro/memory_planner/greedy_memory_planner.cc.o
2026-10-03T06:02:32.7428129Z [ 39%] Building CXX object CMakeFiles/tflite_micro_interpreter.dir/_deps/tflite_micro-src/tensorflow/lite/micro/memory_planner/linear_memory_planner.cc.o
2026-10-03T06:02:32.7806873Z [ 40%] Building CXX object CMakeFiles/tflite_micro_interpreter.dir/_deps/tflite_micro-src/tensorflow/lite/micro/memory_planner/non_persistent_buffer_planner_shim.cc.o
2026-10-03T06:02:32.9014130Z [ 41%] Building CXX object CMakeFiles/tflite_micro_interpreter.dir/_deps/tflite_micro-src/tensorflow/lite/micro/tflite_bridge/micro_error_reporter.cc.o
2026-10-03T06:02:32.9229367Z [ 42%] Building CXX object CMakeFiles/tflite_micro_interpreter.dir/_deps/tflite_micro-src/tensorflow/lite/micro/tflite_bridge/flatbuffer_conversions_bridge.cc.o
2026-10-03T06:02:32.9367505Z [ 43%] Building CXX object CMakeFiles/tflite_micro_interpreter.dir/_deps/tflite_micro-src/tensorflow/compiler/mlir/lite/core/api/error_reporter.cc.o
2026-10-03T06:02:32.9556212Z [ 44%] Building CXX object CMakeFiles/tflite_micro_interpreter.dir/_deps/tflite_micro-src/tensorflow/lite/core/c/common.cc.o
2026-10-03T06:02:33.0044482Z [ 45%] Building CXX object CMakeFiles/tflite_micro_interpreter.dir/_deps/tflite_micro-src/tensorflow/lite/core/api/flatbuffer_conversions.cc.o
2026-10-03T06:02:34.5592218Z [ 46%] Building CXX object CMakeFiles/tflite_micro_interpreter.dir/_deps/tflite_micro-src/tensorflow/lite/core/api/tensor_utils.cc.o
2026-10-03T06:02:34.5912590Z [ 47%] Building CXX object CMakeFiles/tflite_micro_interpreter.dir/_deps/tflite_micro-src/tensorflow/lite/kernels/kernel_util.cc.o
2026-10-03T06:02:34.9388105Z [ 48%] Building CXX object CMakeFiles/tflite_micro_interpreter.dir/_deps/tflite_micro-src/tensorflow/lite/kernels/internal/common.cc.o
2026-10-03T06:02:35.1475954Z [ 49%] Building CXX object CMakeFiles/tflite_micro_interpreter.dir/_deps/tflite_micro-src/tensorflow/lite/kernels/internal/quantization_util.cc.o
2026-10-03T06:02:35.3056243Z [ 50%] Building CXX object CMakeFiles/tflite_micro_interpreter.dir/_deps/tflite_micro-src/tensorflow/lite/kernels/internal/portable_tensor_utils.cc.o
2026-10-03T06:02:35.5092706Z [ 51%] Building CXX object CMakeFiles/tflite_micro_interpreter.dir/_deps/tflite_micro-src/tensorflow/lite/kernels/internal/tensor_ctypes.cc.o
2026-10-03T06:02:35.6088303Z [ 52%] Building CXX object CMakeFiles/tflite_micro_interpreter.dir/_deps/tflite_micro-src/tensorflow/lite/kernels/internal/runtime_shape.cc.o
2026-10-03T06:02:35.6319148Z [ 53%] Building CXX object CMakeFiles/tflite_micro_interpreter.dir/_deps/tflite_micro-src/tensorflow/lite/kernels/internal/reference/portable_tensor_utils.cc.o
2026-10-03T06:02:35.8590104Z [ 54%] Building CXX object CMakeFiles/tflite_micro_interpreter.dir/_deps/tflite_micro-src/tensorflow/compiler/mlir/lite/schema/schema_utils.cc.o
2026-10-03T06:02:36.4848664Z [ 55%] Building CXX object CMakeFiles/tflite_micro_interpreter.dir/_deps/tflite_micro-src/tensorflow/lite/micro/kernels/conv.cc.o
2026-10-03T06:02:37.5771458Z [ 56%] Building CXX object CMakeFiles/tflite_micro_interpreter.dir/_deps/tflite_micro-src/tensorflow/lite/micro/kernels/conv_common.cc.o
2026-10-03T06:02:38.5806201Z [ 57%] Building CXX object CMakeFiles/tflite_micro_interpreter.dir/_deps/tflite_micro-src/tensorflow/lite/micro/kernels/depthwise_conv.cc.o
2026-10-03T06:02:39.4347816Z [ 58%] Building CXX object CMakeFiles/tflite_micro_interpreter.dir/_deps/tflite_micro-src/tensorflow/lite/micro/kernels/depthwise_conv_common.cc.o
2026-10-03T06:02:40.6708966Z [ 59%] Building CXX object CMakeFiles/tflite_micro_interpreter.dir/_deps/tflite_micro-src/tensorflow/lite/micro/kernels/fully_connected.cc.o
2026-10-03T06:02:41.3450531Z [ 60%] Building CXX object CMakeFiles/tflite_micro_interpreter.dir/_deps/tflite_micro-src/tensorflow/lite/micro/kernels/fully_connected_common.cc.o
2026-10-03T06:02:42.7558978Z [ 61%] Building CXX object CMakeFiles/tflite_micro_interpreter.dir/_deps/tflite_micro-src/tensorflow/lite/micro/kernels/pooling.cc.o
2026-10-03T06:02:43.2142695Z [ 62%] Building CXX object CMakeFiles/tflite_micro_interpreter.dir/_deps/tflite_micro-src/tensorflow/lite/micro/kernels/pooling_common.cc.o
2026-10-03T06:02:44.7104214Z [ 63%] Building CXX object CMakeFiles/tflite_micro_interpreter.dir/_deps/tflite_micro-src/tensorflow/lite/micro/kernels/reshape.cc.o
2026-10-03T06:02:45.1659067Z [ 64%] Building CXX object CMakeFiles/tflite_micro_interpreter.dir/_deps/tflite_micro-src/tensorflow/lite/micro/kernels/reshape_common.cc.o
2026-10-03T06:02:46.5314598Z [ 65%] Building CXX object CMakeFiles/tflite_micro_interpreter.dir/_deps/tflite_micro-src/tensorflow/lite/micro/kernels/softmax.cc.o
2026-10-03T06:02:47.0086261Z [ 66%] Building CXX object CMakeFiles/tflite_micro_interpreter.dir/_deps/tflite_micro-src/tensorflow/lite/micro/kernels/softmax_common.cc.o
2026-10-03T06:02:48.5764470Z [ 67%] Building CXX object CMakeFiles/tflite_micro_interpreter.dir/_deps/tflite_micro-src/tensorflow/lite/micro/kernels/logistic.cc.o
2026-10-03T06:02:48.8903643Z [ 68%] Building CXX object CMakeFiles/tflite_micro_interpreter.dir/_deps/tflite_micro-src/tensorflow/lite/micro/kernels/logistic_common.cc.o
2026-10-03T06:02:50.5205732Z [ 69%] Building CXX object CMakeFiles/tflite_micro_interpreter.dir/_deps/tflite_micro-src/tensorflow/lite/micro/kernels/add.cc.o
2026-10-03T06:02:50.7810096Z [ 70%] Building CXX object CMakeFiles/tflite_micro_interpreter.dir/_deps/tflite_micro-src/tensorflow/lite/micro/kernels/add_common.cc.o
2026-10-03T06:02:52.6252239Z [ 71%] Building CXX object CMakeFiles/tflite_micro_interpreter.dir/_deps/tflite_micro-src/tensorflow/lite/micro/kernels/mul.cc.o
2026-10-03T06:02:52.8468042Z [ 72%] Building CXX object CMakeFiles/tflite_micro_interpreter.dir/_deps/tflite_micro-src/tensorflow/lite/micro/kernels/mul_common.cc.o
2026-10-03T06:02:54.4859388Z [ 73%] Building CXX object CMakeFiles/tflite_micro_interpreter.dir/_deps/tflite_micro-src/tensorflow/lite/micro/kernels/quantize.cc.o
2026-10-03T06:02:55.0266404Z [ 74%] Building CXX object CMakeFiles/tflite_micro_interpreter.dir/_deps/tflite_micro-src/tensorflow/lite/micro/kernels/quantize_common.cc.o
2026-10-03T06:02:56.3186736Z [ 75%] Building CXX object CMakeFiles/tflite_micro_interpreter.dir/_deps/tflite_micro-src/tensorflow/lite/micro/kernels/dequantize.cc.o
2026-10-03T06:02:56.9469399Z [ 76%] Building CXX object CMakeFiles/tflite_micro_interpreter.dir/_deps/tflite_micro-src/tensorflow/lite/micro/kernels/dequantize_common.cc.o
2026-10-03T06:02:58.2088902Z [ 77%] Building CXX object CMakeFiles/tflite_micro_interpreter.dir/_deps/tflite_micro-src/tensorflow/lite/micro/kernels/activations.cc.o
2026-10-03T06:02:58.8172228Z [ 78%] Building CXX object CMakeFiles/tflite_micro_interpreter.dir/_deps/tflite_micro-src/tensorflow/lite/micro/kernels/activations_common.cc.o
2026-10-03T06:03:00.1178816Z [ 79%] Building CXX object CMakeFiles/tflite_micro_interpreter.dir/_deps/tflite_micro-src/tensorflow/lite/micro/kernels/pad.cc.o
2026-10-03T06:03:00.7149978Z [ 80%] Building CXX object CMakeFiles/tflite_micro_interpreter.dir/_deps/tflite_micro-src/tensorflow/lite/micro/kernels/pad_common.cc.o
2026-10-03T06:03:02.1872257Z [ 81%] Building CXX object CMakeFiles/tflite_micro_interpreter.dir/_deps/tflite_micro-src/tensorflow/lite/micro/kernels/concatenation.cc.o
2026-10-03T06:03:02.5635426Z [ 82%] Building CXX object CMakeFiles/tflite_micro_interpreter.dir/_deps/tflite_micro-src/tensorflow/lite/micro/kernels/strided_slice.cc.o
2026-10-03T06:03:04.1933047Z [ 83%] Building CXX object CMakeFiles/tflite_micro_interpreter.dir/_deps/tflite_micro-src/tensorflow/lite/micro/kernels/strided_slice_common.cc.o
2026-10-03T06:03:04.9286677Z [ 84%] Building CXX object CMakeFiles/tflite_micro_interpreter.dir/_deps/tflite_micro-src/tensorflow/lite/micro/kernels/pack.cc.o
2026-10-03T06:03:06.1073272Z [ 85%] Building CXX object CMakeFiles/tflite_micro_interpreter.dir/_deps/tflite_micro-src/tensorflow/lite/micro/kernels/unpack.cc.o
2026-10-03T06:03:06.8501890Z [ 86%] Building CXX object CMakeFiles/tflite_micro_interpreter.dir/_deps/tflite_micro-src/tensorflow/lite/micro/kernels/kernel_util.cc.o
2026-10-03T06:03:08.0272973Z [ 87%] Building CXX object CMakeFiles/tflite_micro_interpreter.dir/_deps/tflite_micro-src/tensorflow/lite/micro/kernels/micro_tensor_utils.cc.o
2026-10-03T06:03:08.2493943Z [ 88%] Building CXX object CMakeFiles/tflite_micro_interpreter.dir/_deps/tflite_micro-src/tensorflow/lite/micro/kernels/call_once.cc.o
2026-10-03T06:03:08.7290494Z [ 89%] Building CXX object CMakeFiles/tflite_micro_interpreter.dir/_deps/tflite_micro-src/tensorflow/lite/micro/kernels/var_handle.cc.o
2026-10-03T06:03:10.0840315Z [ 90%] Building CXX object CMakeFiles/tflite_micro_interpreter.dir/_deps/tflite_micro-src/tensorflow/lite/micro/kernels/read_variable.cc.o
2026-10-03T06:03:10.5373041Z [ 91%] Building CXX object CMakeFiles/tflite_micro_interpreter.dir/_deps/tflite_micro-src/tensorflow/lite/micro/kernels/assign_variable.cc.o
2026-10-03T06:03:11.9198282Z [ 92%] Building CXX object CMakeFiles/tflite_micro_interpreter.dir/_deps/tflite_micro-src/tensorflow/lite/micro/kernels/split_v.cc.o
2026-10-03T06:03:12.3639260Z [ 93%] Building CXX object CMakeFiles/tflite_micro_interpreter.dir/_deps/tflite_micro-src/tensorflow/lite/micro/kernels/reduce.cc.o
2026-10-03T06:03:13.8173319Z [ 94%] Building CXX object CMakeFiles/tflite_micro_interpreter.dir/_deps/tflite_micro-src/tensorflow/lite/micro/kernels/reduce_common.cc.o
2026-10-03T06:03:15.9102598Z [ 95%] Linking CXX static library libtflite_micro_interpreter.a
2026-10-03T06:03:16.0374215Z [ 95%] Built target tflite_micro_interpreter
2026-10-03T06:03:16.0434429Z [ 96%] Building CXX object CMakeFiles/microwakeword_test.dir/home/runner/work/Jarvis-OS-V2/Jarvis-OS-V2/scripts/microwakeword_test.cpp.o
2026-10-03T06:03:16.0436083Z [ 97%] Building CXX object CMakeFiles/microwakeword_test.dir/MicroWakeWordEngine.cpp.o
2026-10-03T06:03:17.9970240Z [ 98%] Building CXX object CMakeFiles/microwakeword_test.dir/MicroFrontendWrapper.cpp.o
2026-10-03T06:03:19.2165886Z [100%] Linking CXX executable microwakeword_test
2026-10-03T06:03:19.2756086Z [100%] Built target microwakeword_test
2026-10-03T06:03:19.3321687Z hey_jarvis: native model initialized, 5 seconds processed, no silence trigger
2026-10-03T06:03:19.3322424Z stop: native model initialized, 5 seconds processed, no silence trigger
2026-10-03T06:03:19.3393954Z ##[group]Run python3 -m unittest discover -s scripts -p 'test_*.py'
2026-10-03T06:03:19.3394410Z [36;1mpython3 -m unittest discover -s scripts -p 'test_*.py'[0m
2026-10-03T06:03:19.3450070Z shell: /usr/bin/bash -e {0}
2026-10-03T06:03:19.3450324Z env:
2026-10-03T06:03:19.3450628Z   JAVA_HOME: /opt/hostedtoolcache/Java_Temurin-Hotspot_jdk/21.0.12-1/x64
2026-10-03T06:03:19.3451086Z   JAVA_HOME_21_X64: /opt/hostedtoolcache/Java_Temurin-Hotspot_jdk/21.0.12-1/x64
2026-10-03T06:03:19.3451474Z   GRADLE_ACTION_ID: gradle/actions/setup-gradle
2026-10-03T06:03:19.3451773Z   GRADLE_USER_HOME: /home/runner/.gradle
2026-10-03T06:03:19.3452056Z   GRADLE_BUILD_ACTION_SETUP_COMPLETED: true
2026-10-03T06:03:19.3452335Z   GRADLE_BUILD_ACTION_CACHE_RESTORED: true
2026-10-03T06:03:19.3452749Z   DEVELOCITY_INJECTION_INIT_SCRIPT_NAME: gradle-actions.inject-develocity.init.gradle
2026-10-03T06:03:19.3453190Z   DEVELOCITY_INJECTION_CUSTOM_VALUE: gradle-actions
2026-10-03T06:03:19.3453517Z   GITHUB_DEPENDENCY_GRAPH_ENABLED: false
2026-10-03T06:03:19.3453782Z ##[endgroup]
2026-10-03T06:03:20.4272880Z .......................
2026-10-03T06:03:20.4273441Z Compact APK preserves identical native, DEX and asset payloads.
2026-10-03T06:03:20.4274289Z ----------------------------------------------------------------------
2026-10-03T06:03:20.4274751Z Ran 23 tests in 0.993s
2026-10-03T06:03:20.4274944Z 
2026-10-03T06:03:20.4275070Z OK
2026-10-03T06:03:20.4393825Z ##[group]Run test -n "$ANDROID_KEYSTORE_BASE64"
2026-10-03T06:03:20.4394166Z [36;1mtest -n "$ANDROID_KEYSTORE_BASE64"[0m
2026-10-03T06:03:20.4394455Z [36;1mtest -n "$ANDROID_KEYSTORE_PASSWORD"[0m
2026-10-03T06:03:20.4394724Z [36;1mtest -n "$ANDROID_KEY_ALIAS"[0m
2026-10-03T06:03:20.4394976Z [36;1mtest -n "$ANDROID_KEY_PASSWORD"[0m
2026-10-03T06:03:20.4395643Z [36;1mecho "$ANDROID_KEYSTORE_BASE64" | base64 --decode > "$RUNNER_TEMP/***.keystore"[0m
2026-10-03T06:03:20.4451234Z shell: /usr/bin/bash -e {0}
2026-10-03T06:03:20.4451469Z env:
2026-10-03T06:03:20.4451753Z   JAVA_HOME: /opt/hostedtoolcache/Java_Temurin-Hotspot_jdk/21.0.12-1/x64
2026-10-03T06:03:20.4452196Z   JAVA_HOME_21_X64: /opt/hostedtoolcache/Java_Temurin-Hotspot_jdk/21.0.12-1/x64
2026-10-03T06:03:20.4452564Z   GRADLE_ACTION_ID: gradle/actions/setup-gradle
2026-10-03T06:03:20.4452836Z   GRADLE_USER_HOME: /home/runner/.gradle
2026-10-03T06:03:20.4453099Z   GRADLE_BUILD_ACTION_SETUP_COMPLETED: true
2026-10-03T06:03:20.4453405Z   GRADLE_BUILD_ACTION_CACHE_RESTORED: true
2026-10-03T06:03:20.4453791Z   DEVELOCITY_INJECTION_INIT_SCRIPT_NAME: gradle-actions.inject-develocity.init.gradle
2026-10-03T06:03:20.4454210Z   DEVELOCITY_INJECTION_CUSTOM_VALUE: gradle-actions
2026-10-03T06:03:20.4454493Z   GITHUB_DEPENDENCY_GRAPH_ENABLED: false
2026-10-03T06:03:20.4470421Z   ANDROID_KEYSTORE_BASE64: ***
2026-10-03T06:03:20.4470787Z   ANDROID_KEYSTORE_PASSWORD: ***
2026-10-03T06:03:20.4471051Z   ANDROID_KEY_ALIAS: ***
2026-10-03T06:03:20.4471359Z   ANDROID_KEY_PASSWORD: ***
2026-10-03T06:03:20.4471582Z ##[endgroup]
2026-10-03T06:03:20.4579511Z ##[group]Run gradle --no-daemon testReleaseUnitTest assembleRelease assembleReleaseAndroidTest
2026-10-03T06:03:20.4580067Z [36;1mgradle --no-daemon testReleaseUnitTest assembleRelease assembleReleaseAndroidTest[0m
2026-10-03T06:03:20.4628416Z shell: /usr/bin/bash -e {0}
2026-10-03T06:03:20.4628652Z env:
2026-10-03T06:03:20.4628935Z   JAVA_HOME: /opt/hostedtoolcache/Java_Temurin-Hotspot_jdk/21.0.12-1/x64
2026-10-03T06:03:20.4629366Z   JAVA_HOME_21_X64: /opt/hostedtoolcache/Java_Temurin-Hotspot_jdk/21.0.12-1/x64
2026-10-03T06:03:20.4629736Z   GRADLE_ACTION_ID: gradle/actions/setup-gradle
2026-10-03T06:03:20.4630014Z   GRADLE_USER_HOME: /home/runner/.gradle
2026-10-03T06:03:20.4630272Z   GRADLE_BUILD_ACTION_SETUP_COMPLETED: true
2026-10-03T06:03:20.4630547Z   GRADLE_BUILD_ACTION_CACHE_RESTORED: true
2026-10-03T06:03:20.4630930Z   DEVELOCITY_INJECTION_INIT_SCRIPT_NAME: gradle-actions.inject-develocity.init.gradle
2026-10-03T06:03:20.4631542Z   DEVELOCITY_INJECTION_CUSTOM_VALUE: gradle-actions
2026-10-03T06:03:20.4631829Z   GITHUB_DEPENDENCY_GRAPH_ENABLED: false
2026-10-03T06:03:20.4632210Z   ANDROID_KEYSTORE_PATH: /home/runner/work/_temp/***.keystore
2026-10-03T06:03:20.4632664Z   ANDROID_KEYSTORE_PASSWORD: ***
2026-10-03T06:03:20.4632921Z   ANDROID_KEY_ALIAS: ***
2026-10-03T06:03:20.4633223Z   ANDROID_KEY_PASSWORD: ***
2026-10-03T06:03:20.4633447Z   ANDROID_VERSION_CODE: 914
2026-10-03T06:03:20.4633672Z   ANDROID_VERSION_NAME: 0.1.0-build.914
2026-10-03T06:03:20.4633914Z ##[endgroup]
2026-10-03T06:03:21.0048700Z To honour the JVM settings for this build a single-use Daemon process will be forked. For more on this, please refer to https://docs.gradle.org/8.10.2/userguide/gradle_daemon.html#sec:disabling_the_daemon in the Gradle documentation.
2026-10-03T06:03:23.2048838Z Daemon will be stopped at the end of the build 
2026-10-03T06:04:06.3050346Z > Task :app:buildKotlinToolingMetadata
2026-10-03T06:04:06.3051379Z > Task :app:checkKotlinGradlePluginConfigurationErrors SKIPPED
2026-10-03T06:04:06.8036154Z > Task :app:extractMoonshine
2026-10-03T06:04:08.2035946Z > Task :app:extractSherpa
2026-10-03T06:04:11.5039984Z 
2026-10-03T06:04:11.5040732Z > Task :app:buildSherpa
2026-10-03T06:04:11.5041411Z -- CMake version: 3.31.6
2026-10-03T06:04:11.5058427Z CMake Deprecation Warning at /usr/local/lib/android/sdk/ndk/27.2.12479018/build/cmake/android.toolchain.cmake:35 (cmake_minimum_required):
2026-10-03T06:04:11.5059098Z   Compatibility with CMake < 3.10 will be removed from a future version of
2026-10-03T06:04:11.5059437Z   CMake.
2026-10-03T06:04:11.5059537Z 
2026-10-03T06:04:11.5059722Z   Update the VERSION argument <min> value.  Or, use the <min>...<max> syntax
2026-10-03T06:04:11.5060150Z   to tell CMake that the project requires at least <min> but has been updated
2026-10-03T06:04:11.5060718Z   to work with policies introduced by <max> or earlier.
2026-10-03T06:04:11.5061186Z Call Stack (most recent call first):
2026-10-03T06:04:11.5061711Z   /usr/local/share/cmake-3.31/Modules/CMakeDetermineSystem.cmake:146 (include)
2026-10-03T06:04:11.5062237Z   CMakeLists.txt:26 (project)
2026-10-03T06:04:11.5062420Z 
2026-10-03T06:04:11.5062424Z 
2026-10-03T06:04:11.5062947Z CMake Deprecation Warning at /usr/local/lib/android/sdk/ndk/27.2.12479018/build/cmake/android-legacy.toolchain.cmake:35 (cmake_minimum_required):
2026-10-03T06:04:11.5063971Z   Compatibility with CMake < 3.10 will be removed from a future version of
2026-10-03T06:04:11.5064459Z   CMake.
2026-10-03T06:04:11.5064603Z 
2026-10-03T06:04:11.5064867Z   Update the VERSION argument <min> value.  Or, use the <min>...<max> syntax
2026-10-03T06:04:11.5065620Z   to tell CMake that the project requires at least <min> but has been updated
2026-10-03T06:04:11.5066179Z   to work with policies introduced by <max> or earlier.
2026-10-03T06:04:11.5066608Z Call Stack (most recent call first):
2026-10-03T06:04:11.5067186Z   /usr/local/lib/android/sdk/ndk/27.2.12479018/build/cmake/android.toolchain.cmake:55 (include)
2026-10-03T06:04:11.5068366Z   /usr/local/share/cmake-3.31/Modules/CMakeDetermineSystem.cmake:146 (include)
2026-10-03T06:04:11.5068915Z   CMakeLists.txt:26 (project)
2026-10-03T06:04:11.5069131Z 
2026-10-03T06:04:11.5069136Z 
2026-10-03T06:04:11.5069676Z CMake Deprecation Warning at /usr/local/lib/android/sdk/ndk/27.2.12479018/build/cmake/android.toolchain.cmake:35 (cmake_minimum_required):
2026-10-03T06:04:11.5070607Z   Compatibility with CMake < 3.10 will be removed from a future version of
2026-10-03T06:04:11.5071089Z   CMake.
2026-10-03T06:04:11.5071230Z 
2026-10-03T06:04:11.5071486Z   Update the VERSION argument <min> value.  Or, use the <min>...<max> syntax
2026-10-03T06:04:11.5072118Z   to tell CMake that the project requires at least <min> but has been updated
2026-10-03T06:04:11.5072681Z   to work with policies introduced by <max> or earlier.
2026-10-03T06:04:11.5073102Z Call Stack (most recent call first):
2026-10-03T06:04:11.5074039Z   /home/runner/work/Jarvis-OS-V2/Jarvis-OS-V2/app/build/sherpa-native/cmake/CMakeFiles/3.31.6/CMakeSystem.cmake:6 (include)
2026-10-03T06:04:11.5074775Z   CMakeLists.txt:26 (project)
2026-10-03T06:04:11.5074989Z 
2026-10-03T06:04:11.5074994Z 
2026-10-03T06:04:11.5075184Z -- The C compiler identification is Clang 18.0.3
2026-10-03T06:04:11.6035783Z -- The CXX compiler identification is Clang 18.0.3
2026-10-03T06:04:11.7036687Z CMake Deprecation Warning at /usr/local/lib/android/sdk/ndk/27.2.12479018/build/cmake/flags.cmake:18 (cmake_minimum_required):
2026-10-03T06:04:11.7038040Z   Compatibility with CMake < 3.10 will be removed from a future version of
2026-10-03T06:04:11.7039066Z   CMake.
2026-10-03T06:04:11.7039359Z 
2026-10-03T06:04:11.7039773Z   Update the VERSION argument <min> value.  Or, use the <min>...<max> syntax
2026-10-03T06:04:11.7040569Z   to tell CMake that the project requires at least <min> but has been updated
2026-10-03T06:04:11.7041293Z   to work with policies introduced by <max> or earlier.
2026-10-03T06:04:11.7041918Z Call Stack (most recent call first):
2026-10-03T06:04:11.7042598Z   /usr/local/share/cmake-3.31/Modules/Platform/Android-Clang.cmake:23 (include)
2026-10-03T06:04:11.7043442Z   /usr/local/share/cmake-3.31/Modules/Platform/Android-Clang-C.cmake:1 (include)
2026-10-03T06:04:11.7044311Z   /usr/local/share/cmake-3.31/Modules/CMakeCInformation.cmake:48 (include)
2026-10-03T06:04:11.7044963Z   CMakeLists.txt:26 (project)
2026-10-03T06:04:11.7045314Z 
2026-10-03T06:04:11.7045450Z 
2026-10-03T06:04:11.7046134Z CMake Deprecation Warning at /usr/local/lib/android/sdk/ndk/27.2.12479018/build/cmake/android.toolchain.cmake:35 (cmake_minimum_required):
2026-10-03T06:04:11.7047208Z   Compatibility with CMake < 3.10 will be removed from a future version of
2026-10-03T06:04:11.7047961Z   CMake.
2026-10-03T06:04:11.7048234Z 
2026-10-03T06:04:11.7048631Z   Update the VERSION argument <min> value.  Or, use the <min>...<max> syntax
2026-10-03T06:04:11.7049412Z   to tell CMake that the project requires at least <min> but has been updated
2026-10-03T06:04:11.7050135Z   to work with policies introduced by <max> or earlier.
2026-10-03T06:04:11.7050708Z Call Stack (most recent call first):
2026-10-03T06:04:11.7051582Z   /home/runner/work/Jarvis-OS-V2/Jarvis-OS-V2/app/build/sherpa-native/cmake/CMakeFiles/3.31.6/CMakeSystem.cmake:6 (include)
2026-10-03T06:04:11.7052943Z   /home/runner/work/Jarvis-OS-V2/Jarvis-OS-V2/app/build/sherpa-native/cmake/CMakeFiles/CMakeScratch/TryCompile-blc47W/CMakeLists.txt:4 (project)
2026-10-03T06:04:11.7053799Z 
2026-10-03T06:04:11.7053961Z 
2026-10-03T06:04:11.7054693Z CMake Deprecation Warning at /usr/local/lib/android/sdk/ndk/27.2.12479018/build/cmake/android-legacy.toolchain.cmake:35 (cmake_minimum_required):
2026-10-03T06:04:11.7055773Z   Compatibility with CMake < 3.10 will be removed from a future version of
2026-10-03T06:04:11.7056384Z   CMake.
2026-10-03T06:04:11.7056646Z 
2026-10-03T06:04:11.7057031Z   Update the VERSION argument <min> value.  Or, use the <min>...<max> syntax
2026-10-03T06:04:11.7058227Z   to tell CMake that the project requires at least <min> but has been updated
2026-10-03T06:04:11.7058917Z   to work with policies introduced by <max> or earlier.
2026-10-03T06:04:11.7059464Z Call Stack (most recent call first):
2026-10-03T06:04:11.7060166Z   /usr/local/lib/android/sdk/ndk/27.2.12479018/build/cmake/android.toolchain.cmake:55 (include)
2026-10-03T06:04:11.7061249Z   /home/runner/work/Jarvis-OS-V2/Jarvis-OS-V2/app/build/sherpa-native/cmake/CMakeFiles/3.31.6/CMakeSystem.cmake:6 (include)
2026-10-03T06:04:11.7062525Z   /home/runner/work/Jarvis-OS-V2/Jarvis-OS-V2/app/build/sherpa-native/cmake/CMakeFiles/CMakeScratch/TryCompile-blc47W/CMakeLists.txt:4 (project)
2026-10-03T06:04:11.7063367Z -- Detecting C compiler ABI info
2026-10-03T06:04:11.7063736Z 
2026-10-03T06:04:11.7063868Z 
2026-10-03T06:04:11.7064457Z CMake Deprecation Warning at /usr/local/lib/android/sdk/ndk/27.2.12479018/build/cmake/flags.cmake:18 (cmake_minimum_required):
2026-10-03T06:04:11.7065377Z -- Detecting C compiler ABI info - done
2026-10-03T06:04:11.7066029Z   Compatibility with CMake < 3.10 will be removed from a future version of
2026-10-03T06:04:11.7066719Z   CMake.
2026-10-03T06:04:11.7067025Z 
2026-10-03T06:04:11.7067617Z   Update the VERSION argument <min> value.  Or, use the <min>...<max> syntax
2026-10-03T06:04:11.7068365Z   to tell CMake that the project requires at least <min> but has been updated
2026-10-03T06:04:11.7068987Z   to work with policies introduced by <max> or earlier.
2026-10-03T06:04:11.7069452Z Call Stack (most recent call first):
2026-10-03T06:04:11.7070022Z   /usr/local/share/cmake-3.31/Modules/Platform/Android-Clang.cmake:23 (include)
2026-10-03T06:04:11.7070775Z   /usr/local/share/cmake-3.31/Modules/Platform/Android-Clang-C.cmake:1 (include)
2026-10-03T06:04:11.7071512Z   /usr/local/share/cmake-3.31/Modules/CMakeCInformation.cmake:48 (include)
2026-10-03T06:04:11.7072588Z   /home/runner/work/Jarvis-OS-V2/Jarvis-OS-V2/app/build/sherpa-native/cmake/CMakeFiles/CMakeScratch/TryCompile-blc47W/CMakeLists.txt:4 (project)
2026-10-03T06:04:11.7073376Z 
2026-10-03T06:04:11.7073385Z 
2026-10-03T06:04:11.8048943Z CMake Deprecation Warning at /usr/local/lib/android/sdk/ndk/27.2.12479018/build/cmake/android.toolchain.cmake:35 (cmake_minimum_required):
2026-10-03T06:04:11.8050163Z -- Check for working C compiler: /usr/local/lib/android/sdk/ndk/27.2.12479018/toolchains/llvm/prebuilt/linux-x86_64/bin/clang - skipped
2026-10-03T06:04:11.8051071Z   Compatibility with CMake < 3.10 will be removed from a future version of
2026-10-03T06:04:11.8051552Z   CMake.
2026-10-03T06:04:11.8051705Z 
2026-10-03T06:04:11.8051985Z   Update the VERSION argument <min> value.  Or, use the <min>...<max> syntax
2026-10-03T06:04:11.8052668Z   to tell CMake that the project requires at least <min> but has been updated
2026-10-03T06:04:11.8053265Z   to work with policies introduced by <max> or earlier.
2026-10-03T06:04:11.8053713Z Call Stack (most recent call first):
2026-10-03T06:04:11.8054533Z   /home/runner/work/Jarvis-OS-V2/Jarvis-OS-V2/app/build/sherpa-native/cmake/CMakeFiles/3.31.6/CMakeSystem.cmake:6 (include)
2026-10-03T06:04:11.8055709Z   /home/runner/work/Jarvis-OS-V2/Jarvis-OS-V2/app/build/sherpa-native/cmake/CMakeFiles/CMakeScratch/TryCompile-x6iigo/CMakeLists.txt:4 (project)
2026-10-03T06:04:11.8056164Z 
2026-10-03T06:04:11.8056167Z 
2026-10-03T06:04:11.8056610Z CMake Deprecation Warning at /usr/local/lib/android/sdk/ndk/27.2.12479018/build/cmake/android-legacy.toolchain.cmake:35 (cmake_minimum_required):
2026-10-03T06:04:11.8057206Z   Compatibility with CMake < 3.10 will be removed from a future version of
2026-10-03T06:04:11.8057802Z   CMake.
2026-10-03T06:04:11.8057902Z 
2026-10-03T06:04:11.8058077Z   Update the VERSION argument <min> value.  Or, use the <min>...<max> syntax
2026-10-03T06:04:11.8058709Z   to tell CMake that the project requires at least <min> but has been updated
2026-10-03T06:04:11.8059293Z   to work with policies introduced by <max> or earlier.
2026-10-03T06:04:11.8059752Z Call Stack (most recent call first):
2026-10-03T06:04:11.8060788Z   /usr/local/lib/android/sdk/ndk/27.2.12479018/build/cmake/android.toolchain.cmake:55 (include)
2026-10-03T06:04:11.8061825Z   /home/runner/work/Jarvis-OS-V2/Jarvis-OS-V2/app/build/sherpa-native/cmake/CMakeFiles/3.31.6/CMakeSystem.cmake:6 (include)
2026-10-03T06:04:11.8063074Z   /home/runner/work/Jarvis-OS-V2/Jarvis-OS-V2/app/build/sherpa-native/cmake/CMakeFiles/CMakeScratch/TryCompile-x6iigo/CMakeLists.txt:4 (project)
2026-10-03T06:04:11.8063780Z 
2026-10-03T06:04:11.8063785Z 
2026-10-03T06:04:11.8064286Z CMake Deprecation Warning at /usr/local/lib/android/sdk/ndk/27.2.12479018/build/cmake/flags.cmake:18 (cmake_minimum_required):
2026-10-03T06:04:11.8065188Z   Compatibility with CMake < 3.10 will be removed from a future version of
2026-10-03T06:04:11.8065687Z   CMake.
2026-10-03T06:04:11.8065839Z 
2026-10-03T06:04:11.8066107Z   Update the VERSION argument <min> value.  Or, use the <min>...<max> syntax
2026-10-03T06:04:11.8067014Z   to tell CMake that the project requires at least <min> but has been updated
2026-10-03T06:04:11.8068024Z   to work with policies introduced by <max> or earlier.
2026-10-03T06:04:11.8068469Z Call Stack (most recent call first):
2026-10-03T06:04:11.8069033Z   /usr/local/share/cmake-3.31/Modules/Platform/Android-Clang.cmake:23 (include)
2026-10-03T06:04:11.8069756Z   /usr/local/share/cmake-3.31/Modules/Platform/Android-Clang-CXX.cmake:1 (include)
2026-10-03T06:04:11.8070266Z   /usr/local/share/cmake-3.31/Modules/CMakeCXXInformation.cmake:48 (include)
2026-10-03T06:04:11.8070885Z   /home/runner/work/Jarvis-OS-V2/Jarvis-OS-V2/app/build/sherpa-native/cmake/CMakeFiles/CMakeScratch/TryCompile-x6iigo/CMakeLists.txt:4 (project)
2026-10-03T06:04:11.8071321Z 
2026-10-03T06:04:11.8071325Z 
2026-10-03T06:04:11.8071430Z -- Detecting C compile features
2026-10-03T06:04:11.8071681Z -- Detecting C compile features - done
2026-10-03T06:04:11.8071927Z -- Detecting CXX compiler ABI info
2026-10-03T06:04:11.9035806Z -- Detecting CXX compiler ABI info - done
2026-10-03T06:04:11.9036842Z -- Check for working CXX compiler: /usr/local/lib/android/sdk/ndk/27.2.12479018/toolchains/llvm/prebuilt/linux-x86_64/bin/clang++ - skipped
2026-10-03T06:04:11.9043123Z -- Detecting CXX compile features
2026-10-03T06:04:11.9043473Z -- Detecting CXX compile features - done
2026-10-03T06:04:11.9043749Z -- CMAKE_BUILD_TYPE: Release
2026-10-03T06:04:11.9043990Z -- CMAKE_INSTALL_PREFIX: /usr/local
2026-10-03T06:04:11.9044237Z -- BUILD_SHARED_LIBS OFF
2026-10-03T06:04:11.9044458Z -- SHERPA_ONNX_ENABLE_PYTHON OFF
2026-10-03T06:04:11.9044691Z -- SHERPA_ONNX_ENABLE_TESTS OFF
2026-10-03T06:04:11.9044927Z -- SHERPA_ONNX_ENABLE_CHECK OFF
2026-10-03T06:04:11.9045299Z -- SHERPA_ONNX_ENABLE_PORTAUDIO OFF
2026-10-03T06:04:11.9045747Z -- SHERPA_ONNX_ENABLE_JNI ON
2026-10-03T06:04:11.9046156Z -- SHERPA_ONNX_ENABLE_C_API OFF
2026-10-03T06:04:11.9046563Z -- SHERPA_ONNX_ENABLE_WEBSOCKET OFF
2026-10-03T06:04:11.9046975Z -- SHERPA_ONNX_ENABLE_GPU OFF
2026-10-03T06:04:11.9047497Z -- SHERPA_ONNX_ENABLE_WASM OFF
2026-10-03T06:04:11.9047953Z -- SHERPA_ONNX_ENABLE_WASM_SPEAKER_DIARIZATION OFF
2026-10-03T06:04:11.9048410Z -- SHERPA_ONNX_ENABLE_WASM_TTS OFF
2026-10-03T06:04:11.9048818Z -- SHERPA_ONNX_ENABLE_WASM_ASR OFF
2026-10-03T06:04:11.9049232Z -- SHERPA_ONNX_ENABLE_WASM_KWS OFF
2026-10-03T06:04:11.9049647Z -- SHERPA_ONNX_ENABLE_WASM_VAD OFF
2026-10-03T06:04:11.9050066Z -- SHERPA_ONNX_ENABLE_WASM_VAD_ASR OFF
2026-10-03T06:04:11.9050494Z -- SHERPA_ONNX_ENABLE_WASM_NODEJS OFF
2026-10-03T06:04:11.9050911Z -- SHERPA_ONNX_ENABLE_WASM_WEB OFF
2026-10-03T06:04:11.9051361Z -- SHERPA_ONNX_ENABLE_WASM_SPEECH_ENHANCEMENT OFF
2026-10-03T06:04:11.9051808Z -- SHERPA_ONNX_ENABLE_BINARY OFF
2026-10-03T06:04:11.9052212Z -- SHERPA_ONNX_ENABLE_TTS ON
2026-10-03T06:04:11.9052635Z -- SHERPA_ONNX_ENABLE_SPEAKER_DIARIZATION OFF
2026-10-03T06:04:11.9053093Z -- SHERPA_ONNX_LINK_LIBSTDCPP_STATICALLY ON
2026-10-03T06:04:11.9053597Z -- SHERPA_ONNX_USE_PRE_INSTALLED_ONNXRUNTIME_IF_AVAILABLE ON
2026-10-03T06:04:11.9054056Z -- SHERPA_ONNX_ENABLE_SANITIZER: OFF
2026-10-03T06:04:11.9054489Z -- SHERPA_ONNX_BUILD_C_API_EXAMPLES: ON
2026-10-03T06:04:11.9055200Z -- SHERPA_ONNX_ENABLE_RKNN: OFF
2026-10-03T06:04:11.9055547Z -- SHERPA_ONNX_ENABLE_AXERA: OFF
2026-10-03T06:04:11.9055957Z -- SHERPA_ONNX_ENABLE_AXCL: OFF
2026-10-03T06:04:11.9056365Z -- SHERPA_ONNX_ENABLE_ASCEND_NPU: OFF
2026-10-03T06:04:11.9056776Z -- SHERPA_ONNX_ENABLE_QNN: OFF
2026-10-03T06:04:11.9057174Z -- SHERPA_ONNX_ENABLE_SPACEMIT: OFF
2026-10-03T06:04:11.9057646Z -- SHERPA_ONNX_LINK_D3D: OFF
2026-10-03T06:04:11.9057981Z -- SHERPA_ONNX_USE_STATIC_CRT: ON
2026-10-03T06:04:11.9058313Z -- TTS is enabled
2026-10-03T06:04:11.9058516Z -- speaker diarization is disabled
2026-10-03T06:04:11.9058741Z -- DirectML is disabled
2026-10-03T06:04:11.9058948Z -- C++ Standard version: 17
2026-10-03T06:04:12.0036183Z -- Looking for C++ include cxxabi.h
2026-10-03T06:04:12.0037128Z CMake Deprecation Warning at /usr/local/lib/android/sdk/ndk/27.2.12479018/build/cmake/android.toolchain.cmake:35 (cmake_minimum_required):
2026-10-03T06:04:12.0043018Z -- Looking for C++ include cxxabi.h - found
2026-10-03T06:04:12.0043467Z -- Looking for C++ include execinfo.h
2026-10-03T06:04:12.0048000Z   Compatibility with CMake < 3.10 will be removed from a future version of
2026-10-03T06:04:12.0048334Z   CMake.
2026-10-03T06:04:12.0048436Z 
2026-10-03T06:04:12.0048614Z   Update the VERSION argument <min> value.  Or, use the <min>...<max> syntax
2026-10-03T06:04:12.0049077Z   to tell CMake that the project requires at least <min> but has been updated
2026-10-03T06:04:12.0049460Z   to work with policies introduced by <max> or earlier.
2026-10-03T06:04:12.0049744Z Call Stack (most recent call first):
2026-10-03T06:04:12.0050215Z   /home/runner/work/Jarvis-OS-V2/Jarvis-OS-V2/app/build/sherpa-native/cmake/CMakeFiles/3.31.6/CMakeSystem.cmake:6 (include)
2026-10-03T06:04:12.0050949Z   /home/runner/work/Jarvis-OS-V2/Jarvis-OS-V2/app/build/sherpa-native/cmake/CMakeFiles/CMakeScratch/TryCompile-zPoVUo/CMakeLists.txt:4 (project)
2026-10-03T06:04:12.0051385Z 
2026-10-03T06:04:12.0051388Z 
2026-10-03T06:04:12.0051758Z CMake Deprecation Warning at /usr/local/lib/android/sdk/ndk/27.2.12479018/build/cmake/android-legacy.toolchain.cmake:35 (cmake_minimum_required):
2026-10-03T06:04:12.0052355Z   Compatibility with CMake < 3.10 will be removed from a future version of
2026-10-03T06:04:12.0052671Z   CMake.
2026-10-03T06:04:12.0052769Z 
2026-10-03T06:04:12.0052940Z   Update the VERSION argument <min> value.  Or, use the <min>...<max> syntax
2026-10-03T06:04:12.0053338Z   to tell CMake that the project requires at least <min> but has been updated
2026-10-03T06:04:12.0053704Z   to work with policies introduced by <max> or earlier.
2026-10-03T06:04:12.0053987Z Call Stack (most recent call first):
2026-10-03T06:04:12.0054359Z   /usr/local/lib/android/sdk/ndk/27.2.12479018/build/cmake/android.toolchain.cmake:55 (include)
2026-10-03T06:04:12.0054950Z   /home/runner/work/Jarvis-OS-V2/Jarvis-OS-V2/app/build/sherpa-native/cmake/CMakeFiles/3.31.6/CMakeSystem.cmake:6 (include)
2026-10-03T06:04:12.0055709Z   /home/runner/work/Jarvis-OS-V2/Jarvis-OS-V2/app/build/sherpa-native/cmake/CMakeFiles/CMakeScratch/TryCompile-zPoVUo/CMakeLists.txt:4 (project)
2026-10-03T06:04:12.0056140Z 
2026-10-03T06:04:12.0056297Z 
2026-10-03T06:04:12.0056846Z CMake Deprecation Warning at /usr/local/lib/android/sdk/ndk/27.2.12479018/build/cmake/flags.cmake:18 (cmake_minimum_required):
2026-10-03T06:04:12.0057773Z   Compatibility with CMake < 3.10 will be removed from a future version of
2026-10-03T06:04:12.0058210Z   CMake.
2026-10-03T06:04:12.0058418Z 
2026-10-03T06:04:12.0059024Z   Update the VERSION argument <min> value.  Or, use the <min>...<max> syntax
2026-10-03T06:04:12.0059499Z   to tell CMake that the project requires at least <min> but has been updated
2026-10-03T06:04:12.0059961Z   to work with policies introduced by <max> or earlier.
2026-10-03T06:04:12.0060395Z Call Stack (most recent call first):
2026-10-03T06:04:12.0060893Z   /usr/local/share/cmake-3.31/Modules/Platform/Android-Clang.cmake:23 (include)
2026-10-03T06:04:12.0061812Z   /usr/local/share/cmake-3.31/Modules/Platform/Android-Clang-CXX.cmake:1 (include)
2026-10-03T06:04:12.0062450Z   /usr/local/share/cmake-3.31/Modules/CMakeCXXInformation.cmake:48 (include)
2026-10-03T06:04:12.0063070Z   /home/runner/work/Jarvis-OS-V2/Jarvis-OS-V2/app/build/sherpa-native/cmake/CMakeFiles/CMakeScratch/TryCompile-zPoVUo/CMakeLists.txt:4 (project)
2026-10-03T06:04:12.0063501Z 
2026-10-03T06:04:12.0063510Z 
2026-10-03T06:04:12.0063845Z CMake Deprecation Warning at /usr/local/lib/android/sdk/ndk/27.2.12479018/build/cmake/android.toolchain.cmake:35 (cmake_minimum_required):
2026-10-03T06:04:12.0064413Z   Compatibility with CMake < 3.10 will be removed from a future version of
2026-10-03T06:04:12.0064726Z   CMake.
2026-10-03T06:04:12.0064825Z 
2026-10-03T06:04:12.0064994Z   Update the VERSION argument <min> value.  Or, use the <min>...<max> syntax
2026-10-03T06:04:12.0065393Z   to tell CMake that the project requires at least <min> but has been updated
2026-10-03T06:04:12.0065879Z   to work with policies introduced by <max> or earlier.
2026-10-03T06:04:12.0066158Z Call Stack (most recent call first):
2026-10-03T06:04:12.0066608Z   /home/runner/work/Jarvis-OS-V2/Jarvis-OS-V2/app/build/sherpa-native/cmake/CMakeFiles/3.31.6/CMakeSystem.cmake:6 (include)
2026-10-03T06:04:12.0067482Z   /home/runner/work/Jarvis-OS-V2/Jarvis-OS-V2/app/build/sherpa-native/cmake/CMakeFiles/CMakeScratch/TryCompile-vVHour/CMakeLists.txt:4 (project)
2026-10-03T06:04:12.0068193Z 
2026-10-03T06:04:12.0068198Z 
2026-10-03T06:04:12.0068677Z CMake Deprecation Warning at /usr/local/lib/android/sdk/ndk/27.2.12479018/build/cmake/android-legacy.toolchain.cmake:35 (cmake_minimum_required):
2026-10-03T06:04:12.0069256Z   Compatibility with CMake < 3.10 will be removed from a future version of
2026-10-03T06:04:12.0069556Z   CMake.
2026-10-03T06:04:12.0069651Z 
2026-10-03T06:04:12.0069818Z   Update the VERSION argument <min> value.  Or, use the <min>...<max> syntax
2026-10-03T06:04:12.0070215Z   to tell CMake that the project requires at least <min> but has been updated
2026-10-03T06:04:12.0070564Z   to work with policies introduced by <max> or earlier.
2026-10-03T06:04:12.0070840Z Call Stack (most recent call first):
2026-10-03T06:04:12.0071237Z   /usr/local/lib/android/sdk/ndk/27.2.12479018/build/cmake/android.toolchain.cmake:55 (include)
2026-10-03T06:04:12.0071808Z   /home/runner/work/Jarvis-OS-V2/Jarvis-OS-V2/app/build/sherpa-native/cmake/CMakeFiles/3.31.6/CMakeSystem.cmake:6 (include)
2026-10-03T06:04:12.0072513Z   /home/runner/work/Jarvis-OS-V2/Jarvis-OS-V2/app/build/sherpa-native/cmake/CMakeFiles/CMakeScratch/TryCompile-vVHour/CMakeLists.txt:4 (project)
2026-10-03T06:04:12.0072932Z 
2026-10-03T06:04:12.0072935Z 
2026-10-03T06:04:12.0073224Z CMake Deprecation Warning at /usr/local/lib/android/sdk/ndk/27.2.12479018/build/cmake/flags.cmake:18 (cmake_minimum_required):
2026-10-03T06:04:12.0073746Z   Compatibility with CMake < 3.10 will be removed from a future version of
2026-10-03T06:04:12.0074048Z   CMake.
2026-10-03T06:04:12.0074140Z 
2026-10-03T06:04:12.0074304Z   Update the VERSION argument <min> value.  Or, use the <min>...<max> syntax
2026-10-03T06:04:12.0074684Z   to tell CMake that the project requires at least <min> but has been updated
2026-10-03T06:04:12.0075024Z   to work with policies introduced by <max> or earlier.
2026-10-03T06:04:12.0075291Z Call Stack (most recent call first):
2026-10-03T06:04:12.0083883Z   /usr/local/share/cmake-3.31/Modules/Platform/Android-Clang.cmake:23 (include)
2026-10-03T06:04:12.0084681Z   /usr/local/share/cmake-3.31/Modules/Platform/Android-Clang-CXX.cmake:1 (include)
2026-10-03T06:04:12.0085320Z   /usr/local/share/cmake-3.31/Modules/CMakeCXXInformation.cmake:48 (include)
2026-10-03T06:04:12.0086298Z   /home/runner/work/Jarvis-OS-V2/Jarvis-OS-V2/app/build/sherpa-native/cmake/CMakeFiles/CMakeScratch/TryCompile-vVHour/CMakeLists.txt:4 (project)
2026-10-03T06:04:12.0087015Z 
2026-10-03T06:04:12.0087020Z 
2026-10-03T06:04:12.1035564Z -- Looking for C++ include execinfo.h - found
2026-10-03T06:04:12.1036934Z -- CMAKE_SOURCE_DIR: /home/runner/work/Jarvis-OS-V2/Jarvis-OS-V2/app/build/sherpa-native/source
2026-10-03T06:04:12.1037970Z -- CMAKE_BINARY_DIR: /home/runner/work/Jarvis-OS-V2/Jarvis-OS-V2/app/build/sherpa-native/cmake
2026-10-03T06:04:12.1038800Z -- PROJECT_SOURCE_DIR: /home/runner/work/Jarvis-OS-V2/Jarvis-OS-V2/app/build/sherpa-native/source
2026-10-03T06:04:12.1039590Z -- PROJECT_BINARY_DIR: /home/runner/work/Jarvis-OS-V2/Jarvis-OS-V2/app/build/sherpa-native/cmake
2026-10-03T06:04:12.1040124Z -- CMake version: 3.31.6
2026-10-03T06:04:12.1040433Z -- CMAKE_SYSTEM: Android-1
2026-10-03T06:04:12.1040753Z -- CMAKE_SYSTEM_NAME: Android
2026-10-03T06:04:12.1041091Z -- CMAKE_SYSTEM_VERSION: 1
2026-10-03T06:04:12.1041405Z -- CMAKE_SYSTEM_PROCESSOR: aarch64
2026-10-03T06:04:12.1041978Z -- sherpa-onnx git sha1: 7173b4818114624fb72da6aa72903319778c3049
2026-10-03T06:04:12.1042521Z -- sherpa-onnx git date: Sat Oct 3 06:01:23 2026
2026-10-03T06:04:12.1043471Z -- OS used to build sherpa-onnx: Ubuntu 24.04.5 LTS
2026-10-03T06:04:12.1044423Z -- C++ compiler: /usr/local/lib/android/sdk/ndk/27.2.12479018/toolchains/llvm/prebuilt/linux-x86_64/bin/clang++
2026-10-03T06:04:12.1045036Z -- C++ compiler ID: Clang
2026-10-03T06:04:12.1045262Z -- C++ compiler version: 18.0.3
2026-10-03T06:04:12.1045654Z -- C compiler: /usr/local/lib/android/sdk/ndk/27.2.12479018/toolchains/llvm/prebuilt/linux-x86_64/bin/clang
2026-10-03T06:04:12.1046054Z -- C compiler ID: Clang
2026-10-03T06:04:12.1046265Z -- C compiler version: 18.0.3
2026-10-03T06:04:12.1046769Z -- Downloading kaldi-native-fbank from https://github.com/csukuangfj/kaldi-native-fbank/archive/refs/tags/v1.22.3.tar.gz
2026-10-03T06:04:12.4035921Z -- kaldi-native-fbank is downloaded to /home/runner/work/Jarvis-OS-V2/Jarvis-OS-V2/app/build/sherpa-native/cmake/_deps/kaldi_native_fbank-src
2026-10-03T06:04:12.4037279Z -- kaldi-native-fbank's binary dir is /home/runner/work/Jarvis-OS-V2/Jarvis-OS-V2/app/build/sherpa-native/cmake/_deps/kaldi_native_fbank-build
2026-10-03T06:04:12.4038153Z -- CMAKE_BUILD_TYPE: Release
2026-10-03T06:04:12.4038507Z -- CMAKE_EXPORT_COMPILE_COMMANDS: 
2026-10-03T06:04:12.4038882Z -- BUILD_SHARED_LIBS: OFF
2026-10-03T06:04:12.4039236Z -- KALDI_NATIVE_FBANK_BUILD_TESTS: OFF
2026-10-03T06:04:12.4039644Z -- KALDI_NATIVE_FBANK_BUILD_PYTHON: OFF
2026-10-03T06:04:12.4040040Z -- KALDI_NATIVE_FBANK_ENABLE_CHECK: OFF
2026-10-03T06:04:12.4040428Z -- KALDI_NATIVE_FBANK_ENABLE_CHECK: OFF
2026-10-03T06:04:12.4041925Z -- CMAKE_CXX_FLAGS: -g -DANDROID -fdata-sections -ffunction-sections -funwind-tables -fstack-protector-strong -no-canonical-prefixes -D__BIONIC_NO_PAGE_SIZE_MACRO -D_FORTIFY_SOURCE=2 -Wformat -Werror=format-security  -ffunction-sections -fdata-sections
2026-10-03T06:04:12.4043293Z -- CMAKE_INSTALL_PREFIX: /usr/local
2026-10-03T06:04:12.4043661Z -- Looking for C++ include cxxabi.h
2026-10-03T06:04:12.4044044Z -- Looking for C++ include cxxabi.h - found
2026-10-03T06:04:12.4044448Z -- Looking for C++ include execinfo.h
2026-10-03T06:04:12.5034929Z -- Looking for C++ include execinfo.h - found
2026-10-03T06:04:12.5035574Z -- Downloading kissfft from https://github.com/mborgerding/kissfft/archive/febd4caeed32e33ad8b2e0bb5ea77542c40f18ec.zip
2026-10-03T06:04:12.8035236Z -- kissfft is downloaded to /home/runner/work/Jarvis-OS-V2/Jarvis-OS-V2/app/build/sherpa-native/cmake/_deps/kissfft-src
2026-10-03T06:04:12.8036244Z -- kissfft's binary dir is /home/runner/work/Jarvis-OS-V2/Jarvis-OS-V2/app/build/sherpa-native/cmake/_deps/kissfft-build
2026-10-03T06:04:12.8036839Z -- Building KissFFT with datatype: float
2026-10-03T06:04:12.8037271Z -- Building static library
2026-10-03T06:04:12.8037808Z -- PKGINCLUDEDIR is /kissfft
2026-10-03T06:04:12.8038058Z -- Disable building Python
2026-10-03T06:04:12.8038566Z -- Downloading kaldi-decoder from https://github.com/k2-fsa/kaldi-decoder/archive/refs/tags/v0.3.0.tar.gz
2026-10-03T06:04:13.1034895Z -- kaldi-decoder is downloaded to /home/runner/work/Jarvis-OS-V2/Jarvis-OS-V2/app/build/sherpa-native/cmake/_deps/kaldi_decoder-src
2026-10-03T06:04:13.1035945Z -- kaldi-decoder's binary dir is /home/runner/work/Jarvis-OS-V2/Jarvis-OS-V2/app/build/sherpa-native/cmake/_deps/kaldi_decoder-build
2026-10-03T06:04:13.1036446Z -- CMAKE_BUILD_TYPE: Release
2026-10-03T06:04:13.1036851Z -- Downloading kaldifst from https://github.com/k2-fsa/kaldifst/archive/refs/tags/v1.8.0.tar.gz
2026-10-03T06:04:13.5035327Z -- kaldifst is downloaded to /home/runner/work/Jarvis-OS-V2/Jarvis-OS-V2/app/build/sherpa-native/cmake/_deps/kaldifst-src
2026-10-03T06:04:13.5036363Z -- kaldifst's binary dir is /home/runner/work/Jarvis-OS-V2/Jarvis-OS-V2/app/build/sherpa-native/cmake/_deps/kaldifst-build
2026-10-03T06:04:13.5037012Z -- CMAKE_BUILD_TYPE: Release
2026-10-03T06:04:13.5037520Z -- CMAKE_BUILD_TYPE: Release
2026-10-03T06:04:13.5037870Z -- CMAKE_INSTALL_PREFIX: /usr/local
2026-10-03T06:04:13.5038235Z -- C++ Standard version: 17
2026-10-03T06:04:13.5039115Z -- CMAKE_CXX_FLAGS: -g -DANDROID -fdata-sections -ffunction-sections -funwind-tables -fstack-protector-strong -no-canonical-prefixes -D__BIONIC_NO_PAGE_SIZE_MACRO -D_FORTIFY_SOURCE=2 -Wformat -Werror=format-security  -ffunction-sections -fdata-sections
2026-10-03T06:04:13.5040471Z -- Downloading openfst from https://github.com/csukuangfj/openfst/archive/refs/tags/v1.8.5-2026-07-09.tar.gz
2026-10-03T06:04:13.9035190Z -- openfst is downloaded to /home/runner/work/Jarvis-OS-V2/Jarvis-OS-V2/app/build/sherpa-native/cmake/_deps/openfst-src
2026-10-03T06:04:14.0035409Z -- BUILD_SHARED_LIBS: OFF
2026-10-03T06:04:14.0035849Z -- BUILD_TESTING: OFF
2026-10-03T06:04:14.0036162Z -- HAVE_BIN: OFF
2026-10-03T06:04:14.0036432Z -- HAVE_SCRIPT: OFF
2026-10-03T06:04:14.0036741Z -- HAVE_COMPACT: OFF
2026-10-03T06:04:14.0037033Z -- HAVE_COMPRESS: OFF
2026-10-03T06:04:14.0037457Z -- HAVE_CONST: OFF
2026-10-03T06:04:14.0037742Z -- HAVE_FAR: ON
2026-10-03T06:04:14.0038016Z -- HAVE_FSTS: OFF
2026-10-03T06:04:14.0038295Z -- HAVE_GRM: OFF
2026-10-03T06:04:14.0038605Z -- HAVE_LINEAR: OFF
2026-10-03T06:04:14.0038897Z -- HAVE_LOOKAHEAD: OFF
2026-10-03T06:04:14.0039191Z -- HAVE_MPDT: OFF
2026-10-03T06:04:14.0039481Z -- HAVE_NGRAM: OFF
2026-10-03T06:04:14.0039760Z -- HAVE_PDT: OFF
2026-10-03T06:04:14.0040044Z -- HAVE_SPECIAL: OFF
2026-10-03T06:04:14.0040340Z -- OPENFST_USE_ABSL: OFF
2026-10-03T06:04:14.0040950Z -- Downloading eigen from https://gitlab.com/libeigen/eigen/-/archive/5.0.1/eigen-5.0.1.tar.gz
2026-10-03T06:04:14.3036676Z -- eigen is downloaded to /home/runner/work/Jarvis-OS-V2/Jarvis-OS-V2/app/build/sherpa-native/cmake/_deps/eigen-src
2026-10-03T06:04:14.3037956Z -- eigen's binary dir is /home/runner/work/Jarvis-OS-V2/Jarvis-OS-V2/app/build/sherpa-native/cmake/_deps/eigen-build
2026-10-03T06:04:14.3038640Z -- 
2026-10-03T06:04:14.3038909Z -- Configured Eigen 5.0.1-dev
2026-10-03T06:04:14.3039233Z -- 
2026-10-03T06:04:14.3039498Z -- CMAKE_SYSTEM_NAME: Android
2026-10-03T06:04:14.3039802Z -- CMAKE_SYSTEM_PROCESSOR: aarch64
2026-10-03T06:04:14.3040283Z -- location_onnxruntime_header_dir: /home/runner/work/Jarvis-OS-V2/Jarvis-OS-V2/app/build/sherpa-native/ort-android/headers
2026-10-03T06:04:14.3041071Z -- location_onnxruntime_lib: /home/runner/work/Jarvis-OS-V2/Jarvis-OS-V2/app/build/sherpa-native/ort-android/jni/arm64-v8a/libonnxruntime.so
2026-10-03T06:04:14.3041808Z -- onnxruntime lib files: /home/runner/work/Jarvis-OS-V2/Jarvis-OS-V2/app/build/sherpa-native/ort-android/jni/arm64-v8a/libonnxruntime.so
2026-10-03T06:04:14.3042520Z -- Downloading simple-sentencepiece https://github.com/pkufool/simple-sentencepiece/archive/refs/tags/v0.7.tar.gz
2026-10-03T06:04:14.6035316Z -- simple-sentencepiece is downloaded to /home/runner/work/Jarvis-OS-V2/Jarvis-OS-V2/app/build/sherpa-native/cmake/_deps/simple-sentencepiece-src
2026-10-03T06:04:14.6036274Z -- Performing Test SBPE_COMPILER_SUPPORTS_CXX14
2026-10-03T06:04:14.7035021Z -- Performing Test SBPE_COMPILER_SUPPORTS_CXX14 - Success
2026-10-03T06:04:14.7035481Z -- C++ Standard version: 17
2026-10-03T06:04:14.7035718Z -- ONNXRUNTIME_DIR: 
2026-10-03T06:04:14.7036115Z -- Downloading json from https://github.com/nlohmann/json/archive/refs/tags/v3.12.0.tar.gz
2026-10-03T06:04:15.3035095Z -- json is downloaded to /home/runner/work/Jarvis-OS-V2/Jarvis-OS-V2/app/build/sherpa-native/cmake/_deps/json-src
2026-10-03T06:04:15.3036201Z -- json's binary dir is /home/runner/work/Jarvis-OS-V2/Jarvis-OS-V2/app/build/sherpa-native/cmake/_deps/json-build
2026-10-03T06:04:15.3037430Z -- Using the multi-header code from /home/runner/work/Jarvis-OS-V2/Jarvis-OS-V2/app/build/sherpa-native/cmake/_deps/json-src/include/
2026-10-03T06:04:15.3038631Z -- Downloading espeak-ng from https://github.com/csukuangfj/espeak-ng/archive/ed530aa113046142eb5115cf2fc9157854d0ffe1.zip
2026-10-03T06:04:17.9035008Z -- espeak-ng is downloaded to /home/runner/work/Jarvis-OS-V2/Jarvis-OS-V2/app/build/sherpa-native/cmake/_deps/espeak_ng-src
2026-10-03T06:04:17.9036099Z -- espeak-ng binary dir is /home/runner/work/Jarvis-OS-V2/Jarvis-OS-V2/app/build/sherpa-native/cmake/_deps/espeak_ng-build
2026-10-03T06:04:17.9037101Z -- Looking for mkstemp
2026-10-03T06:04:17.9037599Z -- Looking for mkstemp - found
2026-10-03T06:04:17.9037953Z -- Configuration:
2026-10-03T06:04:17.9038237Z --   shared: OFF
2026-10-03T06:04:17.9038550Z --   mbrola: OFF (MBROLA_BIN-NOTFOUND)
2026-10-03T06:04:17.9039024Z --   libsonic: OFF (SONIC_LIB-NOTFOUND SONIC_INC-NOTFOUND)
2026-10-03T06:04:17.9039574Z --   libpcaudio: OFF (PCAUDIO_LIB-NOTFOUND PCAUDIO_INC-NOTFOUND)
2026-10-03T06:04:17.9040031Z --   klatt: OFF
2026-10-03T06:04:17.9040318Z --   speech-player: OFF
2026-10-03T06:04:17.9040592Z --   async: OFF
2026-10-03T06:04:17.9040977Z -- ESPEAK_NG_DIR: /home/runner/work/Jarvis-OS-V2/Jarvis-OS-V2/app/build/sherpa-native/cmake/_deps/espeak_ng-src
2026-10-03T06:04:18.0035311Z -- Downloading piper-phonemize from https://github.com/csukuangfj/piper-phonemize/archive/f3ff95afc03640bc1399e113e83361192a2fafb4.zip
2026-10-03T06:04:19.2035283Z -- piper-phonemize is downloaded to /home/runner/work/Jarvis-OS-V2/Jarvis-OS-V2/app/build/sherpa-native/cmake/_deps/piper_phonemize-src
2026-10-03T06:04:19.2036990Z -- piper-phonemize binary dir is /home/runner/work/Jarvis-OS-V2/Jarvis-OS-V2/app/build/sherpa-native/cmake/_deps/piper_phonemize-build
2026-10-03T06:04:19.2039225Z -- CMAKE_CXX_FLAGS: -g -DANDROID -fdata-sections -ffunction-sections -funwind-tables -fstack-protector-strong -no-canonical-prefixes -D__BIONIC_NO_PAGE_SIZE_MACRO -D_FORTIFY_SOURCE=2 -Wformat -Werror=format-security  -ffunction-sections -fdata-sections
2026-10-03T06:04:19.2041676Z -- CMAKE_CXX_FLAGS: -g -DANDROID -fdata-sections -ffunction-sections -funwind-tables -fstack-protector-strong -no-canonical-prefixes -D__BIONIC_NO_PAGE_SIZE_MACRO -D_FORTIFY_SOURCE=2 -Wformat -Werror=format-security  -ffunction-sections -fdata-sections
2026-10-03T06:04:19.2043209Z -- Configuring done (7.8s)
2026-10-03T06:04:19.3035755Z -- Generating done (0.1s)
2026-10-03T06:04:19.3045730Z -- Build files have been written to: /home/runner/work/Jarvis-OS-V2/Jarvis-OS-V2/app/build/sherpa-native/cmake
2026-10-03T06:04:19.3046949Z [  1%] Building C object _deps/espeak_ng-build/src/ucd-tools/CMakeFiles/ucd.dir/src/case.c.o
2026-10-03T06:04:19.3048111Z [  1%] Building C object _deps/kissfft-build/CMakeFiles/kissfft.dir/kiss_fft.c.o
2026-10-03T06:04:19.4034763Z [  1%] Building C object _deps/espeak_ng-build/src/ucd-tools/CMakeFiles/ucd.dir/src/categories.c.o
2026-10-03T06:04:19.4035934Z [  1%] Building C object _deps/espeak_ng-build/src/ucd-tools/CMakeFiles/ucd.dir/src/ctype.c.o
2026-10-03T06:04:19.4039357Z [  2%] Building C object _deps/espeak_ng-build/src/ucd-tools/CMakeFiles/ucd.dir/src/proplist.c.o
2026-10-03T06:04:19.5035143Z [  2%] Building C object _deps/kissfft-build/CMakeFiles/kissfft.dir/kfc.c.o
2026-10-03T06:04:19.5036223Z [  2%] Building C object _deps/kissfft-build/CMakeFiles/kissfft.dir/kiss_fftnd.c.o
2026-10-03T06:04:19.5037204Z [  3%] Building C object _deps/kissfft-build/CMakeFiles/kissfft.dir/kiss_fftndr.c.o
2026-10-03T06:04:19.6035305Z [  3%] Building C object _deps/kissfft-build/CMakeFiles/kissfft.dir/kiss_fftr.c.o
2026-10-03T06:04:19.6036071Z [  3%] Linking C static library ../../lib/libkissfft-float.a
2026-10-03T06:04:19.6036839Z [  3%] Built target kissfft
2026-10-03T06:04:19.6037786Z [  3%] Building CXX object _deps/openfst-build/CMakeFiles/fst.dir/src/lib/compat.cc.o
2026-10-03T06:04:19.8035372Z [  3%] Building C object _deps/espeak_ng-build/src/ucd-tools/CMakeFiles/ucd.dir/src/scripts.c.o
2026-10-03T06:04:19.8036660Z [  3%] Building C object _deps/espeak_ng-build/src/ucd-tools/CMakeFiles/ucd.dir/src/tostring.c.o
2026-10-03T06:04:19.8037747Z [  4%] Linking C static library ../../../../lib/libucd.a
2026-10-03T06:04:19.8038504Z [  4%] Built target ucd
2026-10-03T06:04:19.9035900Z [  4%] Building CXX object _deps/simple-sentencepiece-build/ssentencepiece/csrc/CMakeFiles/ssentencepiece_core.dir/ssentencepiece.cc.o
2026-10-03T06:04:20.1035282Z [  5%] Building CXX object _deps/openfst-build/CMakeFiles/fst.dir/src/lib/encode.cc.o
2026-10-03T06:04:20.8035110Z [  5%] Building CXX object _deps/openfst-build/CMakeFiles/fst.dir/src/lib/flags.cc.o
2026-10-03T06:04:21.8035545Z [  5%] Building CXX object _deps/openfst-build/CMakeFiles/fst.dir/src/lib/fst.cc.o
2026-10-03T06:04:22.0060994Z [  5%] Linking CXX static library ../../../../lib/libssentencepiece_core.a
2026-10-03T06:04:22.0061958Z [  5%] Built target ssentencepiece_core
2026-10-03T06:04:22.0063004Z [  6%] Building CXX object _deps/openfst-build/CMakeFiles/fst.dir/src/lib/fst-types.cc.o
2026-10-03T06:04:22.7037516Z [  6%] Building CXX object _deps/openfst-build/CMakeFiles/fst.dir/src/lib/mapped-file.cc.o
2026-10-03T06:04:23.1035084Z [  6%] Building CXX object _deps/openfst-build/CMakeFiles/fst.dir/src/lib/properties.cc.o
2026-10-03T06:04:23.6035243Z [  7%] Building CXX object _deps/openfst-build/CMakeFiles/fst.dir/src/lib/symbol-table.cc.o
2026-10-03T06:04:24.9035348Z [  7%] Building CXX object _deps/openfst-build/CMakeFiles/fst.dir/src/lib/symbol-table-ops.cc.o
2026-10-03T06:04:25.9035314Z [  7%] Building CXX object _deps/openfst-build/CMakeFiles/fst.dir/src/lib/util.cc.o
2026-10-03T06:04:26.6035709Z [  7%] Building C object _deps/espeak_ng-build/src/libespeak-ng/CMakeFiles/espeak-ng.dir/common.c.o
2026-10-03T06:04:26.6037162Z [  7%] Building C object _deps/espeak_ng-build/src/libespeak-ng/CMakeFiles/espeak-ng.dir/mnemonics.c.o
2026-10-03T06:04:26.6038567Z [  7%] Building C object _deps/espeak_ng-build/src/libespeak-ng/CMakeFiles/espeak-ng.dir/error.c.o
2026-10-03T06:04:26.7035029Z [  8%] Building C object _deps/espeak_ng-build/src/libespeak-ng/CMakeFiles/espeak-ng.dir/ieee80.c.o
2026-10-03T06:04:26.7036729Z [  8%] Building C object _deps/espeak_ng-build/src/libespeak-ng/CMakeFiles/espeak-ng.dir/compiledata.c.o
2026-10-03T06:04:27.2058722Z [  8%] Building C object _deps/espeak_ng-build/src/libespeak-ng/CMakeFiles/espeak-ng.dir/compiledict.c.o
2026-10-03T06:04:27.5035488Z [  9%] Building C object _deps/espeak_ng-build/src/libespeak-ng/CMakeFiles/espeak-ng.dir/dictionary.c.o
2026-10-03T06:04:28.0035337Z [  9%] Building C object _deps/espeak_ng-build/src/libespeak-ng/CMakeFiles/espeak-ng.dir/encoding.c.o
2026-10-03T06:04:28.1035320Z [  9%] Building C object _deps/espeak_ng-build/src/libespeak-ng/CMakeFiles/espeak-ng.dir/intonation.c.o
2026-10-03T06:04:28.3034668Z [ 10%] Building C object _deps/espeak_ng-build/src/libespeak-ng/CMakeFiles/espeak-ng.dir/langopts.c.o
2026-10-03T06:04:28.3035562Z [ 10%] Building C object _deps/espeak_ng-build/src/libespeak-ng/CMakeFiles/espeak-ng.dir/numbers.c.o
2026-10-03T06:04:28.6034871Z [ 10%] Building C object _deps/espeak_ng-build/src/libespeak-ng/CMakeFiles/espeak-ng.dir/phoneme.c.o
2026-10-03T06:04:28.7034776Z [ 10%] Building C object _deps/espeak_ng-build/src/libespeak-ng/CMakeFiles/espeak-ng.dir/phonemelist.c.o
2026-10-03T06:04:28.8035036Z [ 11%] Building C object _deps/espeak_ng-build/src/libespeak-ng/CMakeFiles/espeak-ng.dir/readclause.c.o
2026-10-03T06:04:29.0034716Z [ 11%] Building C object _deps/espeak_ng-build/src/libespeak-ng/CMakeFiles/espeak-ng.dir/setlengths.c.o
2026-10-03T06:04:29.1034908Z [ 11%] Building C object _deps/espeak_ng-build/src/libespeak-ng/CMakeFiles/espeak-ng.dir/soundicon.c.o
2026-10-03T06:04:29.2034821Z [ 12%] Building C object _deps/espeak_ng-build/src/libespeak-ng/CMakeFiles/espeak-ng.dir/spect.c.o
2026-10-03T06:04:29.3035716Z [ 12%] Building C object _deps/espeak_ng-build/src/libespeak-ng/CMakeFiles/espeak-ng.dir/ssml.c.o
2026-10-03T06:04:29.4034894Z [ 12%] Building C object _deps/espeak_ng-build/src/libespeak-ng/CMakeFiles/espeak-ng.dir/synthdata.c.o
2026-10-03T06:04:29.6035401Z [ 13%] Building C object _deps/espeak_ng-build/src/libespeak-ng/CMakeFiles/espeak-ng.dir/synthesize.c.o
2026-10-03T06:04:29.8035156Z [ 13%] Building C object _deps/espeak_ng-build/src/libespeak-ng/CMakeFiles/espeak-ng.dir/tr_languages.c.o
2026-10-03T06:04:30.0035373Z [ 13%] Building C object _deps/espeak_ng-build/src/libespeak-ng/CMakeFiles/espeak-ng.dir/translate.c.o
2026-10-03T06:04:30.2035166Z [ 14%] Building C object _deps/espeak_ng-build/src/libespeak-ng/CMakeFiles/espeak-ng.dir/translateword.c.o
2026-10-03T06:04:30.4035171Z [ 14%] Building C object _deps/espeak_ng-build/src/libespeak-ng/CMakeFiles/espeak-ng.dir/voices.c.o
2026-10-03T06:04:30.6035062Z [ 14%] Building C object _deps/espeak_ng-build/src/libespeak-ng/CMakeFiles/espeak-ng.dir/wavegen.c.o
2026-10-03T06:04:30.9035406Z [ 14%] Building C object _deps/espeak_ng-build/src/libespeak-ng/CMakeFiles/espeak-ng.dir/speech.c.o
2026-10-03T06:04:31.0035194Z [ 15%] Building C object _deps/espeak_ng-build/src/libespeak-ng/CMakeFiles/espeak-ng.dir/espeak_api.c.o
2026-10-03T06:04:31.0036031Z [ 15%] Linking C static library ../../../../lib/libespeak-ng.a
2026-10-03T06:04:31.0036510Z [ 15%] Built target espeak-ng
2026-10-03T06:04:31.0037527Z [ 15%] Building CXX object _deps/kaldi_native_fbank-build/kaldi-native-fbank/csrc/CMakeFiles/kaldi-native-fbank-core.dir/feature-fbank.cc.o
2026-10-03T06:04:31.5035129Z [ 16%] Building CXX object _deps/kaldi_native_fbank-build/kaldi-native-fbank/csrc/CMakeFiles/kaldi-native-fbank-core.dir/feature-functions.cc.o
2026-10-03T06:04:31.9035541Z [ 16%] Building CXX object _deps/kaldi_native_fbank-build/kaldi-native-fbank/csrc/CMakeFiles/kaldi-native-fbank-core.dir/feature-mfcc.cc.o
2026-10-03T06:04:32.5035838Z [ 16%] Building CXX object _deps/kaldi_native_fbank-build/kaldi-native-fbank/csrc/CMakeFiles/kaldi-native-fbank-core.dir/feature-raw-audio-samples.cc.o
2026-10-03T06:04:32.9035496Z [ 17%] Building CXX object _deps/kaldi_native_fbank-build/kaldi-native-fbank/csrc/CMakeFiles/kaldi-native-fbank-core.dir/feature-window.cc.o
2026-10-03T06:04:33.4035451Z [ 17%] Building CXX object _deps/kaldi_native_fbank-build/kaldi-native-fbank/csrc/CMakeFiles/kaldi-native-fbank-core.dir/istft.cc.o
2026-10-03T06:04:33.9035406Z [ 17%] Building CXX object _deps/kaldi_native_fbank-build/kaldi-native-fbank/csrc/CMakeFiles/kaldi-native-fbank-core.dir/kaldi-math.cc.o
2026-10-03T06:04:34.1035095Z [ 18%] Building CXX object _deps/kaldi_native_fbank-build/kaldi-native-fbank/csrc/CMakeFiles/kaldi-native-fbank-core.dir/mel-computations.cc.o
2026-10-03T06:04:34.8035524Z [ 18%] Building CXX object _deps/kaldi_native_fbank-build/kaldi-native-fbank/csrc/CMakeFiles/kaldi-native-fbank-core.dir/online-feature.cc.o
2026-10-03T06:04:35.6035271Z [ 18%] Building CXX object _deps/kaldi_native_fbank-build/kaldi-native-fbank/csrc/CMakeFiles/kaldi-native-fbank-core.dir/rfft.cc.o
2026-10-03T06:04:36.0035289Z [ 19%] Building CXX object _deps/kaldi_native_fbank-build/kaldi-native-fbank/csrc/CMakeFiles/kaldi-native-fbank-core.dir/stft.cc.o
2026-10-03T06:04:36.6035433Z [ 19%] Building CXX object _deps/kaldi_native_fbank-build/kaldi-native-fbank/csrc/CMakeFiles/kaldi-native-fbank-core.dir/whisper-feature.cc.o
2026-10-03T06:04:37.1034980Z [ 19%] Linking CXX static library ../../../../lib/libkaldi-native-fbank-core.a
2026-10-03T06:04:37.1035872Z [ 19%] Built target kaldi-native-fbank-core
2026-10-03T06:04:37.1036688Z [ 19%] Building CXX object _deps/openfst-build/CMakeFiles/fst.dir/src/lib/weight.cc.o
2026-10-03T06:04:37.2035324Z [ 20%] Building CXX object _deps/piper_phonemize-build/CMakeFiles/piper_phonemize.dir/src/phonemize.cpp.o
2026-10-03T06:04:37.8035276Z [ 21%] Linking CXX static library ../../lib/libsherpa-onnx-fst.a
2026-10-03T06:04:37.8035991Z [ 21%] Built target fst
2026-10-03T06:04:37.8036882Z [ 21%] Building CXX object _deps/piper_phonemize-build/CMakeFiles/piper_phonemize.dir/src/phoneme_ids.cpp.o
2026-10-03T06:04:38.9035174Z [ 21%] Building CXX object _deps/piper_phonemize-build/CMakeFiles/piper_phonemize.dir/src/shared.cpp.o
2026-10-03T06:04:38.9036499Z [ 21%] Building CXX object _deps/openfst-build/CMakeFiles/fstfar.dir/src/extensions/far/far.cc.o
2026-10-03T06:04:39.2035577Z [ 22%] Linking CXX static library ../../lib/libpiper_phonemize.a
2026-10-03T06:04:39.2036643Z [ 22%] Built target piper_phonemize
2026-10-03T06:04:39.2037869Z [ 22%] Building CXX object _deps/kaldifst-build/kaldifst/csrc/CMakeFiles/kaldifst_core.dir/context-fst.cc.o
2026-10-03T06:04:39.7043227Z [ 22%] Building CXX object _deps/openfst-build/CMakeFiles/fstfar.dir/src/extensions/far/stlist.cc.o
2026-10-03T06:04:40.2035883Z [ 23%] Building CXX object _deps/openfst-build/CMakeFiles/fstfar.dir/src/extensions/far/sttable.cc.o
2026-10-03T06:04:40.8039961Z [ 23%] Linking CXX static library ../../lib/libsherpa-onnx-fstfar.a
2026-10-03T06:04:40.8040546Z [ 23%] Built target fstfar
2026-10-03T06:04:40.8041218Z [ 24%] Building CXX object _deps/kaldifst-build/kaldifst/csrc/CMakeFiles/kaldifst_core.dir/kaldi-fst-io.cc.o
2026-10-03T06:04:41.6035789Z [ 24%] Building CXX object _deps/kaldifst-build/kaldifst/csrc/CMakeFiles/kaldifst_core.dir/kaldi-holder.cc.o
2026-10-03T06:04:42.0035643Z [ 24%] Building CXX object _deps/kaldifst-build/kaldifst/csrc/CMakeFiles/kaldifst_core.dir/kaldi-io.cc.o
2026-10-03T06:04:42.8035307Z [ 25%] Building CXX object _deps/kaldifst-build/kaldifst/csrc/CMakeFiles/kaldifst_core.dir/kaldi-math.cc.o
2026-10-03T06:04:43.2035386Z [ 25%] Building CXX object _deps/kaldifst-build/kaldifst/csrc/CMakeFiles/kaldifst_core.dir/kaldi-semaphore.cc.o
2026-10-03T06:04:43.5035396Z [ 25%] Building CXX object _deps/kaldifst-build/kaldifst/csrc/CMakeFiles/kaldifst_core.dir/kaldi-table.cc.o
2026-10-03T06:04:43.5041197Z [ 26%] Building CXX object _deps/kaldifst-build/kaldifst/csrc/CMakeFiles/kaldifst_core.dir/parse-options.cc.o
2026-10-03T06:04:43.9035559Z [ 26%] Building CXX object _deps/kaldifst-build/kaldifst/csrc/CMakeFiles/kaldifst_core.dir/text-normalizer.cc.o
2026-10-03T06:04:44.1035249Z [ 26%] Building CXX object _deps/kaldifst-build/kaldifst/csrc/CMakeFiles/kaldifst_core.dir/text-utils.cc.o
2026-10-03T06:04:52.6034670Z [ 27%] Linking CXX static library ../../../../lib/libsherpa-onnx-kaldifst-core.a
2026-10-03T06:04:52.7034875Z [ 27%] Built target kaldifst_core
2026-10-03T06:04:52.7035760Z [ 27%] Building CXX object _deps/kaldi_decoder-build/kaldi-decoder/csrc/CMakeFiles/kaldi-decoder-core.dir/decodable-ctc.cc.o
2026-10-03T06:04:52.7036878Z [ 28%] Building CXX object _deps/kaldi_decoder-build/kaldi-decoder/csrc/CMakeFiles/kaldi-decoder-core.dir/eigen.cc.o
2026-10-03T06:04:53.5035326Z [ 28%] Building CXX object _deps/kaldi_decoder-build/kaldi-decoder/csrc/CMakeFiles/kaldi-decoder-core.dir/faster-decoder.cc.o
2026-10-03T06:04:53.8035472Z [ 28%] Building CXX object _deps/kaldi_decoder-build/kaldi-decoder/csrc/CMakeFiles/kaldi-decoder-core.dir/lattice-faster-decoder.cc.o
2026-10-03T06:04:54.7035526Z [ 29%] Building CXX object _deps/kaldi_decoder-build/kaldi-decoder/csrc/CMakeFiles/kaldi-decoder-core.dir/lattice-simple-decoder.cc.o
2026-10-03T06:04:55.5035419Z [ 29%] Building CXX object _deps/kaldi_decoder-build/kaldi-decoder/csrc/CMakeFiles/kaldi-decoder-core.dir/simple-decoder.cc.o
2026-10-03T06:05:01.2035106Z [ 29%] Linking CXX static library ../../../../lib/libkaldi-decoder-core.a
2026-10-03T06:05:01.2036015Z [ 29%] Built target kaldi-decoder-core
2026-10-03T06:05:01.2036935Z [ 29%] Building CXX object sherpa-onnx/csrc/CMakeFiles/sherpa-onnx-core.dir/base64-decode.cc.o
2026-10-03T06:05:01.2037969Z [ 29%] Building CXX object sherpa-onnx/csrc/CMakeFiles/sherpa-onnx-core.dir/bbpe.cc.o
2026-10-03T06:05:01.5035278Z [ 29%] Building CXX object sherpa-onnx/csrc/CMakeFiles/sherpa-onnx-core.dir/cat.cc.o
2026-10-03T06:05:01.9035146Z [ 30%] Building CXX object sherpa-onnx/csrc/CMakeFiles/sherpa-onnx-core.dir/circular-buffer.cc.o
2026-10-03T06:05:02.4035249Z [ 30%] Building CXX object sherpa-onnx/csrc/CMakeFiles/sherpa-onnx-core.dir/context-graph.cc.o
2026-10-03T06:05:02.6034922Z [ 30%] Building CXX object sherpa-onnx/csrc/CMakeFiles/sherpa-onnx-core.dir/endpoint.cc.o
2026-10-03T06:05:03.1035155Z [ 31%] Building CXX object sherpa-onnx/csrc/CMakeFiles/sherpa-onnx-core.dir/features.cc.o
2026-10-03T06:05:03.1036063Z [ 31%] Building CXX object sherpa-onnx/csrc/CMakeFiles/sherpa-onnx-core.dir/file-utils.cc.o
2026-10-03T06:05:03.6035071Z [ 31%] Building CXX object sherpa-onnx/csrc/CMakeFiles/sherpa-onnx-core.dir/fst-utils.cc.o
2026-10-03T06:05:03.9035242Z [ 32%] Building CXX object sherpa-onnx/csrc/CMakeFiles/sherpa-onnx-core.dir/homophone-replacer.cc.o
2026-10-03T06:05:05.5035178Z [ 32%] Building CXX object sherpa-onnx/csrc/CMakeFiles/sherpa-onnx-core.dir/hypothesis.cc.o
2026-10-03T06:05:06.3035152Z [ 32%] Building CXX object sherpa-onnx/csrc/CMakeFiles/sherpa-onnx-core.dir/keyword-spotter-impl.cc.o
2026-10-03T06:05:07.6035134Z [ 33%] Building CXX object sherpa-onnx/csrc/CMakeFiles/sherpa-onnx-core.dir/keyword-spotter.cc.o
2026-10-03T06:05:09.6034972Z [ 33%] Building CXX object sherpa-onnx/csrc/CMakeFiles/sherpa-onnx-core.dir/lfr.cc.o
2026-10-03T06:05:10.0035168Z [ 33%] Building CXX object sherpa-onnx/csrc/CMakeFiles/sherpa-onnx-core.dir/lodr-fst.cc.o
2026-10-03T06:05:10.8035255Z [ 33%] Building CXX object sherpa-onnx/csrc/CMakeFiles/sherpa-onnx-core.dir/math.cc.o
2026-10-03T06:05:13.0035101Z [ 34%] Building CXX object sherpa-onnx/csrc/CMakeFiles/sherpa-onnx-core.dir/normal-data-generator.cc.o
2026-10-03T06:05:13.3035134Z [ 34%] Building CXX object sherpa-onnx/csrc/CMakeFiles/sherpa-onnx-core.dir/offline-canary-model-config.cc.o
2026-10-03T06:05:13.6035184Z [ 34%] Building CXX object sherpa-onnx/csrc/CMakeFiles/sherpa-onnx-core.dir/offline-canary-model.cc.o
2026-10-03T06:05:13.9035412Z [ 35%] Building CXX object sherpa-onnx/csrc/CMakeFiles/sherpa-onnx-core.dir/offline-cohere-transcribe-greedy-search-decoder.cc.o
2026-10-03T06:05:14.9035619Z [ 35%] Building CXX object sherpa-onnx/csrc/CMakeFiles/sherpa-onnx-core.dir/offline-cohere-transcribe-model-config.cc.o
2026-10-03T06:05:15.3035227Z [ 35%] Building CXX object sherpa-onnx/csrc/CMakeFiles/sherpa-onnx-core.dir/offline-cohere-transcribe-model.cc.o
2026-10-03T06:05:15.6035018Z [ 36%] Building CXX object sherpa-onnx/csrc/CMakeFiles/sherpa-onnx-core.dir/offline-ctc-fst-decoder-config.cc.o
2026-10-03T06:05:16.2035166Z [ 36%] Building CXX object sherpa-onnx/csrc/CMakeFiles/sherpa-onnx-core.dir/offline-ctc-fst-decoder.cc.o
2026-10-03T06:05:17.1035292Z [ 36%] Building CXX object sherpa-onnx/csrc/CMakeFiles/sherpa-onnx-core.dir/offline-ctc-greedy-search-decoder.cc.o
2026-10-03T06:05:18.0035322Z [ 37%] Building CXX object sherpa-onnx/csrc/CMakeFiles/sherpa-onnx-core.dir/offline-ctc-model.cc.o
2026-10-03T06:05:19.0035372Z [ 37%] Building CXX object sherpa-onnx/csrc/CMakeFiles/sherpa-onnx-core.dir/offline-dolphin-model-config.cc.o
2026-10-03T06:05:19.4035448Z [ 37%] Building CXX object sherpa-onnx/csrc/CMakeFiles/sherpa-onnx-core.dir/offline-dolphin-model.cc.o
2026-10-03T06:05:19.6035157Z [ 37%] Building CXX object sherpa-onnx/csrc/CMakeFiles/sherpa-onnx-core.dir/offline-fire-red-asr-ctc-model-config.cc.o
2026-10-03T06:05:20.1035332Z [ 38%] Building CXX object sherpa-onnx/csrc/CMakeFiles/sherpa-onnx-core.dir/offline-fire-red-asr-ctc-model.cc.o
2026-10-03T06:05:21.1035305Z [ 38%] Building CXX object sherpa-onnx/csrc/CMakeFiles/sherpa-onnx-core.dir/offline-fire-red-asr-greedy-search-decoder.cc.o
2026-10-03T06:05:21.9035150Z [ 38%] Building CXX object sherpa-onnx/csrc/CMakeFiles/sherpa-onnx-core.dir/offline-fire-red-asr-model-config.cc.o
2026-10-03T06:05:22.1034987Z [ 39%] Building CXX object sherpa-onnx/csrc/CMakeFiles/sherpa-onnx-core.dir/offline-fire-red-asr-model.cc.o
2026-10-03T06:05:22.5035330Z [ 39%] Building CXX object sherpa-onnx/csrc/CMakeFiles/sherpa-onnx-core.dir/offline-lm-config.cc.o
2026-10-03T06:05:23.1035953Z [ 39%] Building CXX object sherpa-onnx/csrc/CMakeFiles/sherpa-onnx-core.dir/offline-lm.cc.o
2026-10-03T06:05:23.5035389Z [ 40%] Building CXX object sherpa-onnx/csrc/CMakeFiles/sherpa-onnx-core.dir/offline-medasr-ctc-model-config.cc.o
2026-10-03T06:05:24.0035087Z [ 40%] Building CXX object sherpa-onnx/csrc/CMakeFiles/sherpa-onnx-core.dir/offline-medasr-ctc-model.cc.o
2026-10-03T06:05:25.0035478Z [ 40%] Building CXX object sherpa-onnx/csrc/CMakeFiles/sherpa-onnx-core.dir/offline-model-config.cc.o
2026-10-03T06:05:25.3035239Z [ 41%] Building CXX object sherpa-onnx/csrc/CMakeFiles/sherpa-onnx-core.dir/offline-moonshine-greedy-search-decoder.cc.o
2026-10-03T06:05:25.6035001Z [ 41%] Building CXX object sherpa-onnx/csrc/CMakeFiles/sherpa-onnx-core.dir/offline-moonshine-model-config.cc.o
2026-10-03T06:05:26.3035097Z [ 41%] Building CXX object sherpa-onnx/csrc/CMakeFiles/sherpa-onnx-core.dir/offline-moonshine-model-v2.cc.o
2026-10-03T06:05:26.3036612Z [ 41%] Building CXX object sherpa-onnx/csrc/CMakeFiles/sherpa-onnx-core.dir/offline-moonshine-model.cc.o
2026-10-03T06:05:27.5035451Z [ 42%] Building CXX object sherpa-onnx/csrc/CMakeFiles/sherpa-onnx-core.dir/offline-moonshine-v2-greedy-search-decoder.cc.o
2026-10-03T06:05:27.6034820Z [ 42%] Building CXX object sherpa-onnx/csrc/CMakeFiles/sherpa-onnx-core.dir/offline-nemo-enc-dec-ctc-model-config.cc.o
2026-10-03T06:05:28.2035535Z [ 42%] Building CXX object sherpa-onnx/csrc/CMakeFiles/sherpa-onnx-core.dir/offline-nemo-enc-dec-ctc-model.cc.o
2026-10-03T06:05:28.5035533Z [ 43%] Building CXX object sherpa-onnx/csrc/CMakeFiles/sherpa-onnx-core.dir/offline-omnilingual-asr-ctc-model-config.cc.o
2026-10-03T06:05:29.1035362Z [ 43%] Building CXX object sherpa-onnx/csrc/CMakeFiles/sherpa-onnx-core.dir/offline-omnilingual-asr-ctc-model.cc.o
2026-10-03T06:05:29.5035454Z [ 43%] Building CXX object sherpa-onnx/csrc/CMakeFiles/sherpa-onnx-core.dir/offline-paraformer-greedy-search-decoder.cc.o
2026-10-03T06:05:30.3035283Z [ 44%] Building CXX object sherpa-onnx/csrc/CMakeFiles/sherpa-onnx-core.dir/offline-paraformer-model-config.cc.o
2026-10-03T06:05:30.9035344Z [ 44%] Building CXX object sherpa-onnx/csrc/CMakeFiles/sherpa-onnx-core.dir/offline-paraformer-model.cc.o
2026-10-03T06:05:31.0035220Z [ 44%] Building CXX object sherpa-onnx/csrc/CMakeFiles/sherpa-onnx-core.dir/offline-recognizer-impl.cc.o
2026-10-03T06:05:32.1035105Z [ 45%] Building CXX object sherpa-onnx/csrc/CMakeFiles/sherpa-onnx-core.dir/offline-recognizer.cc.o
2026-10-03T06:05:33.4035187Z [ 45%] Building CXX object sherpa-onnx/csrc/CMakeFiles/sherpa-onnx-core.dir/offline-rnn-lm.cc.o
2026-10-03T06:05:35.3035410Z [ 45%] Building CXX object sherpa-onnx/csrc/CMakeFiles/sherpa-onnx-core.dir/offline-sense-voice-model-config.cc.o
2026-10-03T06:05:36.0035298Z [ 45%] Building CXX object sherpa-onnx/csrc/CMakeFiles/sherpa-onnx-core.dir/offline-sense-voice-model.cc.o
2026-10-03T06:05:37.4035452Z [ 46%] Building CXX object sherpa-onnx/csrc/CMakeFiles/sherpa-onnx-core.dir/offline-source-separation-impl.cc.o
2026-10-03T06:05:39.2035425Z [ 46%] Building CXX object sherpa-onnx/csrc/CMakeFiles/sherpa-onnx-core.dir/offline-source-separation-model-config.cc.o
2026-10-03T06:05:39.7035241Z [ 46%] Building CXX object sherpa-onnx/csrc/CMakeFiles/sherpa-onnx-core.dir/offline-source-separation-spleeter-model-config.cc.o
2026-10-03T06:05:39.8035716Z [ 47%] Building CXX object sherpa-onnx/csrc/CMakeFiles/sherpa-onnx-core.dir/offline-source-separation-spleeter-model.cc.o
2026-10-03T06:05:40.3035240Z [ 47%] Building CXX object sherpa-onnx/csrc/CMakeFiles/sherpa-onnx-core.dir/offline-source-separation-uvr-model-config.cc.o
2026-10-03T06:05:40.8039764Z [ 47%] Building CXX object sherpa-onnx/csrc/CMakeFiles/sherpa-onnx-core.dir/offline-source-separation-uvr-model.cc.o
2026-10-03T06:05:40.9035730Z [ 48%] Building CXX object sherpa-onnx/csrc/CMakeFiles/sherpa-onnx-core.dir/offline-source-separation.cc.o
2026-10-03T06:05:41.4035425Z [ 48%] Building CXX object sherpa-onnx/csrc/CMakeFiles/sherpa-onnx-core.dir/offline-stream.cc.o
2026-10-03T06:05:41.9035471Z [ 48%] Building CXX object sherpa-onnx/csrc/CMakeFiles/sherpa-onnx-core.dir/offline-tdnn-ctc-model.cc.o
2026-10-03T06:05:43.0035178Z [ 49%] Building CXX object sherpa-onnx/csrc/CMakeFiles/sherpa-onnx-core.dir/offline-tdnn-model-config.cc.o
2026-10-03T06:05:43.1035057Z [ 49%] Building CXX object sherpa-onnx/csrc/CMakeFiles/sherpa-onnx-core.dir/offline-telespeech-ctc-model.cc.o
2026-10-03T06:05:43.6034990Z [ 49%] Building CXX object sherpa-onnx/csrc/CMakeFiles/sherpa-onnx-core.dir/offline-transducer-greedy-search-decoder.cc.o
2026-10-03T06:05:44.4035452Z [ 49%] Building CXX object sherpa-onnx/csrc/CMakeFiles/sherpa-onnx-core.dir/offline-transducer-greedy-search-nemo-decoder.cc.o
2026-10-03T06:05:45.5035246Z [ 50%] Building CXX object sherpa-onnx/csrc/CMakeFiles/sherpa-onnx-core.dir/offline-transducer-model-config.cc.o
2026-10-03T06:05:46.1034964Z [ 50%] Building CXX object sherpa-onnx/csrc/CMakeFiles/sherpa-onnx-core.dir/offline-transducer-model.cc.o
2026-10-03T06:05:46.2035361Z [ 50%] Building CXX object sherpa-onnx/csrc/CMakeFiles/sherpa-onnx-core.dir/offline-transducer-modified-beam-search-decoder.cc.o
2026-10-03T06:05:48.2035323Z [ 51%] Building CXX object sherpa-onnx/csrc/CMakeFiles/sherpa-onnx-core.dir/offline-transducer-modified-beam-search-nemo-decoder.cc.o
2026-10-03T06:05:48.9035352Z [ 51%] Building CXX object sherpa-onnx/csrc/CMakeFiles/sherpa-onnx-core.dir/offline-transducer-nemo-model.cc.o
2026-10-03T06:05:50.2035266Z [ 51%] Building CXX object sherpa-onnx/csrc/CMakeFiles/sherpa-onnx-core.dir/offline-wenet-ctc-model-config.cc.o
2026-10-03T06:05:50.8035072Z [ 52%] Building CXX object sherpa-onnx/csrc/CMakeFiles/sherpa-onnx-core.dir/offline-wenet-ctc-model.cc.o
2026-10-03T06:05:51.0035305Z [ 52%] Building CXX object sherpa-onnx/csrc/CMakeFiles/sherpa-onnx-core.dir/offline-whisper-dtw.cc.o
2026-10-03T06:05:51.8035307Z [ 52%] Building CXX object sherpa-onnx/csrc/CMakeFiles/sherpa-onnx-core.dir/offline-whisper-greedy-search-decoder.cc.o
2026-10-03T06:05:52.0035418Z [ 53%] Building CXX object sherpa-onnx/csrc/CMakeFiles/sherpa-onnx-core.dir/offline-whisper-model-config.cc.o
2026-10-03T06:05:53.1035167Z [ 53%] Building CXX object sherpa-onnx/csrc/CMakeFiles/sherpa-onnx-core.dir/offline-whisper-model.cc.o
2026-10-03T06:05:53.6035112Z [ 53%] Building CXX object sherpa-onnx/csrc/CMakeFiles/sherpa-onnx-core.dir/offline-whisper-timestamp-rules.cc.o
2026-10-03T06:05:54.5038893Z [ 53%] Building CXX object sherpa-onnx/csrc/CMakeFiles/sherpa-onnx-core.dir/offline-zipformer-ctc-model-config.cc.o
2026-10-03T06:05:55.2035503Z [ 54%] Building CXX object sherpa-onnx/csrc/CMakeFiles/sherpa-onnx-core.dir/offline-zipformer-ctc-model.cc.o
2026-10-03T06:05:55.3035267Z [ 54%] Building CXX object sherpa-onnx/csrc/CMakeFiles/sherpa-onnx-core.dir/online-conformer-transducer-model.cc.o
2026-10-03T06:05:56.3035149Z [ 54%] Building CXX object sherpa-onnx/csrc/CMakeFiles/sherpa-onnx-core.dir/online-ctc-fst-decoder-config.cc.o
2026-10-03T06:05:56.9035281Z [ 55%] Building CXX object sherpa-onnx/csrc/CMakeFiles/sherpa-onnx-core.dir/online-ctc-fst-decoder.cc.o
2026-10-03T06:05:57.4035446Z [ 55%] Building CXX object sherpa-onnx/csrc/CMakeFiles/sherpa-onnx-core.dir/online-ctc-greedy-search-decoder.cc.o
2026-10-03T06:05:58.7035389Z [ 55%] Building CXX object sherpa-onnx/csrc/CMakeFiles/sherpa-onnx-core.dir/online-ctc-model.cc.o
2026-10-03T06:05:59.5035283Z [ 56%] Building CXX object sherpa-onnx/csrc/CMakeFiles/sherpa-onnx-core.dir/online-ebranchformer-transducer-model.cc.o
2026-10-03T06:06:00.5035294Z [ 56%] Building CXX object sherpa-onnx/csrc/CMakeFiles/sherpa-onnx-core.dir/online-lm-config.cc.o
2026-10-03T06:06:01.0035172Z [ 56%] Building CXX object sherpa-onnx/csrc/CMakeFiles/sherpa-onnx-core.dir/online-lm.cc.o
2026-10-03T06:06:01.8035099Z [ 56%] Building CXX object sherpa-onnx/csrc/CMakeFiles/sherpa-onnx-core.dir/online-lstm-transducer-model.cc.o
2026-10-03T06:06:02.7035278Z [ 57%] Building CXX object sherpa-onnx/csrc/CMakeFiles/sherpa-onnx-core.dir/online-model-config.cc.o
2026-10-03T06:06:03.7035793Z [ 57%] Building CXX object sherpa-onnx/csrc/CMakeFiles/sherpa-onnx-core.dir/online-nemo-ctc-model-config.cc.o
2026-10-03T06:06:03.9035351Z [ 57%] Building CXX object sherpa-onnx/csrc/CMakeFiles/sherpa-onnx-core.dir/online-nemo-ctc-model.cc.o
2026-10-03T06:06:04.2035225Z [ 58%] Building CXX object sherpa-onnx/csrc/CMakeFiles/sherpa-onnx-core.dir/online-paraformer-model-config.cc.o
2026-10-03T06:06:04.8035199Z [ 58%] Building CXX object sherpa-onnx/csrc/CMakeFiles/sherpa-onnx-core.dir/online-paraformer-model.cc.o
2026-10-03T06:06:05.2035409Z [ 58%] Building CXX object sherpa-onnx/csrc/CMakeFiles/sherpa-onnx-core.dir/online-recognizer-impl.cc.o
2026-10-03T06:06:06.0035103Z [ 59%] Building CXX object sherpa-onnx/csrc/CMakeFiles/sherpa-onnx-core.dir/online-recognizer.cc.o
2026-10-03T06:06:08.1034997Z [ 59%] Building CXX object sherpa-onnx/csrc/CMakeFiles/sherpa-onnx-core.dir/online-rnn-lm.cc.o
2026-10-03T06:06:10.4035406Z [ 59%] Building CXX object sherpa-onnx/csrc/CMakeFiles/sherpa-onnx-core.dir/online-stream.cc.o
2026-10-03T06:06:12.5035274Z [ 60%] Building CXX object sherpa-onnx/csrc/CMakeFiles/sherpa-onnx-core.dir/online-t-one-ctc-model-config.cc.o
2026-10-03T06:06:12.8034932Z [ 60%] Building CXX object sherpa-onnx/csrc/CMakeFiles/sherpa-onnx-core.dir/online-t-one-ctc-model.cc.o
2026-10-03T06:06:13.0035113Z [ 60%] Building CXX object sherpa-onnx/csrc/CMakeFiles/sherpa-onnx-core.dir/online-transducer-decoder.cc.o
2026-10-03T06:06:14.1035262Z [ 60%] Building CXX object sherpa-onnx/csrc/CMakeFiles/sherpa-onnx-core.dir/online-transducer-greedy-search-decoder.cc.o
2026-10-03T06:06:15.0035632Z [ 61%] Building CXX object sherpa-onnx/csrc/CMakeFiles/sherpa-onnx-core.dir/online-transducer-greedy-search-nemo-parakeet-unified-decoder.cc.o
2026-10-03T06:06:16.1034684Z [ 61%] Building CXX object sherpa-onnx/csrc/CMakeFiles/sherpa-onnx-core.dir/online-transducer-greedy-search-nemo-decoder.cc.o
2026-10-03T06:06:17.2035593Z [ 61%] Building CXX object sherpa-onnx/csrc/CMakeFiles/sherpa-onnx-core.dir/online-transducer-model-config.cc.o
2026-10-03T06:06:17.8035232Z [ 62%] Building CXX object sherpa-onnx/csrc/CMakeFiles/sherpa-onnx-core.dir/online-transducer-model.cc.o
2026-10-03T06:06:18.3035253Z [ 62%] Building CXX object sherpa-onnx/csrc/CMakeFiles/sherpa-onnx-core.dir/online-transducer-modified-beam-search-decoder.cc.o
2026-10-03T06:06:19.7035308Z [ 62%] Building CXX object sherpa-onnx/csrc/CMakeFiles/sherpa-onnx-core.dir/online-transducer-nemo-parakeet-unified-model.cc.o
2026-10-03T06:06:21.0035219Z [ 63%] Building CXX object sherpa-onnx/csrc/CMakeFiles/sherpa-onnx-core.dir/online-transducer-nemo-model.cc.o
2026-10-03T06:06:21.1035738Z [ 63%] Building CXX object sherpa-onnx/csrc/CMakeFiles/sherpa-onnx-core.dir/online-wenet-ctc-model-config.cc.o
2026-10-03T06:06:21.6035306Z [ 63%] Building CXX object sherpa-onnx/csrc/CMakeFiles/sherpa-onnx-core.dir/online-wenet-ctc-model.cc.o
2026-10-03T06:06:22.8035275Z [ 64%] Building CXX object sherpa-onnx/csrc/CMakeFiles/sherpa-onnx-core.dir/online-zipformer-transducer-model.cc.o
2026-10-03T06:06:25.2035377Z [ 64%] Building CXX object sherpa-onnx/csrc/CMakeFiles/sherpa-onnx-core.dir/online-zipformer2-ctc-model-config.cc.o
2026-10-03T06:06:25.2036535Z [ 64%] Building CXX object sherpa-onnx/csrc/CMakeFiles/sherpa-onnx-core.dir/online-zipformer2-ctc-model.cc.o
2026-10-03T06:06:25.8035510Z [ 64%] Building CXX object sherpa-onnx/csrc/CMakeFiles/sherpa-onnx-core.dir/online-zipformer2-transducer-model.cc.o
2026-10-03T06:06:26.9035523Z [ 65%] Building CXX object sherpa-onnx/csrc/CMakeFiles/sherpa-onnx-core.dir/onnx-utils.cc.o
2026-10-03T06:06:28.2035042Z [ 65%] Building CXX object sherpa-onnx/csrc/CMakeFiles/sherpa-onnx-core.dir/packed-sequence.cc.o
2026-10-03T06:06:28.2037174Z [ 65%] Building CXX object sherpa-onnx/csrc/CMakeFiles/sherpa-onnx-core.dir/pad-sequence.cc.o
2026-10-03T06:06:29.0035152Z [ 66%] Building CXX object sherpa-onnx/csrc/CMakeFiles/sherpa-onnx-core.dir/parse-options.cc.o
2026-10-03T06:06:29.2035304Z [ 66%] Building CXX object sherpa-onnx/csrc/CMakeFiles/sherpa-onnx-core.dir/phrase-matcher.cc.o
2026-10-03T06:06:29.8035536Z [ 66%] Building CXX object sherpa-onnx/csrc/CMakeFiles/sherpa-onnx-core.dir/provider-config.cc.o
2026-10-03T06:06:30.7035045Z [ 67%] Building CXX object sherpa-onnx/csrc/CMakeFiles/sherpa-onnx-core.dir/provider.cc.o
2026-10-03T06:06:30.9035067Z [ 67%] Building CXX object sherpa-onnx/csrc/CMakeFiles/sherpa-onnx-core.dir/resample.cc.o
2026-10-03T06:06:31.4035165Z [ 67%] Building CXX object sherpa-onnx/csrc/CMakeFiles/sherpa-onnx-core.dir/session.cc.o
2026-10-03T06:06:31.5035241Z [ 68%] Building CXX object sherpa-onnx/csrc/CMakeFiles/sherpa-onnx-core.dir/silero-vad-model-config.cc.o
2026-10-03T06:06:32.1035272Z [ 68%] Building CXX object sherpa-onnx/csrc/CMakeFiles/sherpa-onnx-core.dir/silero-vad-model.cc.o
2026-10-03T06:06:32.9035223Z [ 68%] Building CXX object sherpa-onnx/csrc/CMakeFiles/sherpa-onnx-core.dir/slice.cc.o
2026-10-03T06:06:33.3035173Z [ 68%] Building CXX object sherpa-onnx/csrc/CMakeFiles/sherpa-onnx-core.dir/spoken-language-identification-impl.cc.o
2026-10-03T06:06:33.7035276Z [ 69%] Building CXX object sherpa-onnx/csrc/CMakeFiles/sherpa-onnx-core.dir/spoken-language-identification.cc.o
2026-10-03T06:06:34.3034998Z [ 69%] Building CXX object sherpa-onnx/csrc/CMakeFiles/sherpa-onnx-core.dir/stack.cc.o
2026-10-03T06:06:34.4035265Z [ 69%] Building CXX object sherpa-onnx/csrc/CMakeFiles/sherpa-onnx-core.dir/symbol-table.cc.o
2026-10-03T06:06:35.2035204Z [ 70%] Building CXX object sherpa-onnx/csrc/CMakeFiles/sherpa-onnx-core.dir/ten-vad-model-config.cc.o
2026-10-03T06:06:35.4035098Z [ 70%] Building CXX object sherpa-onnx/csrc/CMakeFiles/sherpa-onnx-core.dir/ten-vad-model.cc.o
2026-10-03T06:06:35.8035022Z [ 70%] Building CXX object sherpa-onnx/csrc/CMakeFiles/sherpa-onnx-core.dir/text-utils.cc.o
2026-10-03T06:06:37.5035190Z [ 71%] Building CXX object sherpa-onnx/csrc/CMakeFiles/sherpa-onnx-core.dir/timer.cc.o
2026-10-03T06:06:37.5036191Z [ 71%] Building CXX object sherpa-onnx/csrc/CMakeFiles/sherpa-onnx-core.dir/transducer-keyword-decoder.cc.o
2026-10-03T06:06:37.8034988Z [ 71%] Building CXX object sherpa-onnx/csrc/CMakeFiles/sherpa-onnx-core.dir/transpose.cc.o
2026-10-03T06:06:38.6035139Z [ 72%] Building CXX object sherpa-onnx/csrc/CMakeFiles/sherpa-onnx-core.dir/unbind.cc.o
2026-10-03T06:06:39.5035093Z [ 72%] Building CXX object sherpa-onnx/csrc/CMakeFiles/sherpa-onnx-core.dir/utils.cc.o
2026-10-03T06:06:40.1035365Z [ 72%] Building CXX object sherpa-onnx/csrc/CMakeFiles/sherpa-onnx-core.dir/vad-model-config.cc.o
2026-10-03T06:06:40.5043367Z [ 72%] Building CXX object sherpa-onnx/csrc/CMakeFiles/sherpa-onnx-core.dir/vad-model.cc.o
2026-10-03T06:06:40.6035147Z [ 73%] Building CXX object sherpa-onnx/csrc/CMakeFiles/sherpa-onnx-core.dir/version.cc.o
2026-10-03T06:06:40.7035281Z [ 73%] Building CXX object sherpa-onnx/csrc/CMakeFiles/sherpa-onnx-core.dir/voice-activity-detector.cc.o
2026-10-03T06:06:41.0035091Z [ 73%] Building CXX object sherpa-onnx/csrc/CMakeFiles/sherpa-onnx-core.dir/wave-reader.cc.o
2026-10-03T06:06:41.4035192Z [ 74%] Building CXX object sherpa-onnx/csrc/CMakeFiles/sherpa-onnx-core.dir/wave-writer.cc.o
2026-10-03T06:06:41.6035287Z [ 74%] Building CXX object sherpa-onnx/csrc/CMakeFiles/sherpa-onnx-core.dir/speaker-embedding-extractor-impl.cc.o
2026-10-03T06:06:42.0035518Z [ 74%] Building CXX object sherpa-onnx/csrc/CMakeFiles/sherpa-onnx-core.dir/speaker-embedding-extractor-model.cc.o
2026-10-03T06:06:44.1035529Z [ 75%] Building CXX object sherpa-onnx/csrc/CMakeFiles/sherpa-onnx-core.dir/speaker-embedding-extractor-nemo-model.cc.o
2026-10-03T06:06:44.3034926Z [ 75%] Building CXX object sherpa-onnx/csrc/CMakeFiles/sherpa-onnx-core.dir/speaker-embedding-extractor.cc.o
2026-10-03T06:06:46.2035366Z [ 75%] Building CXX object sherpa-onnx/csrc/CMakeFiles/sherpa-onnx-core.dir/speaker-embedding-manager.cc.o
2026-10-03T06:06:46.2036577Z [ 76%] Building CXX object sherpa-onnx/csrc/CMakeFiles/sherpa-onnx-core.dir/audio-tagging-impl.cc.o
2026-10-03T06:06:47.7035301Z [ 76%] Building CXX object sherpa-onnx/csrc/CMakeFiles/sherpa-onnx-core.dir/audio-tagging-label-file.cc.o
2026-10-03T06:06:48.3035428Z [ 76%] Building CXX object sherpa-onnx/csrc/CMakeFiles/sherpa-onnx-core.dir/audio-tagging-model-config.cc.o
2026-10-03T06:06:48.7035939Z [ 76%] Building CXX object sherpa-onnx/csrc/CMakeFiles/sherpa-onnx-core.dir/audio-tagging.cc.o
2026-10-03T06:06:48.9035332Z [ 77%] Building CXX object sherpa-onnx/csrc/CMakeFiles/sherpa-onnx-core.dir/offline-ced-model.cc.o
2026-10-03T06:06:49.3035746Z [ 77%] Building CXX object sherpa-onnx/csrc/CMakeFiles/sherpa-onnx-core.dir/offline-zipformer-audio-tagging-model-config.cc.o
2026-10-03T06:06:49.8034868Z [ 77%] Building CXX object sherpa-onnx/csrc/CMakeFiles/sherpa-onnx-core.dir/offline-zipformer-audio-tagging-model.cc.o
2026-10-03T06:06:50.0035205Z [ 78%] Building CXX object sherpa-onnx/csrc/CMakeFiles/sherpa-onnx-core.dir/qnn-config.cc.o
2026-10-03T06:06:50.5035170Z [ 78%] Building CXX object sherpa-onnx/csrc/CMakeFiles/sherpa-onnx-core.dir/offline-ct-transformer-model.cc.o
2026-10-03T06:06:50.9035302Z [ 78%] Building CXX object sherpa-onnx/csrc/CMakeFiles/sherpa-onnx-core.dir/offline-punctuation-impl.cc.o
2026-10-03T06:06:51.8035471Z [ 79%] Building CXX object sherpa-onnx/csrc/CMakeFiles/sherpa-onnx-core.dir/offline-punctuation-model-config.cc.o
2026-10-03T06:06:52.4035312Z [ 79%] Building CXX object sherpa-onnx/csrc/CMakeFiles/sherpa-onnx-core.dir/offline-punctuation.cc.o
2026-10-03T06:06:52.5035275Z [ 79%] Building CXX object sherpa-onnx/csrc/CMakeFiles/sherpa-onnx-core.dir/online-cnn-bilstm-model.cc.o
2026-10-03T06:06:52.9035313Z [ 79%] Building CXX object sherpa-onnx/csrc/CMakeFiles/sherpa-onnx-core.dir/online-punctuation-impl.cc.o
2026-10-03T06:06:53.6035278Z [ 80%] Building CXX object sherpa-onnx/csrc/CMakeFiles/sherpa-onnx-core.dir/online-punctuation-model-config.cc.o
2026-10-03T06:06:54.2035294Z [ 80%] Building CXX object sherpa-onnx/csrc/CMakeFiles/sherpa-onnx-core.dir/online-punctuation.cc.o
2026-10-03T06:06:54.7035137Z [ 80%] Building CXX object sherpa-onnx/csrc/CMakeFiles/sherpa-onnx-core.dir/tashkeel-tokenizer.cc.o
2026-10-03T06:06:54.8035499Z [ 81%] Building CXX object sherpa-onnx/csrc/CMakeFiles/sherpa-onnx-core.dir/offline-catt-model.cc.o
2026-10-03T06:06:55.9035365Z [ 81%] Building CXX object sherpa-onnx/csrc/CMakeFiles/sherpa-onnx-core.dir/offline-diacritization-model-config.cc.o
2026-10-03T06:06:56.2035401Z [ 81%] Building CXX object sherpa-onnx/csrc/CMakeFiles/sherpa-onnx-core.dir/offline-diacritization.cc.o
2026-10-03T06:06:56.5035410Z [ 82%] Building CXX object sherpa-onnx/csrc/CMakeFiles/sherpa-onnx-core.dir/offline-diacritization-impl.cc.o
2026-10-03T06:06:56.7035327Z [ 82%] Building CXX object sherpa-onnx/csrc/CMakeFiles/sherpa-onnx-core.dir/offline-funasr-nano-model-config.cc.o
2026-10-03T06:06:57.3035199Z [ 82%] Building CXX object sherpa-onnx/csrc/CMakeFiles/sherpa-onnx-core.dir/offline-funasr-nano-model.cc.o
2026-10-03T06:06:57.5035319Z [ 83%] Building CXX object sherpa-onnx/csrc/CMakeFiles/sherpa-onnx-core.dir/offline-recognizer-funasr-nano-impl.cc.o
2026-10-03T06:06:59.2035241Z [ 83%] Building CXX object sherpa-onnx/csrc/CMakeFiles/sherpa-onnx-core.dir/funasr-nano-tokenizer.cc.o
2026-10-03T06:07:00.0035368Z [ 83%] Building CXX object sherpa-onnx/csrc/CMakeFiles/sherpa-onnx-core.dir/offline-qwen3-asr-model-config.cc.o
2026-10-03T06:07:00.6035312Z [ 83%] Building CXX object sherpa-onnx/csrc/CMakeFiles/sherpa-onnx-core.dir/offline-qwen3-asr-model.cc.o
2026-10-03T06:07:01.6035036Z [ 84%] Building CXX object sherpa-onnx/csrc/CMakeFiles/sherpa-onnx-core.dir/offline-recognizer-qwen3-asr-impl.cc.o
2026-10-03T06:07:02.3034824Z [ 84%] Building CXX object sherpa-onnx/csrc/CMakeFiles/sherpa-onnx-core.dir/qwen-asr-tokenizer.cc.o
2026-10-03T06:07:04.6035193Z [ 84%] Building CXX object sherpa-onnx/csrc/CMakeFiles/sherpa-onnx-core.dir/character-lexicon.cc.o
2026-10-03T06:07:05.9034843Z [ 85%] Building CXX object sherpa-onnx/csrc/CMakeFiles/sherpa-onnx-core.dir/hifigan-vocoder.cc.o
2026-10-03T06:07:07.0035111Z [ 85%] Building CXX object sherpa-onnx/csrc/CMakeFiles/sherpa-onnx-core.dir/kokoro-multi-lang-lexicon.cc.o
2026-10-03T06:07:07.8035426Z [ 85%] Building CXX object sherpa-onnx/csrc/CMakeFiles/sherpa-onnx-core.dir/lexicon.cc.o
2026-10-03T06:07:09.2035140Z [ 86%] Building CXX object sherpa-onnx/csrc/CMakeFiles/sherpa-onnx-core.dir/matcha-tts-lexicon.cc.o
2026-10-03T06:07:13.4035181Z [ 86%] Building CXX object sherpa-onnx/csrc/CMakeFiles/sherpa-onnx-core.dir/melo-tts-lexicon.cc.o
2026-10-03T06:07:13.6035296Z [ 86%] Building CXX object sherpa-onnx/csrc/CMakeFiles/sherpa-onnx-core.dir/offline-tts-character-frontend.cc.o
2026-10-03T06:07:14.5035189Z [ 87%] Building CXX object sherpa-onnx/csrc/CMakeFiles/sherpa-onnx-core.dir/offline-tts-frontend.cc.o
2026-10-03T06:07:14.9035271Z [ 87%] Building CXX object sherpa-onnx/csrc/CMakeFiles/sherpa-onnx-core.dir/offline-tts-impl.cc.o
2026-10-03T06:07:16.6035408Z [ 87%] Building CXX object sherpa-onnx/csrc/CMakeFiles/sherpa-onnx-core.dir/offline-tts-kitten-model-config.cc.o
2026-10-03T06:07:17.2035310Z [ 87%] Building CXX object sherpa-onnx/csrc/CMakeFiles/sherpa-onnx-core.dir/offline-tts-kitten-model.cc.o
2026-10-03T06:07:18.6035521Z [ 88%] Building CXX object sherpa-onnx/csrc/CMakeFiles/sherpa-onnx-core.dir/offline-tts-kokoro-model-config.cc.o
2026-10-03T06:07:19.2035258Z [ 88%] Building CXX object sherpa-onnx/csrc/CMakeFiles/sherpa-onnx-core.dir/offline-tts-kokoro-model.cc.o
2026-10-03T06:07:20.5035150Z [ 88%] Building CXX object sherpa-onnx/csrc/CMakeFiles/sherpa-onnx-core.dir/offline-tts-matcha-model-config.cc.o
2026-10-03T06:07:20.5036282Z [ 89%] Building CXX object sherpa-onnx/csrc/CMakeFiles/sherpa-onnx-core.dir/offline-tts-matcha-model.cc.o
2026-10-03T06:07:21.1035250Z [ 89%] Building CXX object sherpa-onnx/csrc/CMakeFiles/sherpa-onnx-core.dir/offline-tts-model-config.cc.o
2026-10-03T06:07:21.7035358Z [ 89%] Building CXX object sherpa-onnx/csrc/CMakeFiles/sherpa-onnx-core.dir/offline-tts-pocket-model-config.cc.o
2026-10-03T06:07:21.7037085Z [ 90%] Building CXX object sherpa-onnx/csrc/CMakeFiles/sherpa-onnx-core.dir/offline-tts-pocket-model.cc.o
2026-10-03T06:07:22.2035210Z [ 90%] Building CXX object sherpa-onnx/csrc/CMakeFiles/sherpa-onnx-core.dir/offline-tts-supertonic-impl.cc.o
2026-10-03T06:07:23.0035026Z [ 90%] Building CXX object sherpa-onnx/csrc/CMakeFiles/sherpa-onnx-core.dir/offline-tts-supertonic-model-config.cc.o
2026-10-03T06:07:23.6035384Z [ 91%] Building CXX object sherpa-onnx/csrc/CMakeFiles/sherpa-onnx-core.dir/offline-tts-supertonic-model.cc.o
2026-10-03T06:07:23.9035702Z [ 91%] Building CXX object sherpa-onnx/csrc/CMakeFiles/sherpa-onnx-core.dir/offline-tts-supertonic-unicode-processor.cc.o
2026-10-03T06:07:24.6035417Z [ 91%] Building CXX object sherpa-onnx/csrc/CMakeFiles/sherpa-onnx-core.dir/offline-tts-vits-model-config.cc.o
2026-10-03T06:07:25.2035253Z [ 91%] Building CXX object sherpa-onnx/csrc/CMakeFiles/sherpa-onnx-core.dir/offline-tts-vits-model.cc.o
2026-10-03T06:07:26.6035245Z [ 92%] Building CXX object sherpa-onnx/csrc/CMakeFiles/sherpa-onnx-core.dir/offline-tts-zipvoice-model-config.cc.o
2026-10-03T06:07:26.6036384Z [ 92%] Building CXX object sherpa-onnx/csrc/CMakeFiles/sherpa-onnx-core.dir/offline-tts-zipvoice-model.cc.o
2026-10-03T06:07:27.2035380Z [ 92%] Building CXX object sherpa-onnx/csrc/CMakeFiles/sherpa-onnx-core.dir/offline-tts.cc.o
2026-10-03T06:07:28.0034999Z [ 93%] Building CXX object sherpa-onnx/csrc/CMakeFiles/sherpa-onnx-core.dir/piper-phonemize-lexicon.cc.o
2026-10-03T06:07:28.3035074Z [ 93%] Building CXX object sherpa-onnx/csrc/CMakeFiles/sherpa-onnx-core.dir/sentence-piece-tokenizer.cc.o
2026-10-03T06:07:30.5035012Z [ 93%] Building CXX object sherpa-onnx/csrc/CMakeFiles/sherpa-onnx-core.dir/vocoder.cc.o
2026-10-03T06:07:31.5035049Z [ 94%] Building CXX object sherpa-onnx/csrc/CMakeFiles/sherpa-onnx-core.dir/vocos-vocoder.cc.o
2026-10-03T06:07:31.5036203Z [ 94%] Building CXX object sherpa-onnx/csrc/CMakeFiles/sherpa-onnx-core.dir/offline-speech-denoiser-dpdfnet-model-config.cc.o
2026-10-03T06:07:32.1035262Z [ 94%] Building CXX object sherpa-onnx/csrc/CMakeFiles/sherpa-onnx-core.dir/offline-speech-denoiser-dpdfnet-model.cc.o
2026-10-03T06:07:32.7035634Z [ 95%] Building CXX object sherpa-onnx/csrc/CMakeFiles/sherpa-onnx-core.dir/offline-speech-denoiser-gtcrn-model-config.cc.o
2026-10-03T06:07:33.3035003Z [ 95%] Building CXX object sherpa-onnx/csrc/CMakeFiles/sherpa-onnx-core.dir/offline-speech-denoiser-gtcrn-model.cc.o
2026-10-03T06:07:33.3036152Z [ 95%] Building CXX object sherpa-onnx/csrc/CMakeFiles/sherpa-onnx-core.dir/offline-speech-denoiser-impl.cc.o
2026-10-03T06:07:34.5035245Z [ 95%] Building CXX object sherpa-onnx/csrc/CMakeFiles/sherpa-onnx-core.dir/offline-speech-denoiser-model-config.cc.o
2026-10-03T06:07:34.9035165Z [ 96%] Building CXX object sherpa-onnx/csrc/CMakeFiles/sherpa-onnx-core.dir/offline-speech-denoiser.cc.o
2026-10-03T06:07:35.0034979Z [ 96%] Building CXX object sherpa-onnx/csrc/CMakeFiles/sherpa-onnx-core.dir/online-speech-denoiser-impl.cc.o
2026-10-03T06:07:35.4035128Z [ 96%] Building CXX object sherpa-onnx/csrc/CMakeFiles/sherpa-onnx-core.dir/online-speech-denoiser.cc.o
2026-10-03T06:07:36.8034538Z [ 97%] Linking CXX static library ../../lib/libsherpa-onnx-core.a
2026-10-03T06:07:36.9035212Z [ 97%] Built target sherpa-onnx-core
2026-10-03T06:07:36.9036035Z [ 97%] Building CXX object sherpa-onnx/jni/CMakeFiles/sherpa-onnx-jni.dir/common.cc.o
2026-10-03T06:07:36.9036873Z [ 97%] Building CXX object sherpa-onnx/jni/CMakeFiles/sherpa-onnx-jni.dir/jni.cc.o
2026-10-03T06:07:37.3034854Z [ 98%] Building CXX object sherpa-onnx/jni/CMakeFiles/sherpa-onnx-jni.dir/offline-recognizer.cc.o
2026-10-03T06:07:37.7035133Z [ 98%] Building CXX object sherpa-onnx/jni/CMakeFiles/sherpa-onnx-jni.dir/offline-stream.cc.o
2026-10-03T06:07:38.2035015Z [ 98%] Building CXX object sherpa-onnx/jni/CMakeFiles/sherpa-onnx-jni.dir/online-stream.cc.o
2026-10-03T06:07:38.5035200Z [ 99%] Building CXX object sherpa-onnx/jni/CMakeFiles/sherpa-onnx-jni.dir/speaker-embedding-extractor.cc.o
2026-10-03T06:07:40.1035061Z [ 99%] Building CXX object sherpa-onnx/jni/CMakeFiles/sherpa-onnx-jni.dir/version.cc.o
2026-10-03T06:07:40.4035209Z [ 99%] Building CXX object sherpa-onnx/jni/CMakeFiles/sherpa-onnx-jni.dir/voice-activity-detector.cc.o
2026-10-03T06:07:40.5034922Z [ 99%] Building CXX object sherpa-onnx/jni/CMakeFiles/sherpa-onnx-jni.dir/offline-tts.cc.o
2026-10-03T06:07:41.7035617Z [100%] Linking CXX shared library ../../lib/libsherpa-onnx-jni.so
2026-10-03T06:07:41.9034387Z [100%] Built target sherpa-onnx-jni
2026-10-03T06:07:41.9034880Z Upstream Sherpa ready: /home/runner/work/Jarvis-OS-V2/Jarvis-OS-V2/app/build/sherpa-native
2026-10-03T06:07:42.1034581Z 
2026-10-03T06:07:42.1035099Z > Task :app:preBuild
2026-10-03T06:07:42.1035480Z > Task :app:preReleaseBuild
2026-10-03T06:07:42.1035742Z > Task :app:generateReleaseBuildConfig
2026-10-03T06:07:48.4078536Z > Task :app:generateReleaseResValues
2026-10-03T06:07:48.4079043Z > Task :app:checkReleaseAarMetadata
2026-10-03T06:07:48.5038539Z > Task :app:mapReleaseSourceSetPaths
2026-10-03T06:07:48.5048020Z > Task :app:generateReleaseResources
2026-10-03T06:07:49.6038488Z > Task :app:packageReleaseResources
2026-10-03T06:07:49.7034965Z > Task :app:mergeReleaseResources
2026-10-03T06:07:51.1058824Z > Task :app:createReleaseCompatibleScreenManifests
2026-10-03T06:07:51.1089625Z > Task :app:extractDeepLinksRelease
2026-10-03T06:07:51.2034993Z > Task :app:parseReleaseLocalResources
2026-10-03T06:07:51.4035011Z > Task :app:processReleaseMainManifest
2026-10-03T06:07:51.4036693Z > Task :app:processReleaseManifest
2026-10-03T06:07:51.4037600Z > Task :app:preReleaseUnitTestBuild
2026-10-03T06:07:51.4038283Z > Task :app:javaPreCompileRelease
2026-10-03T06:07:51.4038877Z > Task :app:javaPreCompileReleaseUnitTest
2026-10-03T06:07:51.5034852Z > Task :app:extractProguardFiles
2026-10-03T06:07:53.4034372Z 
2026-10-03T06:07:53.4051365Z > Task :app:configureCMakeRelWithDebInfo[arm64-v8a]
2026-10-03T06:07:53.4052428Z Checking the license for package CMake 3.22.1 in /usr/local/lib/android/sdk/licenses
2026-10-03T06:07:53.4053260Z License for package CMake 3.22.1 accepted.
2026-10-03T06:07:53.4053852Z Preparing "Install CMake 3.22.1 v.3.22.1".
2026-10-03T06:07:53.4054460Z "Install CMake 3.22.1 v.3.22.1" ready.
2026-10-03T06:07:53.4055529Z Installing CMake 3.22.1 in /usr/local/lib/android/sdk/cmake/3.22.1
2026-10-03T06:07:53.4056221Z "Install CMake 3.22.1 v.3.22.1" complete.
2026-10-03T06:07:53.5044117Z "Install CMake 3.22.1 v.3.22.1" finished.
2026-10-03T06:08:21.4034731Z 
2026-10-03T06:08:21.4108220Z > Task :app:processReleaseManifestForPackage
2026-10-03T06:08:27.5058565Z > Task :app:buildCMakeRelWithDebInfo[arm64-v8a]
2026-10-03T06:08:33.3044974Z > Task :app:mergeReleaseJniLibFolders
2026-10-03T06:08:34.4036392Z > Task :app:mergeReleaseNativeLibs
2026-10-03T06:08:34.8035359Z > Task :app:checkReleaseDuplicateClasses
2026-10-03T06:08:34.9035180Z > Task :app:stripReleaseDebugSymbols
2026-10-03T06:08:35.1038457Z > Task :app:mergeReleaseStartupProfile
2026-10-03T06:08:35.1039072Z > Task :app:mergeReleaseShaders
2026-10-03T06:08:35.1039548Z > Task :app:mergeReleaseArtProfile
2026-10-03T06:08:35.1040029Z > Task :app:compileReleaseShaders NO-SOURCE
2026-10-03T06:08:35.1057703Z > Task :app:generateReleaseAssets UP-TO-DATE
2026-10-03T06:08:35.2044475Z > Task :app:processReleaseResources
2026-10-03T06:08:35.3044620Z > Task :app:extractReleaseNativeSymbolTables
2026-10-03T06:08:35.4068471Z > Task :app:mergeReleaseAssets
2026-10-03T06:08:41.3039895Z > Task :app:extractReleaseVersionControlInfo
2026-10-03T06:08:41.5035242Z > Task :app:compressReleaseAssets
2026-10-03T06:08:41.6080052Z > Task :app:collectReleaseDependencies
2026-10-03T06:08:41.7034933Z > Task :app:sdkReleaseDependencyData
2026-10-03T06:08:41.7048209Z > Task :app:convertLinkedResourcesToProtoRelease
2026-10-03T06:08:41.7048870Z > Task :app:validateSigningRelease
2026-10-03T06:08:41.7049490Z > Task :app:writeReleaseAppMetadata
2026-10-03T06:08:41.7050142Z > Task :app:writeReleaseSigningConfigVersions
2026-10-03T06:08:41.7050758Z > Task :app:preReleaseAndroidTestBuild SKIPPED
2026-10-03T06:08:42.5038465Z > Task :app:processReleaseAndroidTestManifest
2026-10-03T06:08:42.5057956Z > Task :app:generateReleaseAndroidTestBuildConfig
2026-10-03T06:08:42.5118080Z > Task :app:checkReleaseAndroidTestAarMetadata
2026-10-03T06:08:42.5170322Z > Task :app:generateReleaseAndroidTestResValues
2026-10-03T06:08:42.5170913Z > Task :app:mapReleaseAndroidTestSourceSetPaths
2026-10-03T06:08:42.5196233Z > Task :app:generateReleaseAndroidTestResources
2026-10-03T06:08:42.6058481Z > Task :app:javaPreCompileReleaseAndroidTest
2026-10-03T06:08:42.6059334Z > Task :app:mergeReleaseAndroidTestResources
2026-10-03T06:08:42.6087966Z > Task :app:mergeReleaseAndroidTestShaders
2026-10-03T06:08:42.7042172Z > Task :app:compileReleaseAndroidTestShaders NO-SOURCE
2026-10-03T06:08:42.7082587Z > Task :app:generateReleaseAndroidTestAssets UP-TO-DATE
2026-10-03T06:08:42.7139385Z > Task :app:mergeReleaseAndroidTestAssets
2026-10-03T06:08:42.8034853Z > Task :app:compressReleaseAndroidTestAssets
2026-10-03T06:08:42.9047019Z > Task :app:processReleaseAndroidTestResources
2026-10-03T06:08:42.9078268Z > Task :app:mergeReleaseAndroidTestJniLibFolders
2026-10-03T06:08:42.9080516Z > Task :app:checkReleaseAndroidTestDuplicateClasses
2026-10-03T06:08:42.9081220Z > Task :app:mergeReleaseAndroidTestNativeLibs NO-SOURCE
2026-10-03T06:08:42.9081880Z > Task :app:stripReleaseAndroidTestDebugSymbols NO-SOURCE
2026-10-03T06:08:42.9082507Z > Task :app:validateSigningReleaseAndroidTest
2026-10-03T06:08:43.0034889Z > Task :app:writeReleaseAndroidTestSigningConfigVersions
2026-10-03T06:08:45.2038418Z > Task :app:mergeReleaseNativeDebugMetadata
2026-10-03T06:09:05.4035097Z > Task :app:compileReleaseKotlin
2026-10-03T06:16:33.6035925Z w: file:///home/runner/work/Jarvis-OS-V2/Jarvis-OS-V2/app/src/main/java/com/battlesbudz/jarvis/v2/JarvisRuntime.kt:88:14 'lateinit' is unnecessary: definitely initialized in constructors.
2026-10-03T06:16:33.6037890Z w: file:///home/runner/work/Jarvis-OS-V2/Jarvis-OS-V2/app/src/main/java/com/battlesbudz/jarvis/v2/JarvisRuntime.kt:177:14 'lateinit' is unnecessary: definitely initialized in constructors.
2026-10-03T06:16:33.6039240Z w: file:///home/runner/work/Jarvis-OS-V2/Jarvis-OS-V2/app/src/main/java/com/battlesbudz/jarvis/v2/JarvisRuntime.kt:178:14 'lateinit' is unnecessary: definitely initialized in constructors.
2026-10-03T06:16:33.6040249Z w: file:///home/runner/work/Jarvis-OS-V2/Jarvis-OS-V2/app/src/main/java/com/battlesbudz/jarvis/v2/JarvisRuntime.kt:182:14 'lateinit' is unnecessary: definitely initialized in constructors.
2026-10-03T06:16:33.6041255Z w: file:///home/runner/work/Jarvis-OS-V2/Jarvis-OS-V2/app/src/main/java/com/battlesbudz/jarvis/v2/JarvisRuntime.kt:183:14 'lateinit' is unnecessary: definitely initialized in constructors.
2026-10-03T06:16:33.6042223Z w: file:///home/runner/work/Jarvis-OS-V2/Jarvis-OS-V2/app/src/main/java/com/battlesbudz/jarvis/v2/JarvisRuntime.kt:184:14 'lateinit' is unnecessary: definitely initialized in constructors.
2026-10-03T06:16:33.6043154Z w: file:///home/runner/work/Jarvis-OS-V2/Jarvis-OS-V2/app/src/main/java/com/battlesbudz/jarvis/v2/JarvisRuntime.kt:185:14 'lateinit' is unnecessary: definitely initialized in constructors.
2026-10-03T06:16:33.6044270Z w: file:///home/runner/work/Jarvis-OS-V2/Jarvis-OS-V2/app/src/main/java/com/battlesbudz/jarvis/v2/JarvisRuntime.kt:187:14 'lateinit' is unnecessary: definitely initialized in constructors.
2026-10-03T06:16:33.6045255Z w: file:///home/runner/work/Jarvis-OS-V2/Jarvis-OS-V2/app/src/main/java/com/battlesbudz/jarvis/v2/JarvisRuntime.kt:784:62 Unnecessary safe call on a non-null receiver of type 'LiveComparison.Trial'.
2026-10-03T06:16:33.6046235Z w: file:///home/runner/work/Jarvis-OS-V2/Jarvis-OS-V2/app/src/main/java/com/battlesbudz/jarvis/v2/JarvisRuntime.kt:1398:91 Unnecessary safe call on a non-null receiver of type 'Job'.
2026-10-03T06:16:33.6047157Z w: file:///home/runner/work/Jarvis-OS-V2/Jarvis-OS-V2/app/src/main/java/com/battlesbudz/jarvis/v2/JarvisRuntime.kt:1834:34 Unnecessary safe call on a non-null receiver of type 'Job'.
2026-10-03T06:16:33.6048363Z w: file:///home/runner/work/Jarvis-OS-V2/Jarvis-OS-V2/app/src/main/java/com/battlesbudz/jarvis/v2/JarvisRuntime.kt:1864:34 Unnecessary safe call on a non-null receiver of type 'Job'.
2026-10-03T06:16:33.6049375Z w: file:///home/runner/work/Jarvis-OS-V2/Jarvis-OS-V2/app/src/main/java/com/battlesbudz/jarvis/v2/actions/InstalledAppResolver.kt:83:51 Unnecessary safe call on a non-null receiver of type 'CharSequence'.
2026-10-03T06:16:33.6050495Z w: file:///home/runner/work/Jarvis-OS-V2/Jarvis-OS-V2/app/src/main/java/com/battlesbudz/jarvis/v2/chat/ConversationHistory.kt:90:111 Unnecessary non-null assertion (!!) on a non-null receiver of type 'ConversationMessage'.
2026-10-03T06:16:33.6051647Z w: file:///home/runner/work/Jarvis-OS-V2/Jarvis-OS-V2/app/src/main/java/com/battlesbudz/jarvis/v2/chat/ConversationHistory.kt:181:56 Java type mismatch: inferred type is 'String?', but 'String' was expected.
2026-10-03T06:16:33.6052853Z w: file:///home/runner/work/Jarvis-OS-V2/Jarvis-OS-V2/app/src/main/java/com/battlesbudz/jarvis/v2/conversation/ConversationRuntime.kt:207:55 Unnecessary non-null assertion (!!) on a non-null receiver of type 'MemoryDeliveryFence.Ticket'.
2026-10-03T06:16:33.6054042Z w: file:///home/runner/work/Jarvis-OS-V2/Jarvis-OS-V2/app/src/main/java/com/battlesbudz/jarvis/v2/diagnostics/DiagnosticRecorder.kt:116:49 Java type mismatch: inferred type is 'String?', but 'String' was expected.
2026-10-03T06:16:33.6055114Z w: file:///home/runner/work/Jarvis-OS-V2/Jarvis-OS-V2/app/src/main/java/com/battlesbudz/jarvis/v2/diagnostics/DiagnosticRecorder.kt:135:55 Java type mismatch: inferred type is 'String?', but 'String' was expected.
2026-10-03T06:16:33.6056172Z w: file:///home/runner/work/Jarvis-OS-V2/Jarvis-OS-V2/app/src/main/java/com/battlesbudz/jarvis/v2/diagnostics/DiagnosticRecorder.kt:158:29 Java type mismatch: inferred type is 'String?', but 'String' was expected.
2026-10-03T06:16:33.6057257Z w: file:///home/runner/work/Jarvis-OS-V2/Jarvis-OS-V2/app/src/main/java/com/battlesbudz/jarvis/v2/memory/SourceTextPersistencePolicy.kt:64:68 Java type mismatch: inferred type is 'String?', but 'String' was expected.
2026-10-03T06:16:33.6058573Z w: file:///home/runner/work/Jarvis-OS-V2/Jarvis-OS-V2/app/src/main/java/com/battlesbudz/jarvis/v2/memory/SourceTextPersistencePolicy.kt:67:61 Java type mismatch: inferred type is 'String?', but 'String' was expected.
2026-10-03T06:16:33.6059801Z w: file:///home/runner/work/Jarvis-OS-V2/Jarvis-OS-V2/app/src/main/java/com/battlesbudz/jarvis/v2/memory/SourceTextPersistencePolicy.kt:112:43 Unnecessary non-null assertion (!!) on a non-null receiver of type 'SourceTextPersistencePolicy.SummaryProof'.
2026-10-03T06:16:33.6061386Z w: file:///home/runner/work/Jarvis-OS-V2/Jarvis-OS-V2/app/src/main/java/com/battlesbudz/jarvis/v2/ui/MemoryScreen.kt:49:21 'val LocalLifecycleOwner: ProvidableCompositionLocal<LifecycleOwner>' is deprecated. Moved to lifecycle-runtime-compose library in androidx.lifecycle.compose package.
2026-10-03T06:16:33.6062713Z w: file:///home/runner/work/Jarvis-OS-V2/Jarvis-OS-V2/app/src/main/java/com/battlesbudz/jarvis/v2/ui/MemoryScreen.kt:186:44 Unnecessary safe call on a non-null receiver of type 'MemoryWikiIndex'.
2026-10-03T06:16:33.6064010Z w: file:///home/runner/work/Jarvis-OS-V2/Jarvis-OS-V2/app/src/main/java/com/battlesbudz/jarvis/v2/voice/AudioTurnCapture.kt:368:78 Unnecessary non-null assertion (!!) on a non-null receiver of type 'Boolean'.
2026-10-03T06:16:33.6065101Z w: file:///home/runner/work/Jarvis-OS-V2/Jarvis-OS-V2/app/src/main/java/com/battlesbudz/jarvis/v2/voice/PiperVoiceOutput.kt:362:53 Unnecessary safe call on a non-null receiver of type 'CallModelSlot.Lease<OfflineTts>'.
2026-10-03T06:16:33.6066191Z w: file:///home/runner/work/Jarvis-OS-V2/Jarvis-OS-V2/app/src/main/java/com/battlesbudz/jarvis/v2/voice/RecognitionModelStore.kt:32:41 'val nextTarEntry: TarArchiveEntry!' is deprecated. Deprecated in Java.
2026-10-03T06:16:33.6067227Z w: file:///home/runner/work/Jarvis-OS-V2/Jarvis-OS-V2/app/src/main/java/com/battlesbudz/jarvis/v2/voice/TtsModelStore.kt:77:37 'val nextTarEntry: TarArchiveEntry!' is deprecated. Deprecated in Java.
2026-10-03T06:16:41.0057983Z 
2026-10-03T06:16:41.0088030Z > Task :app:compileReleaseJavaWithJavac
2026-10-03T06:16:41.0088561Z > Task :app:processReleaseJavaRes
2026-10-03T06:16:41.2034932Z > Task :app:bundleReleaseClassesToRuntimeJar
2026-10-03T06:16:41.2035621Z > Task :app:bundleReleaseClassesToCompileJar
2026-10-03T06:16:43.0034479Z > Task :app:generateReleaseLintVitalReportModel
2026-10-03T06:16:48.7038552Z > Task :app:mergeReleaseGeneratedProguardFiles
2026-10-03T06:16:50.8058518Z > Task :app:expandReleaseArtProfileWildcards
2026-10-03T06:16:54.2038301Z > Task :app:mergeReleaseJavaResource
2026-10-03T06:16:55.5058483Z > Task :app:produceReleaseComposeMapping
2026-10-03T06:16:55.5093717Z > Task :app:reportReleaseComposeMappingErrors
2026-10-03T06:17:04.2047274Z 
2026-10-03T06:17:04.2104328Z > Task :app:compileReleaseAndroidTestKotlin
2026-10-03T06:17:04.2214624Z w: file:///home/runner/work/Jarvis-OS-V2/Jarvis-OS-V2/app/src/androidTest/java/com/battlesbudz/jarvis/v2/verification/ReleaseJourneyTest.kt:1634:89 Unnecessary non-null assertion (!!) on a non-null receiver of type 'MemoryContextPacket'.
2026-10-03T06:17:06.3035348Z 
2026-10-03T06:17:06.3036251Z > Task :app:compileReleaseUnitTestKotlin
2026-10-03T06:17:06.3058797Z w: file:///home/runner/work/Jarvis-OS-V2/Jarvis-OS-V2/app/src/test/java/com/battlesbudz/jarvis/v2/ai/TurnOrchestratorTest.kt:158:38 Unnecessary non-null assertion (!!) on a non-null receiver of type 'String'.
2026-10-03T06:17:06.3088740Z w: file:///home/runner/work/Jarvis-OS-V2/Jarvis-OS-V2/app/src/test/java/com/battlesbudz/jarvis/v2/ai/storage/ModelRemovalTest.kt:18:13 Only safe (?.) or non-null asserted (!!.) calls are allowed on a nullable receiver of type 'File?'.
2026-10-03T06:17:06.3118614Z w: file:///home/runner/work/Jarvis-OS-V2/Jarvis-OS-V2/app/src/test/java/com/battlesbudz/jarvis/v2/memory/ConversationMemoryTest.kt:67:62 Unnecessary non-null assertion (!!) on a non-null receiver of type 'MemoryRecord'.
2026-10-03T06:17:06.3121198Z w: file:///home/runner/work/Jarvis-OS-V2/Jarvis-OS-V2/app/src/test/java/com/battlesbudz/jarvis/v2/memory/MemorySensitivityPolicyTest.kt:39:50 Unnecessary non-null assertion (!!) on a non-null receiver of type 'MemoryContextPacket'.
2026-10-03T06:17:06.3148664Z w: file:///home/runner/work/Jarvis-OS-V2/Jarvis-OS-V2/app/src/test/java/com/battlesbudz/jarvis/v2/voice/SherpaPcmCallbackTest.kt:9:37 This class is not recommended for use in Kotlin. Use 'kotlin.Int' instead.
2026-10-03T06:17:06.3178728Z w: file:///home/runner/work/Jarvis-OS-V2/Jarvis-OS-V2/app/src/test/java/com/battlesbudz/jarvis/v2/voice/VoiceCallStorePrivacyTest.kt:74:77 Unnecessary non-null assertion (!!) on a non-null receiver of type 'VoiceTaskStatus'.
2026-10-03T06:17:06.3208786Z w: file:///home/runner/work/Jarvis-OS-V2/Jarvis-OS-V2/app/src/test/java/com/battlesbudz/jarvis/v2/voice/VoiceCallStorePrivacyTest.kt:75:95 Unnecessary non-null assertion (!!) on a non-null receiver of type 'VoiceTaskStatus'.
2026-10-03T06:17:06.3223539Z w: file:///home/runner/work/Jarvis-OS-V2/Jarvis-OS-V2/app/src/test/java/com/battlesbudz/jarvis/v2/voice/VoiceCallStorePrivacyTest.kt:84:43 Unnecessary non-null assertion (!!) on a non-null receiver of type 'VoiceTaskStatus'.
2026-10-03T06:17:07.5087995Z 
2026-10-03T06:17:07.5095731Z > Task :app:compileReleaseAndroidTestJavaWithJavac
2026-10-03T06:17:07.5148297Z > Task :app:compileReleaseUnitTestJavaWithJavac NO-SOURCE
2026-10-03T06:17:07.6048489Z > Task :app:processReleaseUnitTestJavaRes
2026-10-03T06:17:13.5079221Z > Task :app:lintVitalAnalyzeRelease
2026-10-03T06:17:21.4036947Z > Task :app:testReleaseUnitTest
2026-10-03T06:17:21.4037583Z > Task :app:processReleaseAndroidTestJavaRes
2026-10-03T06:17:21.6048587Z > Task :app:mergeReleaseAndroidTestJavaResource
2026-10-03T06:17:24.2038482Z > Task :app:minifyReleaseWithR8
2026-10-03T06:18:20.0038456Z > Task :app:lintVitalReportRelease
2026-10-03T06:18:20.1035236Z > Task :app:lintVitalRelease
2026-10-03T06:19:19.0036564Z > Task :app:mergeReleaseComposeMapping
2026-10-03T06:19:19.6035118Z > Task :app:compileReleaseArtProfile
2026-10-03T06:19:22.2058423Z > Task :app:shrinkReleaseRes
2026-10-03T06:19:22.3068461Z > Task :app:convertShrunkResourcesToBinaryRelease
2026-10-03T06:19:22.4058542Z > Task :app:optimizeReleaseResources
2026-10-03T06:19:23.2034767Z > Task :app:packageRelease
2026-10-03T06:19:23.2036125Z > Task :app:createReleaseApkListingFileRedirect
2026-10-03T06:19:23.2036743Z > Task :app:assembleRelease
2026-10-03T06:19:28.7041766Z > Task :app:minifyReleaseAndroidTestWithR8
2026-10-03T06:19:28.8048449Z > Task :app:packageReleaseAndroidTest
2026-10-03T06:19:28.8079243Z > Task :app:createReleaseAndroidTestApkListingFileRedirect
2026-10-03T06:19:28.8088494Z > Task :app:assembleReleaseAndroidTest
2026-10-03T06:19:28.8123485Z gradle/actions: Writing build results to /home/runner/work/_temp/.gradle-actions/build-results/__run_5-1791007406461.json
2026-10-03T06:19:28.8817709Z 
2026-10-03T06:19:28.8848156Z BUILD SUCCESSFUL in 16m 8s
2026-10-03T06:19:28.8871784Z 89 actionable tasks: 89 executed
2026-10-03T06:19:29.2060736Z ##[group]Run actions/upload-artifact@v4
2026-10-03T06:19:29.2061013Z with:
2026-10-03T06:19:29.2061213Z   name: jarvis-verification-test-apk
2026-10-03T06:19:29.2061505Z   path: app/build/outputs/apk/androidTest/release/*.apk
2026-10-03T06:19:29.2061787Z   if-no-files-found: error
2026-10-03T06:19:29.2062009Z   compression-level: 6
2026-10-03T06:19:29.2062211Z   overwrite: false
2026-10-03T06:19:29.2062412Z   include-hidden-files: false
2026-10-03T06:19:29.2062628Z env:
2026-10-03T06:19:29.2062896Z   JAVA_HOME: /opt/hostedtoolcache/Java_Temurin-Hotspot_jdk/21.0.12-1/x64
2026-10-03T06:19:29.2063315Z   JAVA_HOME_21_X64: /opt/hostedtoolcache/Java_Temurin-Hotspot_jdk/21.0.12-1/x64
2026-10-03T06:19:29.2063665Z   GRADLE_ACTION_ID: gradle/actions/setup-gradle
2026-10-03T06:19:29.2063929Z   GRADLE_USER_HOME: /home/runner/.gradle
2026-10-03T06:19:29.2064185Z   GRADLE_BUILD_ACTION_SETUP_COMPLETED: true
2026-10-03T06:19:29.2064447Z   GRADLE_BUILD_ACTION_CACHE_RESTORED: true
2026-10-03T06:19:29.2064846Z   DEVELOCITY_INJECTION_INIT_SCRIPT_NAME: gradle-actions.inject-develocity.init.gradle
2026-10-03T06:19:29.2065256Z   DEVELOCITY_INJECTION_CUSTOM_VALUE: gradle-actions
2026-10-03T06:19:29.2065536Z   GITHUB_DEPENDENCY_GRAPH_ENABLED: false
2026-10-03T06:19:29.2065765Z ##[endgroup]
2026-10-03T06:19:29.3411269Z (node:6881) [DEP0040] DeprecationWarning: The `punycode` module is deprecated. Please use a userland alternative instead.
2026-10-03T06:19:29.3412266Z (Use `node --trace-deprecation ...` to show where the warning was created)
2026-10-03T06:19:29.3487195Z With the provided path, there will be 1 file uploaded
2026-10-03T06:19:29.3488083Z Artifact name is valid!
2026-10-03T06:19:29.3488426Z Root directory input is valid!
2026-10-03T06:19:29.6065824Z Beginning upload of artifact content to blob storage
2026-10-03T06:19:29.6514818Z (node:6881) [DEP0169] DeprecationWarning: `url.parse()` behavior is not standardized and prone to errors that have security implications. Use the WHATWG URL API instead. CVEs are not issued for `url.parse()` vulnerabilities.
2026-10-03T06:19:29.8464659Z Uploaded bytes 439954
2026-10-03T06:19:29.8803702Z Finished uploading artifact content to blob storage!
2026-10-03T06:19:29.8804370Z SHA256 digest of uploaded artifact zip is b335e7ba87b50500d06d4fde0c6610f8800e737e67540e3ada1f64dd70f1dc5d
2026-10-03T06:19:29.8805827Z Finalizing artifact upload
2026-10-03T06:19:30.0994771Z Artifact jarvis-verification-test-apk.zip successfully finalized. Artifact ID 11266758173
2026-10-03T06:19:30.0995842Z Artifact jarvis-verification-test-apk has been successfully uploaded! Final size is 439954 bytes. Artifact ID is 11266758173
2026-10-03T06:19:30.1001090Z Artifact download URL: https://github.com/battlesbudz/Jarvis-OS-V2/actions/runs/37101689875/artifacts/11266758173
2026-10-03T06:19:30.1122539Z ##[group]Run actions/upload-artifact@v4
2026-10-03T06:19:30.1122815Z with:
2026-10-03T06:19:30.1123124Z   name: ***-unit-tests
2026-10-03T06:19:30.1123527Z   path: app/build/test-results/testReleaseUnitTest/
app/build/reports/tests/testReleaseUnitTest/

2026-10-03T06:19:30.1123967Z   if-no-files-found: warn
2026-10-03T06:19:30.1124199Z   compression-level: 6
2026-10-03T06:19:30.1124411Z   overwrite: false
2026-10-03T06:19:30.1124617Z   include-hidden-files: false
2026-10-03T06:19:30.1124838Z env:
2026-10-03T06:19:30.1125116Z   JAVA_HOME: /opt/hostedtoolcache/Java_Temurin-Hotspot_jdk/21.0.12-1/x64
2026-10-03T06:19:30.1125535Z   JAVA_HOME_21_X64: /opt/hostedtoolcache/Java_Temurin-Hotspot_jdk/21.0.12-1/x64
2026-10-03T06:19:30.1125895Z   GRADLE_ACTION_ID: gradle/actions/setup-gradle
2026-10-03T06:19:30.1126163Z   GRADLE_USER_HOME: /home/runner/.gradle
2026-10-03T06:19:30.1126425Z   GRADLE_BUILD_ACTION_SETUP_COMPLETED: true
2026-10-03T06:19:30.1126720Z   GRADLE_BUILD_ACTION_CACHE_RESTORED: true
2026-10-03T06:19:30.1127102Z   DEVELOCITY_INJECTION_INIT_SCRIPT_NAME: gradle-actions.inject-develocity.init.gradle
2026-10-03T06:19:30.1127795Z   DEVELOCITY_INJECTION_CUSTOM_VALUE: gradle-actions
2026-10-03T06:19:30.1128080Z   GITHUB_DEPENDENCY_GRAPH_ENABLED: false
2026-10-03T06:19:30.1128327Z ##[endgroup]
2026-10-03T06:19:30.2416123Z (node:6895) [DEP0040] DeprecationWarning: The `punycode` module is deprecated. Please use a userland alternative instead.
2026-10-03T06:19:30.2416820Z (Use `node --trace-deprecation ...` to show where the warning was created)
2026-10-03T06:19:30.2788465Z Multiple search paths detected. Calculating the least common ancestor of all paths
2026-10-03T06:19:30.2790638Z The least common ancestor is /home/runner/work/Jarvis-OS-V2/Jarvis-OS-V2/app/build. This will be the root directory of the artifact
2026-10-03T06:19:30.2791471Z With the provided path, there will be 316 files uploaded
2026-10-03T06:19:30.2795456Z Artifact name is valid!
2026-10-03T06:19:30.2796119Z Root directory input is valid!
2026-10-03T06:19:30.5206910Z Beginning upload of artifact content to blob storage
2026-10-03T06:19:30.6972269Z (node:6895) [DEP0169] DeprecationWarning: `url.parse()` behavior is not standardized and prone to errors that have security implications. Use the WHATWG URL API instead. CVEs are not issued for `url.parse()` vulnerabilities.
2026-10-03T06:19:30.9402081Z Uploaded bytes 342383
2026-10-03T06:19:30.9715441Z Finished uploading artifact content to blob storage!
2026-10-03T06:19:30.9716281Z SHA256 digest of uploaded artifact zip is 3acdca50fede1455d1fc2e0b5bbea2370f37653b7371e2f7945b22b773147ef9
2026-10-03T06:19:30.9717678Z Finalizing artifact upload
2026-10-03T06:19:31.1962439Z Artifact ***-unit-tests.zip successfully finalized. Artifact ID 11266284164
2026-10-03T06:19:31.1963381Z Artifact ***-unit-tests has been successfully uploaded! Final size is 342383 bytes. Artifact ID is 11266284164
2026-10-03T06:19:31.1968148Z Artifact download URL: https://github.com/battlesbudz/Jarvis-OS-V2/actions/runs/37101689875/artifacts/11266284164
2026-10-03T06:19:31.2104381Z ##[group]Run python3 scripts/apk_size_report.py app/build/outputs/apk/release/app-release.apk --output artifact/size --baseline docs/measurements/build-705-apk-size.json
2026-10-03T06:19:31.2106020Z [36;1mpython3 scripts/apk_size_report.py app/build/outputs/apk/release/app-release.apk --output artifact/size --baseline docs/measurements/build-705-apk-size.json[0m
2026-10-03T06:19:31.2107512Z [36;1mcat artifact/size/apk-size.md >> "$GITHUB_STEP_SUMMARY"[0m
2026-10-03T06:19:31.2174183Z shell: /usr/bin/bash -e {0}
2026-10-03T06:19:31.2174547Z env:
2026-10-03T06:19:31.2174983Z   JAVA_HOME: /opt/hostedtoolcache/Java_Temurin-Hotspot_jdk/21.0.12-1/x64
2026-10-03T06:19:31.2175674Z   JAVA_HOME_21_X64: /opt/hostedtoolcache/Java_Temurin-Hotspot_jdk/21.0.12-1/x64
2026-10-03T06:19:31.2176250Z   GRADLE_ACTION_ID: gradle/actions/setup-gradle
2026-10-03T06:19:31.2176637Z   GRADLE_USER_HOME: /home/runner/.gradle
2026-10-03T06:19:31.2176902Z   GRADLE_BUILD_ACTION_SETUP_COMPLETED: true
2026-10-03T06:19:31.2177207Z   GRADLE_BUILD_ACTION_CACHE_RESTORED: true
2026-10-03T06:19:31.2177804Z   DEVELOCITY_INJECTION_INIT_SCRIPT_NAME: gradle-actions.inject-develocity.init.gradle
2026-10-03T06:19:31.2178218Z   DEVELOCITY_INJECTION_CUSTOM_VALUE: gradle-actions
2026-10-03T06:19:31.2178517Z   GITHUB_DEPENDENCY_GRAPH_ENABLED: false
2026-10-03T06:19:31.2178766Z ##[endgroup]
2026-10-03T06:19:31.2532441Z # APK size report
2026-10-03T06:19:31.2532702Z 
2026-10-03T06:19:31.2532861Z APK: 83,640,805 bytes (83.64 MB).
2026-10-03T06:19:31.2533566Z MB uses 1,000,000 bytes. ZIP bytes measure the download; uncompressed payload is not total installed storage.
2026-10-03T06:19:31.2534111Z 
2026-10-03T06:19:31.2534298Z Change from baseline: +10,404,486 bytes (+10.40 MB).
2026-10-03T06:19:31.2534603Z 
2026-10-03T06:19:31.2534787Z | Component | ZIP bytes | Uncompressed bytes |
2026-10-03T06:19:31.2535230Z | --- | ---: | ---: |
2026-10-03T06:19:31.2535551Z | lib | 66,420,072 | 66,420,072 |
2026-10-03T06:19:31.2535940Z | dex | 10,432,220 | 10,432,220 |
2026-10-03T06:19:31.2536307Z | org | 4,250,182 | 8,490,822 |
2026-10-03T06:19:31.2536663Z | assets | 2,263,126 | 5,470,375 |
2026-10-03T06:19:31.2537043Z | metadata | 95,998 | 110,210 |
2026-10-03T06:19:31.2537597Z | kotlin | 12,342 | 53,381 |
2026-10-03T06:19:31.2537955Z | META-INF | 5,599 | 11,063 |
2026-10-03T06:19:31.2538301Z | res | 1,084 | 2,364 |
2026-10-03T06:19:31.2538497Z 
2026-10-03T06:19:31.2538630Z ## Largest entries
2026-10-03T06:19:31.2538814Z 
2026-10-03T06:19:31.2539011Z | Entry | ZIP bytes | Storage | Delta from baseline |
2026-10-03T06:19:31.2539462Z | --- | ---: | --- | ---: |
2026-10-03T06:19:31.2539884Z | lib/arm64-v8a/libonnxruntime.so | 21,684,872 | stored | +0 |
2026-10-03T06:19:31.2540478Z | lib/arm64-v8a/liblitertlm_jni.so | 21,529,640 | stored | +6,862,216 |
2026-10-03T06:19:31.2541040Z | lib/arm64-v8a/libmoonshine.so | 11,112,456 | stored | +0 |
2026-10-03T06:19:31.2541469Z | classes.dex | 10,432,220 | stored | +6,489,220 |
2026-10-03T06:19:31.2541961Z | lib/arm64-v8a/libms_ort_1232.so | 6,291,928 | stored | +0 |
2026-10-03T06:19:31.2542550Z | lib/arm64-v8a/libsherpa-onnx-jni.so | 3,594,000 | stored | -939,912 |
2026-10-03T06:19:31.2543350Z | org/bouncycastle/pqc/crypto/picnic/lowmc.properties | 1,570,443 | compressed | +1,570,443 |
2026-10-03T06:19:31.2544107Z | lib/arm64-v8a/libc++_shared.so | 1,292,904 | stored | +0 |
2026-10-03T06:19:31.2544810Z | org/bouncycastle/pqc/crypto/sike/p751.properties | 1,107,749 | compressed | +1,107,749 |
2026-10-03T06:19:31.2545533Z | lib/arm64-v8a/libmicrowakeword.so | 799,656 | stored | +0 |
2026-10-03T06:19:31.2546225Z | org/bouncycastle/pqc/crypto/sike/p610.properties | 645,762 | compressed | +645,762 |
2026-10-03T06:19:31.2546907Z | assets/voice/silero_vad.onnx | 508,088 | compressed | +0 |
2026-10-03T06:19:31.2547728Z | org/bouncycastle/pqc/crypto/sike/p503.properties | 437,407 | compressed | +437,407 |
2026-10-03T06:19:31.2548499Z | org/bouncycastle/pqc/crypto/sike/p434.properties | 376,709 | compressed | +376,709 |
2026-10-03T06:19:31.2549571Z | assets/com/tom_roush/pdfbox/resources/ttf/LiberationSans-Regular.ttf | 210,865 | compressed | +210,865 |
2026-10-03T06:19:31.2550546Z | assets/com/tom_roush/fontbox/resources/cmap/UniCNS-UCS2-H | 111,812 | compressed | +111,812 |
2026-10-03T06:19:31.2551456Z | lib/arm64-v8a/libmoonshine-jni.so | 104,520 | stored | +0 |
2026-10-03T06:19:31.2552123Z | assets/com/tom_roush/fontbox/resources/cmap/Adobe-Japan1-UCS2 | 98,471 | compressed | +98,471 |
2026-10-03T06:19:31.2552991Z | assets/com/tom_roush/fontbox/resources/cmap/UniGB-UCS2-H | 95,548 | compressed | +95,548 |
2026-10-03T06:19:31.2553832Z | assets/com/tom_roush/fontbox/resources/cmap/UniCNS-UTF16-H | 94,957 | compressed | +94,957 |
2026-10-03T06:19:31.2554332Z 
2026-10-03T06:19:31.2639812Z ##[group]Run actions/upload-artifact@v4
2026-10-03T06:19:31.2640076Z with:
2026-10-03T06:19:31.2640284Z   name: jarvis-os-v2-apk-size
2026-10-03T06:19:31.2640529Z   path: artifact/size/
2026-10-03T06:19:31.2640749Z   if-no-files-found: error
2026-10-03T06:19:31.2640974Z   compression-level: 6
2026-10-03T06:19:31.2641181Z   overwrite: false
2026-10-03T06:19:31.2641389Z   include-hidden-files: false
2026-10-03T06:19:31.2641614Z env:
2026-10-03T06:19:31.2641926Z   JAVA_HOME: /opt/hostedtoolcache/Java_Temurin-Hotspot_jdk/21.0.12-1/x64
2026-10-03T06:19:31.2642375Z   JAVA_HOME_21_X64: /opt/hostedtoolcache/Java_Temurin-Hotspot_jdk/21.0.12-1/x64
2026-10-03T06:19:31.2642741Z   GRADLE_ACTION_ID: gradle/actions/setup-gradle
2026-10-03T06:19:31.2643020Z   GRADLE_USER_HOME: /home/runner/.gradle
2026-10-03T06:19:31.2643286Z   GRADLE_BUILD_ACTION_SETUP_COMPLETED: true
2026-10-03T06:19:31.2643556Z   GRADLE_BUILD_ACTION_CACHE_RESTORED: true
2026-10-03T06:19:31.2643970Z   DEVELOCITY_INJECTION_INIT_SCRIPT_NAME: gradle-actions.inject-develocity.init.gradle
2026-10-03T06:19:31.2644384Z   DEVELOCITY_INJECTION_CUSTOM_VALUE: gradle-actions
2026-10-03T06:19:31.2644672Z   GITHUB_DEPENDENCY_GRAPH_ENABLED: false
2026-10-03T06:19:31.2644915Z ##[endgroup]
2026-10-03T06:19:31.3935460Z (node:6912) [DEP0040] DeprecationWarning: The `punycode` module is deprecated. Please use a userland alternative instead.
2026-10-03T06:19:31.3936076Z (Use `node --trace-deprecation ...` to show where the warning was created)
2026-10-03T06:19:31.3981225Z With the provided path, there will be 2 files uploaded
2026-10-03T06:19:31.3984670Z Artifact name is valid!
2026-10-03T06:19:31.3985190Z Root directory input is valid!
2026-10-03T06:19:31.6389018Z Beginning upload of artifact content to blob storage
2026-10-03T06:19:31.6546244Z (node:6912) [DEP0169] DeprecationWarning: `url.parse()` behavior is not standardized and prone to errors that have security implications. Use the WHATWG URL API instead. CVEs are not issued for `url.parse()` vulnerabilities.
2026-10-03T06:19:31.7432618Z Uploaded bytes 6723
2026-10-03T06:19:31.7709637Z Finished uploading artifact content to blob storage!
2026-10-03T06:19:31.7710489Z SHA256 digest of uploaded artifact zip is 6c8b7328e10c1078834a9cbd9793db3806fd9fa1c0869ba1982a97f7f1fced1d
2026-10-03T06:19:31.7711783Z Finalizing artifact upload
2026-10-03T06:19:31.9815790Z Artifact jarvis-os-v2-apk-size.zip successfully finalized. Artifact ID 11266513480
2026-10-03T06:19:31.9816733Z Artifact jarvis-os-v2-apk-size has been successfully uploaded! Final size is 6723 bytes. Artifact ID is 11266513480
2026-10-03T06:19:31.9822364Z Artifact download URL: https://github.com/battlesbudz/Jarvis-OS-V2/actions/runs/37101689875/artifacts/11266513480
2026-10-03T06:19:31.9934963Z ##[group]Run python3 scripts/check_asr_apk.py app/build/outputs/apk/release/app-release.apk
2026-10-03T06:19:31.9935573Z [36;1mpython3 scripts/check_asr_apk.py app/build/outputs/apk/release/app-release.apk[0m
2026-10-03T06:19:31.9992163Z shell: /usr/bin/bash -e {0}
2026-10-03T06:19:31.9992444Z env:
2026-10-03T06:19:31.9992764Z   JAVA_HOME: /opt/hostedtoolcache/Java_Temurin-Hotspot_jdk/21.0.12-1/x64
2026-10-03T06:19:31.9993231Z   JAVA_HOME_21_X64: /opt/hostedtoolcache/Java_Temurin-Hotspot_jdk/21.0.12-1/x64
2026-10-03T06:19:31.9993633Z   GRADLE_ACTION_ID: gradle/actions/setup-gradle
2026-10-03T06:19:31.9993933Z   GRADLE_USER_HOME: /home/runner/.gradle
2026-10-03T06:19:31.9994224Z   GRADLE_BUILD_ACTION_SETUP_COMPLETED: true
2026-10-03T06:19:31.9994523Z   GRADLE_BUILD_ACTION_CACHE_RESTORED: true
2026-10-03T06:19:31.9995104Z   DEVELOCITY_INJECTION_INIT_SCRIPT_NAME: gradle-actions.inject-develocity.init.gradle
2026-10-03T06:19:31.9995580Z   DEVELOCITY_INJECTION_CUSTOM_VALUE: gradle-actions
2026-10-03T06:19:31.9995903Z   GITHUB_DEPENDENCY_GRAPH_ENABLED: false
2026-10-03T06:19:31.9996175Z ##[endgroup]
2026-10-03T06:19:32.1728424Z ASR APK native dependency/version checks passed (separate matching ONNX runtimes).
2026-10-03T06:19:32.1824378Z ##[group]Run python3 scripts/check_tts_callback.py app/build/outputs/apk/release/app-release.apk
2026-10-03T06:19:32.1825348Z [36;1mpython3 scripts/check_tts_callback.py app/build/outputs/apk/release/app-release.apk[0m
2026-10-03T06:19:32.1902306Z shell: /usr/bin/bash -e {0}
2026-10-03T06:19:32.1902689Z env:
2026-10-03T06:19:32.1903158Z   JAVA_HOME: /opt/hostedtoolcache/Java_Temurin-Hotspot_jdk/21.0.12-1/x64
2026-10-03T06:19:32.1903905Z   JAVA_HOME_21_X64: /opt/hostedtoolcache/Java_Temurin-Hotspot_jdk/21.0.12-1/x64
2026-10-03T06:19:32.1904539Z   GRADLE_ACTION_ID: gradle/actions/setup-gradle
2026-10-03T06:19:32.1905013Z   GRADLE_USER_HOME: /home/runner/.gradle
2026-10-03T06:19:32.1905469Z   GRADLE_BUILD_ACTION_SETUP_COMPLETED: true
2026-10-03T06:19:32.1905912Z   GRADLE_BUILD_ACTION_CACHE_RESTORED: true
2026-10-03T06:19:32.1906559Z   DEVELOCITY_INJECTION_INIT_SCRIPT_NAME: gradle-actions.inject-develocity.init.gradle
2026-10-03T06:19:32.1907516Z   DEVELOCITY_INJECTION_CUSTOM_VALUE: gradle-actions
2026-10-03T06:19:32.1908004Z   GITHUB_DEPENDENCY_GRAPH_ENABLED: false
2026-10-03T06:19:32.1908404Z ##[endgroup]
2026-10-03T06:19:32.2737663Z Piper boxed callback ABI and retired-asset removal verified in APK.
2026-10-03T06:19:32.2815698Z ##[group]Run APK="app/build/outputs/apk/release/app-release.apk"
2026-10-03T06:19:32.2816150Z [36;1mAPK="app/build/outputs/apk/release/app-release.apk"[0m
2026-10-03T06:19:32.2816482Z [36;1mtest -s "$APK"[0m
2026-10-03T06:19:32.2816764Z [36;1mSDK_BUILD_TOOLS="${ANDROID_HOME}/build-tools"[0m
2026-10-03T06:19:32.2817474Z [36;1mAPKSIGNER="$(find "$SDK_BUILD_TOOLS" -type f -name apksigner | sort -V | tail -n 1)"[0m
2026-10-03T06:19:32.2827208Z [36;1mtest -x "$APKSIGNER"[0m
2026-10-03T06:19:32.2827698Z [36;1m"$APKSIGNER" verify --verbose "$APK"[0m
2026-10-03T06:19:32.2883102Z shell: /usr/bin/bash -e {0}
2026-10-03T06:19:32.2883372Z env:
2026-10-03T06:19:32.2883682Z   JAVA_HOME: /opt/hostedtoolcache/Java_Temurin-Hotspot_jdk/21.0.12-1/x64
2026-10-03T06:19:32.2884143Z   JAVA_HOME_21_X64: /opt/hostedtoolcache/Java_Temurin-Hotspot_jdk/21.0.12-1/x64
2026-10-03T06:19:32.2884542Z   GRADLE_ACTION_ID: gradle/actions/setup-gradle
2026-10-03T06:19:32.2884872Z   GRADLE_USER_HOME: /home/runner/.gradle
2026-10-03T06:19:32.2885163Z   GRADLE_BUILD_ACTION_SETUP_COMPLETED: true
2026-10-03T06:19:32.2885459Z   GRADLE_BUILD_ACTION_CACHE_RESTORED: true
2026-10-03T06:19:32.2885877Z   DEVELOCITY_INJECTION_INIT_SCRIPT_NAME: gradle-actions.inject-develocity.init.gradle
2026-10-03T06:19:32.2886318Z   DEVELOCITY_INJECTION_CUSTOM_VALUE: gradle-actions
2026-10-03T06:19:32.2886633Z   GITHUB_DEPENDENCY_GRAPH_ENABLED: false
2026-10-03T06:19:32.2886899Z ##[endgroup]
2026-10-03T06:19:32.7138302Z Verifies
2026-10-03T06:19:32.7139183Z Verified using v1 scheme (JAR signing): false
2026-10-03T06:19:32.7139923Z Verified using v2 scheme (APK Signature Scheme v2): true
2026-10-03T06:19:32.7140700Z Verified using v3 scheme (APK Signature Scheme v3): false
2026-10-03T06:19:32.7141461Z Verified using v3.1 scheme (APK Signature Scheme v3.1): false
2026-10-03T06:19:32.7142380Z Verified using v3.2 scheme (APK Signature Scheme v3.2): false
2026-10-03T06:19:32.7143112Z Verified using v4 scheme (APK Signature Scheme v4): false
2026-10-03T06:19:32.7143805Z Verified for SourceStamp: false
2026-10-03T06:19:32.7144357Z Number of signers: 1
2026-10-03T06:19:32.7264520Z ##[group]Run actions/upload-artifact@v4
2026-10-03T06:19:32.7264826Z with:
2026-10-03T06:19:32.7265050Z   name: jarvis-os-v2-release-r8-reports
2026-10-03T06:19:32.7265334Z   path: app/build/outputs/mapping/release/
2026-10-03T06:19:32.7265785Z   if-no-files-found: error
2026-10-03T06:19:32.7266023Z   compression-level: 6
2026-10-03T06:19:32.7266233Z   overwrite: false
2026-10-03T06:19:32.7266450Z   include-hidden-files: false
2026-10-03T06:19:32.7266677Z env:
2026-10-03T06:19:32.7266960Z   JAVA_HOME: /opt/hostedtoolcache/Java_Temurin-Hotspot_jdk/21.0.12-1/x64
2026-10-03T06:19:32.7267602Z   JAVA_HOME_21_X64: /opt/hostedtoolcache/Java_Temurin-Hotspot_jdk/21.0.12-1/x64
2026-10-03T06:19:32.7267978Z   GRADLE_ACTION_ID: gradle/actions/setup-gradle
2026-10-03T06:19:32.7268257Z   GRADLE_USER_HOME: /home/runner/.gradle
2026-10-03T06:19:32.7268533Z   GRADLE_BUILD_ACTION_SETUP_COMPLETED: true
2026-10-03T06:19:32.7268808Z   GRADLE_BUILD_ACTION_CACHE_RESTORED: true
2026-10-03T06:19:32.7269222Z   DEVELOCITY_INJECTION_INIT_SCRIPT_NAME: gradle-actions.inject-develocity.init.gradle
2026-10-03T06:19:32.7269641Z   DEVELOCITY_INJECTION_CUSTOM_VALUE: gradle-actions
2026-10-03T06:19:32.7269934Z   GITHUB_DEPENDENCY_GRAPH_ENABLED: false
2026-10-03T06:19:32.7270190Z ##[endgroup]
2026-10-03T06:19:32.8566124Z (node:6970) [DEP0040] DeprecationWarning: The `punycode` module is deprecated. Please use a userland alternative instead.
2026-10-03T06:19:32.8566867Z (Use `node --trace-deprecation ...` to show where the warning was created)
2026-10-03T06:19:32.8618383Z With the provided path, there will be 2 files uploaded
2026-10-03T06:19:32.8619121Z Artifact name is valid!
2026-10-03T06:19:32.8619472Z Root directory input is valid!
2026-10-03T06:19:33.0952606Z Beginning upload of artifact content to blob storage
2026-10-03T06:19:33.6048956Z (node:6970) [DEP0169] DeprecationWarning: `url.parse()` behavior is not standardized and prone to errors that have security implications. Use the WHATWG URL API instead. CVEs are not issued for `url.parse()` vulnerabilities.
2026-10-03T06:19:33.9692978Z Uploaded bytes 3817317
2026-10-03T06:19:34.0061521Z Finished uploading artifact content to blob storage!
2026-10-03T06:19:34.0062122Z SHA256 digest of uploaded artifact zip is a1d192e34781c48e244fea0cb0c23b17bed1e23bd12dd6a9284e5307a0f23c2b
2026-10-03T06:19:34.0063510Z Finalizing artifact upload
2026-10-03T06:19:34.2244558Z Artifact jarvis-os-v2-release-r8-reports.zip successfully finalized. Artifact ID 11266668366
2026-10-03T06:19:34.2245640Z Artifact jarvis-os-v2-release-r8-reports has been successfully uploaded! Final size is 3817317 bytes. Artifact ID is 11266668366
2026-10-03T06:19:34.2250424Z Artifact download URL: https://github.com/battlesbudz/Jarvis-OS-V2/actions/runs/37101689875/artifacts/11266668366
2026-10-03T06:19:34.2387739Z ##[group]Run mkdir -p artifact
2026-10-03T06:19:34.2388190Z [36;1mmkdir -p artifact[0m
2026-10-03T06:19:34.2388702Z [36;1mcp app/build/outputs/apk/release/app-release.apk artifact/app-release.apk[0m
2026-10-03T06:19:34.2444655Z shell: /usr/bin/bash -e {0}
2026-10-03T06:19:34.2444918Z env:
2026-10-03T06:19:34.2445215Z   JAVA_HOME: /opt/hostedtoolcache/Java_Temurin-Hotspot_jdk/21.0.12-1/x64
2026-10-03T06:19:34.2445663Z   JAVA_HOME_21_X64: /opt/hostedtoolcache/Java_Temurin-Hotspot_jdk/21.0.12-1/x64
2026-10-03T06:19:34.2446055Z   GRADLE_ACTION_ID: gradle/actions/setup-gradle
2026-10-03T06:19:34.2446341Z   GRADLE_USER_HOME: /home/runner/.gradle
2026-10-03T06:19:34.2446614Z   GRADLE_BUILD_ACTION_SETUP_COMPLETED: true
2026-10-03T06:19:34.2446903Z   GRADLE_BUILD_ACTION_CACHE_RESTORED: true
2026-10-03T06:19:34.2447466Z   DEVELOCITY_INJECTION_INIT_SCRIPT_NAME: gradle-actions.inject-develocity.init.gradle
2026-10-03T06:19:34.2447905Z   DEVELOCITY_INJECTION_CUSTOM_VALUE: gradle-actions
2026-10-03T06:19:34.2448229Z   GITHUB_DEPENDENCY_GRAPH_ENABLED: false
2026-10-03T06:19:34.2448481Z ##[endgroup]
2026-10-03T06:19:34.2772504Z ##[group]Run gradle --no-daemon -PcompactApk=true assembleRelease
2026-10-03T06:19:34.2773304Z [36;1mgradle --no-daemon -PcompactApk=true assembleRelease[0m
2026-10-03T06:19:34.2774063Z [36;1mcp app/build/outputs/apk/release/app-release.apk artifact/app-compact.apk[0m
2026-10-03T06:19:34.2774964Z [36;1mpython3 scripts/check_compact_apk.py artifact/app-release.apk artifact/app-compact.apk[0m
2026-10-03T06:19:34.2776038Z [36;1mpython3 scripts/check_asr_apk.py artifact/app-compact.apk[0m
2026-10-03T06:19:34.2776727Z [36;1mpython3 scripts/check_tts_callback.py artifact/app-compact.apk[0m
2026-10-03T06:19:34.2777778Z [36;1mAPKSIGNER="$(find "${ANDROID_HOME}/build-tools" -type f -name apksigner | sort -V | tail -n 1)"[0m
2026-10-03T06:19:34.2778657Z [36;1m"$APKSIGNER" verify --verbose artifact/app-compact.apk[0m
2026-10-03T06:19:34.2779750Z [36;1mpython3 scripts/apk_size_report.py artifact/app-compact.apk --output artifact/compact-size --baseline docs/measurements/build-705-apk-size.json[0m
2026-10-03T06:19:34.2780837Z [36;1mcat artifact/compact-size/apk-size.md >> "$GITHUB_STEP_SUMMARY"[0m
2026-10-03T06:19:34.2848742Z shell: /usr/bin/bash -e {0}
2026-10-03T06:19:34.2849033Z env:
2026-10-03T06:19:34.2849366Z   JAVA_HOME: /opt/hostedtoolcache/Java_Temurin-Hotspot_jdk/21.0.12-1/x64
2026-10-03T06:19:34.2849845Z   JAVA_HOME_21_X64: /opt/hostedtoolcache/Java_Temurin-Hotspot_jdk/21.0.12-1/x64
2026-10-03T06:19:34.2850288Z   GRADLE_ACTION_ID: gradle/actions/setup-gradle
2026-10-03T06:19:34.2850599Z   GRADLE_USER_HOME: /home/runner/.gradle
2026-10-03T06:19:34.2850898Z   GRADLE_BUILD_ACTION_SETUP_COMPLETED: true
2026-10-03T06:19:34.2851198Z   GRADLE_BUILD_ACTION_CACHE_RESTORED: true
2026-10-03T06:19:34.2851623Z   DEVELOCITY_INJECTION_INIT_SCRIPT_NAME: gradle-actions.inject-develocity.init.gradle
2026-10-03T06:19:34.2852073Z   DEVELOCITY_INJECTION_CUSTOM_VALUE: gradle-actions
2026-10-03T06:19:34.2852399Z   GITHUB_DEPENDENCY_GRAPH_ENABLED: false
2026-10-03T06:19:34.2852851Z   ANDROID_KEYSTORE_PATH: /home/runner/work/_temp/***.keystore
2026-10-03T06:19:34.2853309Z   ANDROID_KEYSTORE_PASSWORD: ***
2026-10-03T06:19:34.2853675Z   ANDROID_KEY_ALIAS: ***
2026-10-03T06:19:34.2854019Z   ANDROID_KEY_PASSWORD: ***
2026-10-03T06:19:34.2854274Z   ANDROID_VERSION_CODE: 914
2026-10-03T06:19:34.2854525Z   ANDROID_VERSION_NAME: 0.1.0-build.914
2026-10-03T06:19:34.2854798Z ##[endgroup]
2026-10-03T06:19:34.8085088Z To honour the JVM settings for this build a single-use Daemon process will be forked. For more on this, please refer to https://docs.gradle.org/8.10.2/userguide/gradle_daemon.html#sec:disabling_the_daemon in the Gradle documentation.
2026-10-03T06:19:35.6061855Z Daemon will be stopped at the end of the build 
2026-10-03T06:19:42.5087816Z > Task :app:extractMoonshine UP-TO-DATE
2026-10-03T06:19:42.6088474Z > Task :app:extractSherpa UP-TO-DATE
2026-10-03T06:19:42.6089419Z > Task :app:buildKotlinToolingMetadata UP-TO-DATE
2026-10-03T06:19:42.6101066Z > Task :app:checkKotlinGradlePluginConfigurationErrors SKIPPED
2026-10-03T06:19:42.6101798Z > Task :app:buildSherpa UP-TO-DATE
2026-10-03T06:19:42.6102339Z > Task :app:preBuild UP-TO-DATE
2026-10-03T06:19:42.6102867Z > Task :app:preReleaseBuild UP-TO-DATE
2026-10-03T06:19:42.6103451Z > Task :app:generateReleaseBuildConfig UP-TO-DATE
2026-10-03T06:19:42.9073614Z > Task :app:checkReleaseAarMetadata UP-TO-DATE
2026-10-03T06:19:42.9078732Z > Task :app:generateReleaseResValues UP-TO-DATE
2026-10-03T06:19:43.0068601Z > Task :app:mapReleaseSourceSetPaths UP-TO-DATE
2026-10-03T06:19:43.0078167Z > Task :app:generateReleaseResources UP-TO-DATE
2026-10-03T06:19:43.0079067Z > Task :app:mergeReleaseResources UP-TO-DATE
2026-10-03T06:19:43.0079863Z > Task :app:packageReleaseResources UP-TO-DATE
2026-10-03T06:19:43.0080523Z > Task :app:parseReleaseLocalResources UP-TO-DATE
2026-10-03T06:19:43.0081369Z > Task :app:createReleaseCompatibleScreenManifests UP-TO-DATE
2026-10-03T06:19:43.0082065Z > Task :app:extractDeepLinksRelease UP-TO-DATE
2026-10-03T06:19:43.3057445Z > Task :app:processReleaseMainManifest
2026-10-03T06:19:43.4057099Z > Task :app:processReleaseManifest
2026-10-03T06:19:43.4090486Z > Task :app:javaPreCompileRelease UP-TO-DATE
2026-10-03T06:19:43.4098021Z > Task :app:extractProguardFiles UP-TO-DATE
2026-10-03T06:19:43.6061817Z > Task :app:configureCMakeRelWithDebInfo[arm64-v8a]
2026-10-03T06:19:43.6063148Z > Task :app:processReleaseManifestForPackage
2026-10-03T06:19:43.8068734Z > Task :app:buildCMakeRelWithDebInfo[arm64-v8a]
2026-10-03T06:19:43.8069401Z > Task :app:mergeReleaseJniLibFolders UP-TO-DATE
2026-10-03T06:19:43.8105225Z > Task :app:mergeReleaseNativeLibs UP-TO-DATE
2026-10-03T06:19:43.8107864Z > Task :app:stripReleaseDebugSymbols UP-TO-DATE
2026-10-03T06:19:43.8138040Z > Task :app:extractReleaseNativeSymbolTables UP-TO-DATE
2026-10-03T06:19:43.8148114Z > Task :app:mergeReleaseNativeDebugMetadata UP-TO-DATE
2026-10-03T06:19:44.0068545Z > Task :app:checkReleaseDuplicateClasses UP-TO-DATE
2026-10-03T06:19:44.0093419Z > Task :app:mergeReleaseArtProfile UP-TO-DATE
2026-10-03T06:19:44.0118695Z > Task :app:mergeReleaseStartupProfile UP-TO-DATE
2026-10-03T06:19:44.0148386Z > Task :app:mergeReleaseShaders UP-TO-DATE
2026-10-03T06:19:44.0161394Z > Task :app:compileReleaseShaders NO-SOURCE
2026-10-03T06:19:44.0188220Z > Task :app:generateReleaseAssets UP-TO-DATE
2026-10-03T06:19:44.1104002Z > Task :app:mergeReleaseAssets UP-TO-DATE
2026-10-03T06:19:44.1127734Z > Task :app:processReleaseResources
2026-10-03T06:19:44.1128173Z > Task :app:compressReleaseAssets UP-TO-DATE
2026-10-03T06:19:44.3082998Z > Task :app:compileReleaseKotlin UP-TO-DATE
2026-10-03T06:19:44.3083907Z > Task :app:compileReleaseJavaWithJavac UP-TO-DATE
2026-10-03T06:19:44.4063690Z > Task :app:generateReleaseLintVitalReportModel
2026-10-03T06:19:44.6084983Z > Task :app:expandReleaseArtProfileWildcards UP-TO-DATE
2026-10-03T06:19:44.6086603Z > Task :app:mergeReleaseGeneratedProguardFiles UP-TO-DATE
2026-10-03T06:19:44.6087856Z > Task :app:processReleaseJavaRes UP-TO-DATE
2026-10-03T06:19:44.7080625Z > Task :app:mergeReleaseJavaResource UP-TO-DATE
2026-10-03T06:19:44.8058026Z > Task :app:minifyReleaseWithR8 UP-TO-DATE
2026-10-03T06:19:44.8088017Z > Task :app:produceReleaseComposeMapping UP-TO-DATE
2026-10-03T06:19:44.8117886Z > Task :app:reportReleaseComposeMappingErrors
2026-10-03T06:19:44.8147856Z > Task :app:mergeReleaseComposeMapping UP-TO-DATE
2026-10-03T06:19:44.8177879Z > Task :app:compileReleaseArtProfile UP-TO-DATE
2026-10-03T06:19:44.8188709Z > Task :app:extractReleaseVersionControlInfo UP-TO-DATE
2026-10-03T06:19:44.8207817Z > Task :app:collectReleaseDependencies UP-TO-DATE
2026-10-03T06:19:44.8227969Z > Task :app:sdkReleaseDependencyData UP-TO-DATE
2026-10-03T06:19:44.8262585Z > Task :app:validateSigningRelease UP-TO-DATE
2026-10-03T06:19:44.9071960Z > Task :app:writeReleaseAppMetadata UP-TO-DATE
2026-10-03T06:19:44.9072585Z > Task :app:writeReleaseSigningConfigVersions UP-TO-DATE
2026-10-03T06:19:44.9073164Z > Task :app:convertLinkedResourcesToProtoRelease
2026-10-03T06:19:47.9098523Z > Task :app:shrinkReleaseRes
2026-10-03T06:19:47.9148146Z > Task :app:convertShrunkResourcesToBinaryRelease
2026-10-03T06:19:48.0068627Z > Task :app:optimizeReleaseResources
2026-10-03T06:19:50.1058286Z > Task :app:packageRelease
2026-10-03T06:19:50.1087924Z > Task :app:createReleaseApkListingFileRedirect UP-TO-DATE
2026-10-03T06:20:10.6068618Z > Task :app:lintVitalAnalyzeRelease
2026-10-03T06:20:10.6097776Z > Task :app:lintVitalReportRelease UP-TO-DATE
2026-10-03T06:20:10.6098296Z > Task :app:lintVitalRelease
2026-10-03T06:20:10.6098740Z > Task :app:assembleRelease
2026-10-03T06:20:10.7030545Z gradle/actions: Writing build results to /home/runner/work/_temp/.gradle-actions/build-results/__run_11-1791008377058.json
2026-10-03T06:20:10.7052786Z 
2026-10-03T06:20:10.7053410Z BUILD SUCCESSFUL in 36s
2026-10-03T06:20:10.7053996Z 60 actionable tasks: 15 executed, 45 up-to-date
2026-10-03T06:20:11.1739936Z Compact APK preserves identical native, DEX and asset payloads.
2026-10-03T06:20:11.4815739Z ASR APK native dependency/version checks passed (separate matching ONNX runtimes).
2026-10-03T06:20:11.5718505Z Piper boxed callback ABI and retired-asset removal verified in APK.
2026-10-03T06:20:11.8043098Z Verifies
2026-10-03T06:20:11.8043824Z Verified using v1 scheme (JAR signing): false
2026-10-03T06:20:11.8044677Z Verified using v2 scheme (APK Signature Scheme v2): true
2026-10-03T06:20:11.8045834Z Verified using v3 scheme (APK Signature Scheme v3): false
2026-10-03T06:20:11.8046521Z Verified using v3.1 scheme (APK Signature Scheme v3.1): false
2026-10-03T06:20:11.8047247Z Verified using v3.2 scheme (APK Signature Scheme v3.2): false
2026-10-03T06:20:11.8048179Z Verified using v4 scheme (APK Signature Scheme v4): false
2026-10-03T06:20:11.8048782Z Verified for SourceStamp: false
2026-10-03T06:20:11.8049888Z Number of signers: 1
2026-10-03T06:20:11.8391592Z # APK size report
2026-10-03T06:20:11.8391842Z 
2026-10-03T06:20:11.8391989Z APK: 44,590,657 bytes (44.59 MB).
2026-10-03T06:20:11.8392723Z MB uses 1,000,000 bytes. ZIP bytes measure the download; uncompressed payload is not total installed storage.
2026-10-03T06:20:11.8393281Z 
2026-10-03T06:20:11.8393516Z Change from baseline: -28,645,662 bytes (-28.65 MB).
2026-10-03T06:20:11.8393823Z 
2026-10-03T06:20:11.8394000Z | Component | ZIP bytes | Uncompressed bytes |
2026-10-03T06:20:11.8394432Z | --- | ---: | ---: |
2026-10-03T06:20:11.8394772Z | lib | 27,455,214 | 66,420,072 |
2026-10-03T06:20:11.8395139Z | dex | 10,432,220 | 10,432,220 |
2026-10-03T06:20:11.8395491Z | org | 4,250,182 | 8,490,822 |
2026-10-03T06:20:11.8395867Z | assets | 2,263,126 | 5,470,375 |
2026-10-03T06:20:11.8396255Z | metadata | 95,998 | 110,210 |
2026-10-03T06:20:11.8396625Z | kotlin | 12,342 | 53,381 |
2026-10-03T06:20:11.8397032Z | META-INF | 5,599 | 11,063 |
2026-10-03T06:20:11.8397561Z | res | 1,084 | 2,364 |
2026-10-03T06:20:11.8397775Z 
2026-10-03T06:20:11.8397912Z ## Largest entries
2026-10-03T06:20:11.8398102Z 
2026-10-03T06:20:11.8398305Z | Entry | ZIP bytes | Storage | Delta from baseline |
2026-10-03T06:20:11.8398776Z | --- | ---: | --- | ---: |
2026-10-03T06:20:11.8399166Z | classes.dex | 10,432,220 | stored | +6,489,220 |
2026-10-03T06:20:11.8399729Z | lib/arm64-v8a/liblitertlm_jni.so | 9,392,368 | compressed | -5,275,056 |
2026-10-03T06:20:11.8400392Z | lib/arm64-v8a/libonnxruntime.so | 7,679,731 | compressed | -14,005,141 |
2026-10-03T06:20:11.8400991Z | lib/arm64-v8a/libmoonshine.so | 5,923,345 | compressed | -5,189,111 |
2026-10-03T06:20:11.8401599Z | lib/arm64-v8a/libms_ort_1232.so | 2,241,801 | compressed | -4,050,127 |
2026-10-03T06:20:11.8402350Z | org/bouncycastle/pqc/crypto/picnic/lowmc.properties | 1,570,443 | compressed | +1,570,443 |
2026-10-03T06:20:11.8403185Z | lib/arm64-v8a/libsherpa-onnx-jni.so | 1,493,292 | compressed | -3,040,620 |
2026-10-03T06:20:11.8403988Z | org/bouncycastle/pqc/crypto/sike/p751.properties | 1,107,749 | compressed | +1,107,749 |
2026-10-03T06:20:11.8404851Z | org/bouncycastle/pqc/crypto/sike/p610.properties | 645,762 | compressed | +645,762 |
2026-10-03T06:20:11.8405583Z | assets/voice/silero_vad.onnx | 508,088 | compressed | +0 |
2026-10-03T06:20:11.8406261Z | org/bouncycastle/pqc/crypto/sike/p503.properties | 437,407 | compressed | +437,407 |
2026-10-03T06:20:11.8406997Z | lib/arm64-v8a/libc++_shared.so | 406,563 | compressed | -886,341 |
2026-10-03T06:20:11.8407830Z | org/bouncycastle/pqc/crypto/sike/p434.properties | 376,709 | compressed | +376,709 |
2026-10-03T06:20:11.8408546Z | lib/arm64-v8a/libmicrowakeword.so | 274,315 | compressed | -525,341 |
2026-10-03T06:20:11.8409403Z | assets/com/tom_roush/pdfbox/resources/ttf/LiberationSans-Regular.ttf | 210,865 | compressed | +210,865 |
2026-10-03T06:20:11.8410375Z | assets/com/tom_roush/fontbox/resources/cmap/UniCNS-UCS2-H | 111,812 | compressed | +111,812 |
2026-10-03T06:20:11.8411254Z | assets/com/tom_roush/fontbox/resources/cmap/Adobe-Japan1-UCS2 | 98,471 | compressed | +98,471 |
2026-10-03T06:20:11.8412110Z | assets/com/tom_roush/fontbox/resources/cmap/UniGB-UCS2-H | 95,548 | compressed | +95,548 |
2026-10-03T06:20:11.8413182Z | assets/com/tom_roush/fontbox/resources/cmap/UniCNS-UTF16-H | 94,957 | compressed | +94,957 |
2026-10-03T06:20:11.8414077Z | assets/com/tom_roush/fontbox/resources/cmap/Adobe-CNS1-UCS2 | 93,868 | compressed | +93,868 |
2026-10-03T06:20:11.8414596Z 
2026-10-03T06:20:11.8497741Z ##[group]Run actions/upload-artifact@v4
2026-10-03T06:20:11.8498179Z with:
2026-10-03T06:20:11.8498407Z   name: jarvis-os-v2-compact-apk-size
2026-10-03T06:20:11.8498682Z   path: artifact/compact-size/
2026-10-03T06:20:11.8498942Z   if-no-files-found: error
2026-10-03T06:20:11.8499177Z   compression-level: 6
2026-10-03T06:20:11.8499400Z   overwrite: false
2026-10-03T06:20:11.8499620Z   include-hidden-files: false
2026-10-03T06:20:11.8499853Z env:
2026-10-03T06:20:11.8500140Z   JAVA_HOME: /opt/hostedtoolcache/Java_Temurin-Hotspot_jdk/21.0.12-1/x64
2026-10-03T06:20:11.8500575Z   JAVA_HOME_21_X64: /opt/hostedtoolcache/Java_Temurin-Hotspot_jdk/21.0.12-1/x64
2026-10-03T06:20:11.8500954Z   GRADLE_ACTION_ID: gradle/actions/setup-gradle
2026-10-03T06:20:11.8501239Z   GRADLE_USER_HOME: /home/runner/.gradle
2026-10-03T06:20:11.8501524Z   GRADLE_BUILD_ACTION_SETUP_COMPLETED: true
2026-10-03T06:20:11.8501807Z   GRADLE_BUILD_ACTION_CACHE_RESTORED: true
2026-10-03T06:20:11.8502223Z   DEVELOCITY_INJECTION_INIT_SCRIPT_NAME: gradle-actions.inject-develocity.init.gradle
2026-10-03T06:20:11.8502652Z   DEVELOCITY_INJECTION_CUSTOM_VALUE: gradle-actions
2026-10-03T06:20:11.8502949Z   GITHUB_DEPENDENCY_GRAPH_ENABLED: false
2026-10-03T06:20:11.8503199Z ##[endgroup]
2026-10-03T06:20:11.9803861Z (node:7198) [DEP0040] DeprecationWarning: The `punycode` module is deprecated. Please use a userland alternative instead.
2026-10-03T06:20:11.9804502Z (Use `node --trace-deprecation ...` to show where the warning was created)
2026-10-03T06:20:11.9867043Z With the provided path, there will be 2 files uploaded
2026-10-03T06:20:11.9867947Z Artifact name is valid!
2026-10-03T06:20:11.9868327Z Root directory input is valid!
2026-10-03T06:20:12.2389045Z Beginning upload of artifact content to blob storage
2026-10-03T06:20:12.2555532Z (node:7198) [DEP0169] DeprecationWarning: `url.parse()` behavior is not standardized and prone to errors that have security implications. Use the WHATWG URL API instead. CVEs are not issued for `url.parse()` vulnerabilities.
2026-10-03T06:20:12.3448926Z Uploaded bytes 6768
2026-10-03T06:20:12.3741996Z Finished uploading artifact content to blob storage!
2026-10-03T06:20:12.3742815Z SHA256 digest of uploaded artifact zip is 3f20236933b79a0e4a529c14fd83995d7859785c46a7aed33eaedaa83a8e730a
2026-10-03T06:20:12.3744441Z Finalizing artifact upload
2026-10-03T06:20:12.5932388Z Artifact jarvis-os-v2-compact-apk-size.zip successfully finalized. Artifact ID 11265833857
2026-10-03T06:20:12.5933469Z Artifact jarvis-os-v2-compact-apk-size has been successfully uploaded! Final size is 6768 bytes. Artifact ID is 11265833857
2026-10-03T06:20:12.5939429Z Artifact download URL: https://github.com/battlesbudz/Jarvis-OS-V2/actions/runs/37101689875/artifacts/11265833857
2026-10-03T06:20:12.6065851Z ##[group]Run actions/upload-artifact@v4
2026-10-03T06:20:12.6066131Z with:
2026-10-03T06:20:12.6066349Z   name: jarvis-os-v2-release-apk
2026-10-03T06:20:12.6066610Z   path: artifact/*.apk
2026-10-03T06:20:12.6066843Z   if-no-files-found: error
2026-10-03T06:20:12.6067082Z   compression-level: 6
2026-10-03T06:20:12.6067495Z   overwrite: false
2026-10-03T06:20:12.6067721Z   include-hidden-files: false
2026-10-03T06:20:12.6067978Z env:
2026-10-03T06:20:12.6068275Z   JAVA_HOME: /opt/hostedtoolcache/Java_Temurin-Hotspot_jdk/21.0.12-1/x64
2026-10-03T06:20:12.6068714Z   JAVA_HOME_21_X64: /opt/hostedtoolcache/Java_Temurin-Hotspot_jdk/21.0.12-1/x64
2026-10-03T06:20:12.6069097Z   GRADLE_ACTION_ID: gradle/actions/setup-gradle
2026-10-03T06:20:12.6069398Z   GRADLE_USER_HOME: /home/runner/.gradle
2026-10-03T06:20:12.6069676Z   GRADLE_BUILD_ACTION_SETUP_COMPLETED: true
2026-10-03T06:20:12.6069971Z   GRADLE_BUILD_ACTION_CACHE_RESTORED: true
2026-10-03T06:20:12.6070396Z   DEVELOCITY_INJECTION_INIT_SCRIPT_NAME: gradle-actions.inject-develocity.init.gradle
2026-10-03T06:20:12.6070824Z   DEVELOCITY_INJECTION_CUSTOM_VALUE: gradle-actions
2026-10-03T06:20:12.6071129Z   GITHUB_DEPENDENCY_GRAPH_ENABLED: false
2026-10-03T06:20:12.6071384Z ##[endgroup]
2026-10-03T06:20:12.7341408Z (node:7210) [DEP0040] DeprecationWarning: The `punycode` module is deprecated. Please use a userland alternative instead.
2026-10-03T06:20:12.7342821Z (Use `node --trace-deprecation ...` to show where the warning was created)
2026-10-03T06:20:12.7385913Z With the provided path, there will be 2 files uploaded
2026-10-03T06:20:12.7390621Z Artifact name is valid!
2026-10-03T06:20:12.7397809Z Root directory input is valid!
2026-10-03T06:20:12.9878058Z Beginning upload of artifact content to blob storage
2026-10-03T06:20:13.3762639Z (node:7210) [DEP0169] DeprecationWarning: `url.parse()` behavior is not standardized and prone to errors that have security implications. Use the WHATWG URL API instead. CVEs are not issued for `url.parse()` vulnerabilities.
2026-10-03T06:20:13.7422526Z Uploaded bytes 8388608
2026-10-03T06:20:14.0042381Z Uploaded bytes 16777216
2026-10-03T06:20:14.0558085Z Uploaded bytes 25165824
2026-10-03T06:20:14.1735199Z Uploaded bytes 33554432
2026-10-03T06:20:14.5612143Z Uploaded bytes 41943040
2026-10-03T06:20:14.9958132Z Uploaded bytes 50331648
2026-10-03T06:20:15.3533201Z Uploaded bytes 58720256
2026-10-03T06:20:15.8173772Z Uploaded bytes 67108864
2026-10-03T06:20:16.1035434Z Uploaded bytes 75497472
2026-10-03T06:20:16.2045716Z Uploaded bytes 77064735
2026-10-03T06:20:16.2382909Z Finished uploading artifact content to blob storage!
2026-10-03T06:20:16.2385015Z SHA256 digest of uploaded artifact zip is 13c652ee8a4ea771d5f3b22452ce75813e6189e7cdfdbf4c1c5ed232776693b5
2026-10-03T06:20:16.2386529Z Finalizing artifact upload
2026-10-03T06:20:16.4746294Z Artifact jarvis-os-v2-release-apk.zip successfully finalized. Artifact ID 11265968726
2026-10-03T06:20:16.4747615Z Artifact jarvis-os-v2-release-apk has been successfully uploaded! Final size is 77064735 bytes. Artifact ID is 11265968726
2026-10-03T06:20:16.4754222Z Artifact download URL: https://github.com/battlesbudz/Jarvis-OS-V2/actions/runs/37101689875/artifacts/11265968726
2026-10-03T06:20:16.4979407Z Post job cleanup.
2026-10-03T06:20:16.6802898Z In post-action step
2026-10-03T06:20:16.6810315Z Cache is read-only: will not save state for use in subsequent builds.
2026-10-03T06:20:16.6814660Z Generating Job Summary
2026-10-03T06:20:16.6828131Z Completed post-action step
2026-10-03T06:20:16.7478432Z Post job cleanup.
2026-10-03T06:20:16.8325220Z (node:7246) [DEP0040] DeprecationWarning: The `punycode` module is deprecated. Please use a userland alternative instead.
2026-10-03T06:20:16.8325855Z (Use `node --trace-deprecation ...` to show where the warning was created)
2026-10-03T06:20:16.8446252Z [command]/usr/bin/tar --posix -cf cache.tzst --exclude cache.tzst -P -C /home/runner/work/Jarvis-OS-V2/Jarvis-OS-V2 --files-from manifest.txt --use-compress-program zstdmt
2026-10-03T06:20:18.8111844Z (node:7246) [DEP0169] DeprecationWarning: `url.parse()` behavior is not standardized and prone to errors that have security implications. Use the WHATWG URL API instead. CVEs are not issued for `url.parse()` vulnerabilities.
2026-10-03T06:20:19.8038912Z Sent 28669410 of 297104866 (9.6%), 27.3 MBs/sec
2026-10-03T06:20:20.6454899Z Sent 297104866 of 297104866 (100.0%), 153.7 MBs/sec
2026-10-03T06:20:20.7749561Z Cache saved with key: sherpa-arm64-137-Linux-78f25eb476df0e866c0747850a0401239fded60921575ed32431811002e601c0
2026-10-03T06:20:20.7885752Z Post job cleanup.
2026-10-03T06:20:20.8945516Z (node:7267) [DEP0040] DeprecationWarning: The `punycode` module is deprecated. Please use a userland alternative instead.
2026-10-03T06:20:20.8946548Z (Use `node --trace-deprecation ...` to show where the warning was created)
2026-10-03T06:20:20.9157086Z Post job cleanup.
2026-10-03T06:20:20.9843571Z [command]/usr/bin/git version
2026-10-03T06:20:20.9911564Z git version 2.55.0
2026-10-03T06:20:20.9952076Z Temporarily overriding HOME='/home/runner/work/_temp/401ffafa-6ee3-461f-85b1-e49359f26fe5' before making global git config changes
2026-10-03T06:20:20.9953195Z Adding repository directory to the temporary git global config as a safe directory
2026-10-03T06:20:20.9954138Z [command]/usr/bin/git config --global --add safe.directory /home/runner/work/Jarvis-OS-V2/Jarvis-OS-V2
2026-10-03T06:20:20.9986541Z [command]/usr/bin/git config --local --name-only --get-regexp core\.sshCommand
2026-10-03T06:20:21.0014045Z [command]/usr/bin/git submodule foreach --recursive sh -c "git config --local --name-only --get-regexp 'core\.sshCommand' && git config --local --unset-all 'core.sshCommand' || :"
2026-10-03T06:20:21.0218065Z [command]/usr/bin/git config --local --name-only --get-regexp http\.https\:\/\/github\.com\/\.extraheader
2026-10-03T06:20:21.0242708Z http.https://github.com/.extraheader
2026-10-03T06:20:21.0251727Z [command]/usr/bin/git config --local --unset-all http.https://github.com/.extraheader
2026-10-03T06:20:21.0281302Z [command]/usr/bin/git submodule foreach --recursive sh -c "git config --local --name-only --get-regexp 'http\.https\:\/\/github\.com\/\.extraheader' && git config --local --unset-all 'http.https://github.com/.extraheader' || :"
2026-10-03T06:20:21.0490274Z [command]/usr/bin/git config --local --name-only --get-regexp ^includeIf\.gitdir:
2026-10-03T06:20:21.0524286Z [command]/usr/bin/git submodule foreach --recursive git config --local --show-origin --name-only --get-regexp remote.origin.url
2026-10-03T06:20:21.0852849Z Cleaning up orphan processes
2026-10-03T06:20:21.1105699Z ##[warning]Node.js 20 is deprecated. The following actions target Node.js 20 but are being forced to run on Node.js 24: actions/cache@v4, actions/checkout@v4, actions/setup-java@v4, actions/upload-artifact@v4, gradle/actions/setup-gradle@v4. For more information see: https://github.blog/changelog/2025-09-19-deprecation-of-node-20-on-github-actions-runners/
