2026-10-03T05:17:21.7926656Z Current runner version: '2.337.0'
2026-10-03T05:17:21.7963392Z ##[group]Runner Image Provisioner
2026-10-03T05:17:21.7965013Z Hosted Compute Agent
2026-10-03T05:17:21.7966011Z Version: 20260901.588
2026-10-03T05:17:21.7967163Z Commit: f88ec8081b781fac6c440065ac7ff9e710ce3d0b
2026-10-03T05:17:21.7968560Z Build Date: 2026-09-01T19:56:44Z
2026-10-03T05:17:21.7970015Z Worker ID: {42c65654-847a-4538-b102-d8df3ae5869f}
2026-10-03T05:17:21.7971401Z Azure Region: eastus
2026-10-03T05:17:21.7972413Z ##[endgroup]
2026-10-03T05:17:21.7975422Z ##[group]Operating System
2026-10-03T05:17:21.7976534Z Ubuntu
2026-10-03T05:17:21.7977511Z 24.04.5
2026-10-03T05:17:21.7978501Z LTS
2026-10-03T05:17:21.7979839Z ##[endgroup]
2026-10-03T05:17:21.7980917Z ##[group]Runner Image
2026-10-03T05:17:21.7981993Z Image: ubuntu-24.04
2026-10-03T05:17:21.7983190Z Version: 20260927.320.1
2026-10-03T05:17:21.7985338Z Included Software: https://github.com/actions/runner-images/blob/ubuntu24/20260927.320/images/ubuntu/Ubuntu2404-Readme.md
2026-10-03T05:17:21.7988211Z Image Release: https://github.com/actions/runner-images/releases/tag/ubuntu24%2F20260927.320
2026-10-03T05:17:21.7990404Z ##[endgroup]
2026-10-03T05:17:21.7992294Z ##[group]GITHUB_TOKEN Permissions
2026-10-03T05:17:21.7995468Z Contents: read
2026-10-03T05:17:21.7996452Z Metadata: read
2026-10-03T05:17:21.7997634Z ##[endgroup]
2026-10-03T05:17:21.8001042Z Secret source: Actions
2026-10-03T05:17:21.8002719Z Cache mode: write
2026-10-03T05:17:21.8004389Z Prepare workflow directory
2026-10-03T05:17:21.8496847Z Prepare all required actions
2026-10-03T05:17:21.8569920Z Getting action download info
2026-10-03T05:17:22.1040765Z Download action repository 'actions/checkout@v4' (SHA:11d5960a326750d5838078e36cf38b85af677262)
2026-10-03T05:17:22.2362324Z Download action repository 'actions/setup-java@v4' (SHA:cf277c60eb25467037889841efdb72551f06f6c3)
2026-10-03T05:17:22.4876085Z Download action repository 'actions/cache@v4' (SHA:0057852bfaa89a56745cba8c7296529d2fc39830)
2026-10-03T05:17:22.6763408Z Download action repository 'gradle/actions@v4' (SHA:ed408507eac070d1f99cc633dbcf757c94c7933a)
2026-10-03T05:17:23.2961289Z Download action repository 'actions/upload-artifact@v4' (SHA:ea165f8d65b6e75b540449e92b4886f43607fa02)
2026-10-03T05:17:23.7236065Z Complete job name: Build signed release APK
2026-10-03T05:17:23.8052697Z ##[group]Run actions/checkout@v4
2026-10-03T05:17:23.8053425Z with:
2026-10-03T05:17:23.8053732Z   repository: battlesbudz/Jarvis-OS-V2
2026-10-03T05:17:23.8056651Z   token: ***
2026-10-03T05:17:23.8056930Z   ssh-strict: true
2026-10-03T05:17:23.8057206Z   ssh-user: git
2026-10-03T05:17:23.8057489Z   persist-credentials: true
2026-10-03T05:17:23.8057788Z   clean: true
2026-10-03T05:17:23.8058059Z   sparse-checkout-cone-mode: true
2026-10-03T05:17:23.8058391Z   fetch-depth: 1
2026-10-03T05:17:23.8058664Z   fetch-tags: false
2026-10-03T05:17:23.8058940Z   show-progress: true
2026-10-03T05:17:23.8059217Z   lfs: false
2026-10-03T05:17:23.8059680Z   submodules: false
2026-10-03T05:17:23.8059985Z   set-safe-directory: true
2026-10-03T05:17:23.8060303Z   allow-unsafe-pr-checkout: false
2026-10-03T05:17:23.8060941Z ##[endgroup]
2026-10-03T05:17:23.9138879Z Syncing repository: battlesbudz/Jarvis-OS-V2
2026-10-03T05:17:23.9141321Z ##[group]Getting Git version info
2026-10-03T05:17:23.9142192Z Working directory is '/home/runner/work/Jarvis-OS-V2/Jarvis-OS-V2'
2026-10-03T05:17:23.9143406Z [command]/usr/bin/git version
2026-10-03T05:17:23.9214602Z git version 2.55.0
2026-10-03T05:17:23.9245114Z ##[endgroup]
2026-10-03T05:17:23.9264328Z Temporarily overriding HOME='/home/runner/work/_temp/9b892517-8cc3-487e-a25e-945ed1483791' before making global git config changes
2026-10-03T05:17:23.9266189Z Adding repository directory to the temporary git global config as a safe directory
2026-10-03T05:17:23.9270974Z [command]/usr/bin/git config --global --add safe.directory /home/runner/work/Jarvis-OS-V2/Jarvis-OS-V2
2026-10-03T05:17:23.9331154Z Deleting the contents of '/home/runner/work/Jarvis-OS-V2/Jarvis-OS-V2'
2026-10-03T05:17:23.9335546Z ##[group]Initializing the repository
2026-10-03T05:17:23.9341457Z [command]/usr/bin/git init /home/runner/work/Jarvis-OS-V2/Jarvis-OS-V2
2026-10-03T05:17:23.9473287Z hint: Using 'master' as the name for the initial branch. This default branch name
2026-10-03T05:17:23.9474860Z hint: will change to "main" in Git 3.0. To configure the initial branch name
2026-10-03T05:17:23.9475992Z hint: to use in all of your new repositories, which will suppress this warning,
2026-10-03T05:17:23.9476842Z hint: call:
2026-10-03T05:17:23.9477671Z hint:
2026-10-03T05:17:23.9478270Z hint: 	git config --global init.defaultBranch <name>
2026-10-03T05:17:23.9487934Z hint:
2026-10-03T05:17:23.9492475Z hint: Names commonly chosen instead of 'master' are 'main', 'trunk' and
2026-10-03T05:17:23.9493670Z hint: 'development'. The just-created branch can be renamed via this command:
2026-10-03T05:17:23.9494560Z hint:
2026-10-03T05:17:23.9495094Z hint: 	git branch -m <name>
2026-10-03T05:17:23.9495969Z hint:
2026-10-03T05:17:23.9497397Z hint: Disable this message with "git config set advice.defaultBranchName false"
2026-10-03T05:17:23.9499797Z Initialized empty Git repository in /home/runner/work/Jarvis-OS-V2/Jarvis-OS-V2/.git/
2026-10-03T05:17:23.9503088Z [command]/usr/bin/git remote add origin https://github.com/battlesbudz/Jarvis-OS-V2
2026-10-03T05:17:23.9552318Z ##[endgroup]
2026-10-03T05:17:23.9553313Z ##[group]Disabling automatic garbage collection
2026-10-03T05:17:23.9556642Z [command]/usr/bin/git config --local gc.auto 0
2026-10-03T05:17:23.9592047Z ##[endgroup]
2026-10-03T05:17:23.9592843Z ##[group]Setting up auth
2026-10-03T05:17:23.9605119Z [command]/usr/bin/git config --local --name-only --get-regexp core\.sshCommand
2026-10-03T05:17:23.9649266Z [command]/usr/bin/git submodule foreach --recursive sh -c "git config --local --name-only --get-regexp 'core\.sshCommand' && git config --local --unset-all 'core.sshCommand' || :"
2026-10-03T05:17:24.0059320Z [command]/usr/bin/git config --local --name-only --get-regexp http\.https\:\/\/github\.com\/\.extraheader
2026-10-03T05:17:24.0099664Z [command]/usr/bin/git submodule foreach --recursive sh -c "git config --local --name-only --get-regexp 'http\.https\:\/\/github\.com\/\.extraheader' && git config --local --unset-all 'http.https://github.com/.extraheader' || :"
2026-10-03T05:17:24.0333249Z [command]/usr/bin/git config --local --name-only --get-regexp ^includeIf\.gitdir:
2026-10-03T05:17:24.0371872Z [command]/usr/bin/git submodule foreach --recursive git config --local --show-origin --name-only --get-regexp remote.origin.url
2026-10-03T05:17:24.0602601Z [command]/usr/bin/git config --local http.https://github.com/.extraheader AUTHORIZATION: basic ***
2026-10-03T05:17:24.0646186Z ##[endgroup]
2026-10-03T05:17:24.0647827Z ##[group]Fetching the repository
2026-10-03T05:17:24.0657661Z [command]/usr/bin/git -c protocol.version=2 fetch --no-tags --prune --no-recurse-submodules --depth=1 origin +3319c32d487ab87829bee9d7b8187281c73eeb23:refs/remotes/origin/feature/memory-os-overnight-candidate-extraction-20261002-6
2026-10-03T05:17:24.3870686Z From https://github.com/battlesbudz/Jarvis-OS-V2
2026-10-03T05:17:24.3871600Z  * [new ref]         3319c32d487ab87829bee9d7b8187281c73eeb23 -> origin/feature/memory-os-overnight-candidate-extraction-20261002-6
2026-10-03T05:17:24.3891985Z ##[endgroup]
2026-10-03T05:17:24.3892889Z ##[group]Determining the checkout info
2026-10-03T05:17:24.3893717Z ##[endgroup]
2026-10-03T05:17:24.3894207Z [command]/usr/bin/git sparse-checkout disable
2026-10-03T05:17:24.3972626Z [command]/usr/bin/git config --local --unset-all extensions.worktreeConfig
2026-10-03T05:17:24.4012887Z ##[group]Checking out the ref
2026-10-03T05:17:24.4021869Z [command]/usr/bin/git checkout --progress --force -B feature/memory-os-overnight-candidate-extraction-20261002-6 refs/remotes/origin/feature/memory-os-overnight-candidate-extraction-20261002-6
2026-10-03T05:17:24.4470845Z Switched to a new branch 'feature/memory-os-overnight-candidate-extraction-20261002-6'
2026-10-03T05:17:24.4475935Z branch 'feature/memory-os-overnight-candidate-extraction-20261002-6' set up to track 'origin/feature/memory-os-overnight-candidate-extraction-20261002-6'.
2026-10-03T05:17:24.4482452Z ##[endgroup]
2026-10-03T05:17:24.4533778Z [command]/usr/bin/git log -1 --format=%H
2026-10-03T05:17:24.4561763Z 3319c32d487ab87829bee9d7b8187281c73eeb23
2026-10-03T05:17:24.4862915Z ##[group]Run actions/setup-java@v4
2026-10-03T05:17:24.4863241Z with:
2026-10-03T05:17:24.4863451Z   distribution: temurin
2026-10-03T05:17:24.4863689Z   java-version: 21
2026-10-03T05:17:24.4863902Z   java-package: jdk
2026-10-03T05:17:24.4864120Z   check-latest: false
2026-10-03T05:17:24.4864353Z   server-id: github
2026-10-03T05:17:24.4864574Z   server-username: GITHUB_ACTOR
2026-10-03T05:17:24.4864838Z   server-password: GITHUB_TOKEN
2026-10-03T05:17:24.4865098Z   overwrite-settings: true
2026-10-03T05:17:24.4865344Z   job-status: success
2026-10-03T05:17:24.4868070Z   token: ***
2026-10-03T05:17:24.4868298Z ##[endgroup]
2026-10-03T05:17:24.6566504Z ##[warning]setup-java v4 is deprecated and will no longer receive updates. Please migrate to actions/setup-java@v5.
2026-10-03T05:17:24.6576226Z ##[group]Installed distributions
2026-10-03T05:17:24.7521327Z Resolved Java 21.0.12+1 from tool-cache
2026-10-03T05:17:24.7522042Z Setting Java 21.0.12+1 as the default
2026-10-03T05:17:24.7534760Z (node:2301) [DEP0040] DeprecationWarning: The `punycode` module is deprecated. Please use a userland alternative instead.
2026-10-03T05:17:24.7536157Z (Use `node --trace-deprecation ...` to show where the warning was created)
2026-10-03T05:17:24.7539473Z Creating toolchains.xml for JDK version 21 from temurin
2026-10-03T05:17:24.7622518Z Writing to /home/runner/.m2/toolchains.xml
2026-10-03T05:17:24.7622976Z 
2026-10-03T05:17:24.7623153Z Java configuration:
2026-10-03T05:17:24.7623554Z   Distribution: temurin
2026-10-03T05:17:24.7623969Z   Version: 21.0.12+1
2026-10-03T05:17:24.7624537Z   Path: /opt/hostedtoolcache/Java_Temurin-Hotspot_jdk/21.0.12-1/x64
2026-10-03T05:17:24.7625049Z 
2026-10-03T05:17:24.7625623Z ##[endgroup]
2026-10-03T05:17:24.7640643Z Creating settings.xml with server-id: github
2026-10-03T05:17:24.7674388Z Writing to /home/runner/.m2/settings.xml
2026-10-03T05:17:24.7986539Z ##[group]Run "${ANDROID_HOME}/cmdline-tools/latest/bin/sdkmanager" "ndk;27.2.12479018"
2026-10-03T05:17:24.7987746Z [36;1m"${ANDROID_HOME}/cmdline-tools/latest/bin/sdkmanager" "ndk;27.2.12479018"[0m
2026-10-03T05:17:24.8404360Z shell: /usr/bin/bash -e {0}
2026-10-03T05:17:24.8404708Z env:
2026-10-03T05:17:24.8405058Z   JAVA_HOME: /opt/hostedtoolcache/Java_Temurin-Hotspot_jdk/21.0.12-1/x64
2026-10-03T05:17:24.8405979Z   JAVA_HOME_21_X64: /opt/hostedtoolcache/Java_Temurin-Hotspot_jdk/21.0.12-1/x64
2026-10-03T05:17:24.8406650Z ##[endgroup]
2026-10-03T05:17:35.9814094Z Loading package information...                                                  
2026-10-03T05:17:36.0822348Z Loading local repository...                                                     
2026-10-03T05:17:36.0824243Z [                                       ] 3% Loading local repository...        
2026-10-03T05:17:37.9158373Z [                                       ] 3% Fetch remote repository...         
2026-10-03T05:17:38.4816648Z [=                                      ] 3% Fetch remote repository...         
2026-10-03T05:17:38.6092534Z [=                                      ] 4% Fetch remote repository...         
2026-10-03T05:17:38.6511288Z [=                                      ] 5% Fetch remote repository...         
2026-10-03T05:17:38.7048697Z [==                                     ] 5% Fetch remote repository...         
2026-10-03T05:17:38.8028185Z [==                                     ] 6% Fetch remote repository...         
2026-10-03T05:17:39.0101724Z [==                                     ] 7% Fetch remote repository...         
2026-10-03T05:17:39.0140479Z [==                                     ] 7% Computing updates...               
2026-10-03T05:17:39.0225467Z [===                                    ] 8% Computing updates...               
2026-10-03T05:17:39.0811017Z [===                                    ] 10% Computing updates...              
2026-10-03T05:17:39.1371069Z [===                                    ] 10% Installing NDK (Side by side) 27.2
2026-10-03T05:17:39.4337017Z [===                                    ] 10% Downloading android-ndk-r27c-linux
2026-10-03T05:17:39.6206518Z [====                                   ] 10% Downloading android-ndk-r27c-linux
2026-10-03T05:17:39.7637337Z [====                                   ] 11% Downloading android-ndk-r27c-linux
2026-10-03T05:17:39.8687654Z [====                                   ] 12% Downloading android-ndk-r27c-linux
2026-10-03T05:17:39.9331825Z [=====                                  ] 13% Downloading android-ndk-r27c-linux
2026-10-03T05:17:40.0027873Z [=====                                  ] 14% Downloading android-ndk-r27c-linux
2026-10-03T05:17:40.0509284Z [=====                                  ] 15% Downloading android-ndk-r27c-linux
2026-10-03T05:17:40.0845675Z [======                                 ] 15% Downloading android-ndk-r27c-linux
2026-10-03T05:17:40.1494232Z [======                                 ] 16% Downloading android-ndk-r27c-linux
2026-10-03T05:17:40.2254306Z [======                                 ] 17% Downloading android-ndk-r27c-linux
2026-10-03T05:17:40.2823288Z [=======                                ] 18% Downloading android-ndk-r27c-linux
2026-10-03T05:17:40.3537393Z [=======                                ] 19% Downloading android-ndk-r27c-linux
2026-10-03T05:17:40.3832038Z [=======                                ] 20% Downloading android-ndk-r27c-linux
2026-10-03T05:17:40.4121526Z [========                               ] 20% Downloading android-ndk-r27c-linux
2026-10-03T05:17:40.4953410Z [========                               ] 21% Downloading android-ndk-r27c-linux
2026-10-03T05:17:40.5623185Z [========                               ] 22% Downloading android-ndk-r27c-linux
2026-10-03T05:17:40.6306120Z [=========                              ] 23% Downloading android-ndk-r27c-linux
2026-10-03T05:17:40.7118943Z [=========                              ] 24% Downloading android-ndk-r27c-linux
2026-10-03T05:17:40.7456175Z [=========                              ] 25% Downloading android-ndk-r27c-linux
2026-10-03T05:17:40.7803912Z [==========                             ] 25% Downloading android-ndk-r27c-linux
2026-10-03T05:17:40.8606738Z [==========                             ] 26% Downloading android-ndk-r27c-linux
2026-10-03T05:17:40.9205499Z [==========                             ] 27% Downloading android-ndk-r27c-linux
2026-10-03T05:17:40.9922492Z [===========                            ] 28% Downloading android-ndk-r27c-linux
2026-10-03T05:17:41.0502248Z [===========                            ] 29% Downloading android-ndk-r27c-linux
2026-10-03T05:17:41.0793397Z [===========                            ] 30% Downloading android-ndk-r27c-linux
2026-10-03T05:17:41.1221264Z [============                           ] 30% Downloading android-ndk-r27c-linux
2026-10-03T05:17:41.1899155Z [============                           ] 31% Downloading android-ndk-r27c-linux
2026-10-03T05:17:41.2478773Z [============                           ] 32% Downloading android-ndk-r27c-linux
2026-10-03T05:17:41.2483582Z [============                           ] 33% Downloading android-ndk-r27c-linux
2026-10-03T05:17:41.7618079Z [============                           ] 33% Unzipping...                      
2026-10-03T05:17:41.7619250Z [============                           ] 33% Unzipping... android-ndk-r27c/    
2026-10-03T05:17:41.7637602Z [============                           ] 33% Unzipping... android-ndk-r27c/READ
2026-10-03T05:17:41.7641682Z [=============                          ] 33% Unzipping... android-ndk-r27c/READ
2026-10-03T05:17:41.7670371Z [=============                          ] 33% Unzipping... android-ndk-r27c/meta
2026-10-03T05:17:41.9273078Z [=============                          ] 33% Unzipping... android-ndk-r27c/shad
2026-10-03T05:17:41.9300851Z [=============                          ] 33% Unzipping... android-ndk-r27c/ndk-
2026-10-03T05:17:41.9330772Z [=============                          ] 33% Unzipping... android-ndk-r27c/wrap
2026-10-03T05:17:41.9360763Z [=============                          ] 33% Unzipping... android-ndk-r27c/ndk-
2026-10-03T05:17:42.3269177Z [=============                          ] 33% Unzipping... android-ndk-r27c/tool
2026-10-03T05:17:42.8083041Z [=============                          ] 34% Unzipping... android-ndk-r27c/tool
2026-10-03T05:17:43.0477707Z [=============                          ] 35% Unzipping... android-ndk-r27c/tool
2026-10-03T05:17:43.1812811Z [==============                         ] 35% Unzipping... android-ndk-r27c/tool
2026-10-03T05:17:43.5669908Z [==============                         ] 36% Unzipping... android-ndk-r27c/tool
2026-10-03T05:17:43.9896662Z [==============                         ] 37% Unzipping... android-ndk-r27c/tool
2026-10-03T05:17:44.3988962Z [===============                        ] 38% Unzipping... android-ndk-r27c/tool
2026-10-03T05:17:44.8576115Z [===============                        ] 39% Unzipping... android-ndk-r27c/tool
2026-10-03T05:17:45.0435725Z [===============                        ] 40% Unzipping... android-ndk-r27c/tool
2026-10-03T05:17:45.2472506Z [================                       ] 40% Unzipping... android-ndk-r27c/tool
2026-10-03T05:17:45.7183755Z [================                       ] 41% Unzipping... android-ndk-r27c/tool
2026-10-03T05:17:46.1710731Z [================                       ] 42% Unzipping... android-ndk-r27c/tool
2026-10-03T05:17:46.9220907Z [=================                      ] 43% Unzipping... android-ndk-r27c/tool
2026-10-03T05:17:47.4446608Z [=================                      ] 44% Unzipping... android-ndk-r27c/tool
2026-10-03T05:17:48.0002733Z [=================                      ] 45% Unzipping... android-ndk-r27c/tool
2026-10-03T05:17:48.1891849Z [==================                     ] 45% Unzipping... android-ndk-r27c/tool
2026-10-03T05:17:48.5584687Z [==================                     ] 46% Unzipping... android-ndk-r27c/tool
2026-10-03T05:17:48.9474318Z [==================                     ] 47% Unzipping... android-ndk-r27c/tool
2026-10-03T05:17:49.3444571Z [===================                    ] 48% Unzipping... android-ndk-r27c/tool
2026-10-03T05:17:49.6993696Z [===================                    ] 49% Unzipping... android-ndk-r27c/tool
2026-10-03T05:17:49.8898686Z [===================                    ] 50% Unzipping... android-ndk-r27c/tool
2026-10-03T05:17:50.0928931Z [====================                   ] 50% Unzipping... android-ndk-r27c/tool
2026-10-03T05:17:50.4569105Z [====================                   ] 51% Unzipping... android-ndk-r27c/tool
2026-10-03T05:17:50.8478773Z [====================                   ] 52% Unzipping... android-ndk-r27c/tool
2026-10-03T05:17:51.2510534Z [=====================                  ] 53% Unzipping... android-ndk-r27c/tool
2026-10-03T05:17:51.4779855Z [=====================                  ] 54% Unzipping... android-ndk-r27c/tool
2026-10-03T05:17:51.4920763Z [=====================                  ] 54% Unzipping... android-ndk-r27c/buil
2026-10-03T05:17:51.7494995Z [=====================                  ] 54% Unzipping... android-ndk-r27c/sour
2026-10-03T05:17:51.7516357Z [=====================                  ] 54% Unzipping... android-ndk-r27c/NOTI
2026-10-03T05:17:51.7517548Z [=====================                  ] 54% Unzipping... android-ndk-r27c/ndk-
2026-10-03T05:17:51.7531505Z [=====================                  ] 54% Unzipping... android-ndk-r27c/NOTI
2026-10-03T05:17:51.7573595Z [=====================                  ] 54% Unzipping... android-ndk-r27c/pyth
2026-10-03T05:17:51.7988554Z [=====================                  ] 54% Unzipping... android-ndk-r27c/preb
2026-10-03T05:17:51.7992086Z [=====================                  ] 54% Unzipping... android-ndk-r27c/ndk-
2026-10-03T05:17:51.7993443Z [=====================                  ] 54% Unzipping... android-ndk-r27c/sour
2026-10-03T05:17:51.8525237Z [=====================                  ] 54% Unzipping... android-ndk-r27c/simp
2026-10-03T05:17:51.9927636Z [=====================                  ] 55% Unzipping... android-ndk-r27c/simp
2026-10-03T05:17:52.1170438Z [=====================                  ] 55% Unzipping... android-ndk-r27c/CHAN
2026-10-03T05:17:52.1171281Z [=======================================] 100% Unzipping... android-ndk-r27c/CHA
2026-10-03T05:17:52.6200127Z 
2026-10-03T05:17:52.7434186Z ##[group]Run actions/cache@v4
2026-10-03T05:17:52.7434480Z with:
2026-10-03T05:17:52.7434698Z   path: app/build/sherpa-native
2026-10-03T05:17:52.7435180Z   key: sherpa-arm64-137-Linux-78f25eb476df0e866c0747850a0401239fded60921575ed32431811002e601c0
2026-10-03T05:17:52.7435708Z   enableCrossOsArchive: false
2026-10-03T05:17:52.7435975Z   fail-on-cache-miss: false
2026-10-03T05:17:52.7436219Z   lookup-only: false
2026-10-03T05:17:52.7436459Z   save-always: false
2026-10-03T05:17:52.7436677Z env:
2026-10-03T05:17:52.7436985Z   JAVA_HOME: /opt/hostedtoolcache/Java_Temurin-Hotspot_jdk/21.0.12-1/x64
2026-10-03T05:17:52.7437494Z   JAVA_HOME_21_X64: /opt/hostedtoolcache/Java_Temurin-Hotspot_jdk/21.0.12-1/x64
2026-10-03T05:17:52.7437894Z ##[endgroup]
2026-10-03T05:17:52.8510978Z (node:2432) [DEP0040] DeprecationWarning: The `punycode` module is deprecated. Please use a userland alternative instead.
2026-10-03T05:17:52.8512170Z (Use `node --trace-deprecation ...` to show where the warning was created)
2026-10-03T05:17:52.9082478Z Cache not found for input keys: sherpa-arm64-137-Linux-78f25eb476df0e866c0747850a0401239fded60921575ed32431811002e601c0
2026-10-03T05:17:52.9279653Z ##[group]Run gradle/actions/setup-gradle@v4
2026-10-03T05:17:52.9280070Z with:
2026-10-03T05:17:52.9280290Z   gradle-version: 8.10.2
2026-10-03T05:17:52.9280549Z   cache-disabled: false
2026-10-03T05:17:52.9280787Z   cache-read-only: true
2026-10-03T05:17:52.9281041Z   cache-write-only: false
2026-10-03T05:17:52.9281305Z   cache-overwrite-existing: false
2026-10-03T05:17:52.9281582Z   cache-cleanup: on-success
2026-10-03T05:17:52.9281880Z   gradle-home-cache-includes: caches
notifications

2026-10-03T05:17:52.9282223Z   add-job-summary: always
2026-10-03T05:17:52.9282486Z   add-job-summary-as-pr-comment: never
2026-10-03T05:17:52.9282781Z   dependency-graph: disabled
2026-10-03T05:17:52.9283107Z   dependency-graph-report-dir: dependency-graph-reports
2026-10-03T05:17:52.9283483Z   dependency-graph-continue-on-failure: true
2026-10-03T05:17:52.9283799Z   build-scan-publish: false
2026-10-03T05:17:52.9284055Z   validate-wrappers: true
2026-10-03T05:17:52.9284357Z   allow-snapshot-wrappers: false
2026-10-03T05:17:52.9284646Z   gradle-home-cache-strict-match: false
2026-10-03T05:17:52.9284941Z   workflow-job-context: null
2026-10-03T05:17:52.9287735Z   github-token: ***
2026-10-03T05:17:52.9287957Z env:
2026-10-03T05:17:52.9288269Z   JAVA_HOME: /opt/hostedtoolcache/Java_Temurin-Hotspot_jdk/21.0.12-1/x64
2026-10-03T05:17:52.9288797Z   JAVA_HOME_21_X64: /opt/hostedtoolcache/Java_Temurin-Hotspot_jdk/21.0.12-1/x64
2026-10-03T05:17:52.9289194Z ##[endgroup]
2026-10-03T05:17:53.2794670Z Merged default JDK locations into /home/runner/.m2/toolchains.xml
2026-10-03T05:17:53.2798464Z ##[group]Restore Gradle state from cache
2026-10-03T05:17:53.3561125Z Cache hit for restore-key: gradle-home-v1|Linux-X64|build-release[950eaec8589fb4acbb839cd2eb2eeef7]-780c40c4d70ac3171a673b22491dc3a703f16d55
2026-10-03T05:17:53.4174380Z Received 8975 of 8975 (100.0%), 0.3 MBs/sec
2026-10-03T05:17:53.4176323Z Cache Size: ~0 MB (8975 B)
2026-10-03T05:17:53.4211590Z [command]/usr/bin/tar -xf /home/runner/work/_temp/61dbcab4-7588-41f4-ad31-3bd254e9473f/cache.tzst -P -C /home/runner/work/Jarvis-OS-V2/Jarvis-OS-V2 --use-compress-program unzstd
2026-10-03T05:17:53.4302470Z Cache restored successfully
2026-10-03T05:17:53.4308402Z Restored cache entry with key gradle-home-v1|Linux-X64|build-release[950eaec8589fb4acbb839cd2eb2eeef7]-3319c32d487ab87829bee9d7b8187281c73eeb23 to /home/runner/.gradle/caches,/home/runner/.gradle/notifications,/home/runner/.gradle/.setup-gradle in 149ms
2026-10-03T05:17:53.4725487Z Cache hit for: gradle-instrumented-jars-v1-3a8bc95e5f3fc33f7559043af89006e9
2026-10-03T05:17:53.4751385Z Cache hit for: gradle-groovy-dsl-v1-61a76c5b6d5e4b5c4e7b8de115d50879
2026-10-03T05:17:53.4927937Z Received 70743 of 70743 (100.0%), 5.2 MBs/sec
2026-10-03T05:17:53.4928635Z Cache Size: ~0 MB (70743 B)
2026-10-03T05:17:53.4964770Z [command]/usr/bin/tar -xf /home/runner/work/_temp/abd3cf55-9e7d-485a-8a2f-bdaec39c1aa9/cache.tzst -P -C /home/runner/work/Jarvis-OS-V2/Jarvis-OS-V2 --use-compress-program unzstd
2026-10-03T05:17:53.5065838Z Cache restored successfully
2026-10-03T05:17:53.5068376Z Restored cache entry with key gradle-instrumented-jars-v1-3a8bc95e5f3fc33f7559043af89006e9 to /home/runner/.gradle/caches/jars-*/*/ in 75ms
2026-10-03T05:17:53.5431776Z Received 109261 of 109261 (100.0%), 4.3 MBs/sec
2026-10-03T05:17:53.5432752Z Cache Size: ~0 MB (109261 B)
2026-10-03T05:17:53.5461668Z [command]/usr/bin/tar -xf /home/runner/work/_temp/a3d260bc-986d-4e0c-bb5a-82f161409c34/cache.tzst -P -C /home/runner/work/Jarvis-OS-V2/Jarvis-OS-V2 --use-compress-program unzstd
2026-10-03T05:17:53.5636747Z Cache restored successfully
2026-10-03T05:17:53.5638583Z Restored cache entry with key gradle-groovy-dsl-v1-61a76c5b6d5e4b5c4e7b8de115d50879 to /home/runner/.gradle/caches/*/groovy-dsl/*/ in 132ms
2026-10-03T05:17:53.5710458Z ##[endgroup]
2026-10-03T05:17:53.5891351Z ##[group]All Gradle Wrapper jars are valid
2026-10-03T05:17:53.5949949Z 
2026-10-03T05:17:53.5965143Z ##[endgroup]
2026-10-03T05:17:53.6305223Z ##[group]Provision Gradle 8.10.2
2026-10-03T05:17:58.4189727Z Cache hit for: gradle-8.10.2
2026-10-03T05:17:59.1887342Z Received 136494016 of 136494016 (100.0%), 178.6 MBs/sec
2026-10-03T05:17:59.1889501Z Cache Size: ~130 MB (136494016 B)
2026-10-03T05:17:59.1916945Z [command]/usr/bin/tar -xf /home/runner/work/_temp/b8e55088-6e76-44ff-9fa4-afaffd1dffcb/cache.tzst -P -C /home/runner/work/Jarvis-OS-V2/Jarvis-OS-V2 --use-compress-program unzstd
2026-10-03T05:17:59.3665767Z Cache restored successfully
2026-10-03T05:17:59.3726564Z Restored Gradle distribution gradle-8.10.2 from cache to /home/runner/work/_temp/.gradle-actions/gradle-installations/downloads/gradle-8.10.2-bin.zip
2026-10-03T05:17:59.3744214Z [command]/usr/bin/unzip -o -q /home/runner/work/_temp/.gradle-actions/gradle-installations/downloads/gradle-8.10.2-bin.zip
2026-10-03T05:18:00.3665312Z Extracted Gradle 8.10.2 to /home/runner/work/_temp/.gradle-actions/gradle-installations/installs/gradle-8.10.2
2026-10-03T05:18:00.3667353Z Provisioned Gradle executable /home/runner/work/_temp/.gradle-actions/gradle-installations/installs/gradle-8.10.2/bin/gradle
2026-10-03T05:18:00.3668752Z ##[endgroup]
2026-10-03T05:18:00.3816666Z ##[group]Run cmake -S app/src/main/cpp/microwakeword -B /tmp/keyword-native -DCMAKE_BUILD_TYPE=Release
2026-10-03T05:18:00.3817521Z [36;1mcmake -S app/src/main/cpp/microwakeword -B /tmp/keyword-native -DCMAKE_BUILD_TYPE=Release[0m
2026-10-03T05:18:00.3818112Z [36;1mcmake --build /tmp/keyword-native --parallel 2[0m
2026-10-03T05:18:00.3818633Z [36;1mpython3 scripts/check_keyword_models.py /tmp/keyword-native/microwakeword_test[0m
2026-10-03T05:18:00.3883023Z shell: /usr/bin/bash -e {0}
2026-10-03T05:18:00.3883307Z env:
2026-10-03T05:18:00.3883658Z   JAVA_HOME: /opt/hostedtoolcache/Java_Temurin-Hotspot_jdk/21.0.12-1/x64
2026-10-03T05:18:00.3884211Z   JAVA_HOME_21_X64: /opt/hostedtoolcache/Java_Temurin-Hotspot_jdk/21.0.12-1/x64
2026-10-03T05:18:00.3884702Z   GRADLE_ACTION_ID: gradle/actions/setup-gradle
2026-10-03T05:18:00.3885059Z   GRADLE_USER_HOME: /home/runner/.gradle
2026-10-03T05:18:00.3885397Z   GRADLE_BUILD_ACTION_SETUP_COMPLETED: true
2026-10-03T05:18:00.3885763Z   GRADLE_BUILD_ACTION_CACHE_RESTORED: true
2026-10-03T05:18:00.3886233Z   DEVELOCITY_INJECTION_INIT_SCRIPT_NAME: gradle-actions.inject-develocity.init.gradle
2026-10-03T05:18:00.3886941Z   DEVELOCITY_INJECTION_CUSTOM_VALUE: gradle-actions
2026-10-03T05:18:00.3887304Z   GITHUB_DEPENDENCY_GRAPH_ENABLED: false
2026-10-03T05:18:00.3887608Z ##[endgroup]
2026-10-03T05:18:03.5754886Z -- The C compiler identification is GNU 13.3.0
2026-10-03T05:18:04.7812133Z -- The CXX compiler identification is GNU 13.3.0
2026-10-03T05:18:05.0372381Z -- Detecting C compiler ABI info
2026-10-03T05:18:05.4320740Z -- Detecting C compiler ABI info - done
2026-10-03T05:18:05.4494180Z -- Check for working C compiler: /usr/bin/cc - skipped
2026-10-03T05:18:05.4543187Z -- Detecting C compile features
2026-10-03T05:18:05.4593456Z -- Detecting C compile features - done
2026-10-03T05:18:05.4842964Z -- Detecting CXX compiler ABI info
2026-10-03T05:18:05.6407058Z -- Detecting CXX compiler ABI info - done
2026-10-03T05:18:05.6585969Z -- Check for working CXX compiler: /usr/bin/c++ - skipped
2026-10-03T05:18:05.6588978Z -- Detecting CXX compile features
2026-10-03T05:18:05.6595752Z -- Detecting CXX compile features - done
2026-10-03T05:18:05.7077133Z CMake Warning (dev) at /usr/local/share/cmake-3.31/Modules/FetchContent.cmake:1373 (message):
2026-10-03T05:18:05.7078294Z   The DOWNLOAD_EXTRACT_TIMESTAMP option was not given and policy CMP0135 is
2026-10-03T05:18:05.7079231Z   not set.  The policy's OLD behavior will be used.  When using a URL
2026-10-03T05:18:05.7080439Z   download, the timestamps of extracted files should preferably be that of
2026-10-03T05:18:05.7081400Z   the time of extraction, otherwise code that depends on the extracted
2026-10-03T05:18:05.7082322Z   contents might not be rebuilt if the URL changes.  The OLD behavior
2026-10-03T05:18:05.7083281Z   preserves the timestamps from the archive instead, but this is usually not
2026-10-03T05:18:05.7084244Z   what you want.  Update your project to the NEW behavior or specify the
2026-10-03T05:18:05.7085209Z   DOWNLOAD_EXTRACT_TIMESTAMP option with a value of true to avoid this
2026-10-03T05:18:05.7085938Z   robustness issue.
2026-10-03T05:18:05.7086402Z Call Stack (most recent call first):
2026-10-03T05:18:05.7086976Z   CMakeLists.txt:14 (FetchContent_Declare)
2026-10-03T05:18:05.7087762Z This warning is for project developers.  Use -Wno-dev to suppress it.
2026-10-03T05:18:05.7088315Z 
2026-10-03T05:18:05.7088856Z CMake Warning (dev) at /usr/local/share/cmake-3.31/Modules/FetchContent.cmake:1373 (message):
2026-10-03T05:18:05.7090189Z   The DOWNLOAD_EXTRACT_TIMESTAMP option was not given and policy CMP0135 is
2026-10-03T05:18:05.7091144Z   not set.  The policy's OLD behavior will be used.  When using a URL
2026-10-03T05:18:05.7092062Z   download, the timestamps of extracted files should preferably be that of
2026-10-03T05:18:05.7093046Z   the time of extraction, otherwise code that depends on the extracted
2026-10-03T05:18:05.7094315Z   contents might not be rebuilt if the URL changes.  The OLD behavior
2026-10-03T05:18:05.7095313Z   preserves the timestamps from the archive instead, but this is usually not
2026-10-03T05:18:05.7096292Z   what you want.  Update your project to the NEW behavior or specify the
2026-10-03T05:18:05.7097216Z   DOWNLOAD_EXTRACT_TIMESTAMP option with a value of true to avoid this
2026-10-03T05:18:05.7097961Z   robustness issue.
2026-10-03T05:18:05.7098411Z Call Stack (most recent call first):
2026-10-03T05:18:05.7098973Z   CMakeLists.txt:28 (FetchContent_Declare)
2026-10-03T05:18:05.7100219Z This warning is for project developers.  Use -Wno-dev to suppress it.
2026-10-03T05:18:05.7100784Z 
2026-10-03T05:18:05.7101323Z CMake Warning (dev) at /usr/local/share/cmake-3.31/Modules/FetchContent.cmake:1373 (message):
2026-10-03T05:18:05.7102432Z   The DOWNLOAD_EXTRACT_TIMESTAMP option was not given and policy CMP0135 is
2026-10-03T05:18:05.7103371Z   not set.  The policy's OLD behavior will be used.  When using a URL
2026-10-03T05:18:05.7104292Z   download, the timestamps of extracted files should preferably be that of
2026-10-03T05:18:05.7105240Z   the time of extraction, otherwise code that depends on the extracted
2026-10-03T05:18:05.7106370Z   contents might not be rebuilt if the URL changes.  The OLD behavior
2026-10-03T05:18:05.7107305Z   preserves the timestamps from the archive instead, but this is usually not
2026-10-03T05:18:05.7108286Z   what you want.  Update your project to the NEW behavior or specify the
2026-10-03T05:18:05.7109206Z   DOWNLOAD_EXTRACT_TIMESTAMP option with a value of true to avoid this
2026-10-03T05:18:05.7110173Z   robustness issue.
2026-10-03T05:18:05.7110626Z Call Stack (most recent call first):
2026-10-03T05:18:05.7111190Z   CMakeLists.txt:35 (FetchContent_Declare)
2026-10-03T05:18:05.7111930Z This warning is for project developers.  Use -Wno-dev to suppress it.
2026-10-03T05:18:05.7112478Z 
2026-10-03T05:18:05.7112987Z CMake Warning (dev) at /usr/local/share/cmake-3.31/Modules/FetchContent.cmake:1373 (message):
2026-10-03T05:18:05.7114087Z   The DOWNLOAD_EXTRACT_TIMESTAMP option was not given and policy CMP0135 is
2026-10-03T05:18:05.7115012Z   not set.  The policy's OLD behavior will be used.  When using a URL
2026-10-03T05:18:05.7115905Z   download, the timestamps of extracted files should preferably be that of
2026-10-03T05:18:05.7116857Z   the time of extraction, otherwise code that depends on the extracted
2026-10-03T05:18:05.7117400Z   contents might not be rebuilt if the URL changes.  The OLD behavior
2026-10-03T05:18:05.7117937Z   preserves the timestamps from the archive instead, but this is usually not
2026-10-03T05:18:05.7118466Z   what you want.  Update your project to the NEW behavior or specify the
2026-10-03T05:18:05.7118967Z   DOWNLOAD_EXTRACT_TIMESTAMP option with a value of true to avoid this
2026-10-03T05:18:05.7119550Z   robustness issue.
2026-10-03T05:18:05.7120023Z Call Stack (most recent call first):
2026-10-03T05:18:05.7120589Z   CMakeLists.txt:46 (FetchContent_Declare)
2026-10-03T05:18:05.7121326Z This warning is for project developers.  Use -Wno-dev to suppress it.
2026-10-03T05:18:05.7121887Z 
2026-10-03T05:18:05.7122415Z CMake Warning (dev) at /usr/local/share/cmake-3.31/Modules/FetchContent.cmake:1373 (message):
2026-10-03T05:18:05.7123330Z   The DOWNLOAD_EXTRACT_TIMESTAMP option was not given and policy CMP0135 is
2026-10-03T05:18:05.7123845Z   not set.  The policy's OLD behavior will be used.  When using a URL
2026-10-03T05:18:05.7124341Z   download, the timestamps of extracted files should preferably be that of
2026-10-03T05:18:05.7124852Z   the time of extraction, otherwise code that depends on the extracted
2026-10-03T05:18:05.7125333Z   contents might not be rebuilt if the URL changes.  The OLD behavior
2026-10-03T05:18:05.7125872Z   preserves the timestamps from the archive instead, but this is usually not
2026-10-03T05:18:05.7126411Z   what you want.  Update your project to the NEW behavior or specify the
2026-10-03T05:18:05.7126915Z   DOWNLOAD_EXTRACT_TIMESTAMP option with a value of true to avoid this
2026-10-03T05:18:05.7127623Z   robustness issue.
2026-10-03T05:18:05.7127944Z Call Stack (most recent call first):
2026-10-03T05:18:05.7128257Z   CMakeLists.txt:53 (FetchContent_Declare)
2026-10-03T05:18:05.7128666Z This warning is for project developers.  Use -Wno-dev to suppress it.
2026-10-03T05:18:05.7128964Z 
2026-10-03T05:18:05.7129239Z CMake Warning (dev) at /usr/local/share/cmake-3.31/Modules/FetchContent.cmake:1953 (message):
2026-10-03T05:18:05.7129970Z   Calling FetchContent_Populate(kissfft) is deprecated, call
2026-10-03T05:18:05.7130470Z   FetchContent_MakeAvailable(kissfft) instead.  Policy CMP0169 can be set to
2026-10-03T05:18:05.7131012Z   OLD to allow FetchContent_Populate(kissfft) to be called directly for now,
2026-10-03T05:18:05.7131545Z   but the ability to call it with declared details will be removed completely
2026-10-03T05:18:05.7131954Z   in a future version.
2026-10-03T05:18:05.7132216Z Call Stack (most recent call first):
2026-10-03T05:18:05.7132538Z   CMakeLists.txt:64 (FetchContent_Populate)
2026-10-03T05:18:05.7132958Z This warning is for project developers.  Use -Wno-dev to suppress it.
2026-10-03T05:18:05.7133262Z 
2026-10-03T05:18:06.2076797Z CMake Warning (dev) at /usr/local/share/cmake-3.31/Modules/FetchContent.cmake:1953 (message):
2026-10-03T05:18:06.2077770Z   Calling FetchContent_Populate(tflite_micro) is deprecated, call
2026-10-03T05:18:06.2078377Z   FetchContent_MakeAvailable(tflite_micro) instead.  Policy CMP0169 can be
2026-10-03T05:18:06.2078982Z   set to OLD to allow FetchContent_Populate(tflite_micro) to be called
2026-10-03T05:18:06.2079880Z   directly for now, but the ability to call it with declared details will be
2026-10-03T05:18:06.2080386Z   removed completely in a future version.
2026-10-03T05:18:06.2080751Z Call Stack (most recent call first):
2026-10-03T05:18:06.2081119Z   CMakeLists.txt:64 (FetchContent_Populate)
2026-10-03T05:18:06.2081602Z This warning is for project developers.  Use -Wno-dev to suppress it.
2026-10-03T05:18:06.2081946Z 
2026-10-03T05:18:06.8063676Z CMake Warning (dev) at /usr/local/share/cmake-3.31/Modules/FetchContent.cmake:1953 (message):
2026-10-03T05:18:06.8065006Z   Calling FetchContent_Populate(flatbuffers) is deprecated, call
2026-10-03T05:18:06.8066213Z   FetchContent_MakeAvailable(flatbuffers) instead.  Policy CMP0169 can be set
2026-10-03T05:18:06.8067442Z   to OLD to allow FetchContent_Populate(flatbuffers) to be called directly
2026-10-03T05:18:06.8068614Z   for now, but the ability to call it with declared details will be removed
2026-10-03T05:18:06.8069786Z   completely in a future version.
2026-10-03T05:18:06.8070385Z Call Stack (most recent call first):
2026-10-03T05:18:06.8071042Z   CMakeLists.txt:64 (FetchContent_Populate)
2026-10-03T05:18:06.8071901Z This warning is for project developers.  Use -Wno-dev to suppress it.
2026-10-03T05:18:06.8072481Z 
2026-10-03T05:18:07.2072764Z CMake Warning (dev) at /usr/local/share/cmake-3.31/Modules/FetchContent.cmake:1953 (message):
2026-10-03T05:18:07.2074115Z   Calling FetchContent_Populate(gemmlowp) is deprecated, call
2026-10-03T05:18:07.2075296Z   FetchContent_MakeAvailable(gemmlowp) instead.  Policy CMP0169 can be set to
2026-10-03T05:18:07.2076596Z   OLD to allow FetchContent_Populate(gemmlowp) to be called directly for now,
2026-10-03T05:18:07.2077830Z   but the ability to call it with declared details will be removed completely
2026-10-03T05:18:07.2078727Z   in a future version.
2026-10-03T05:18:07.2079213Z Call Stack (most recent call first):
2026-10-03T05:18:07.2080096Z   CMakeLists.txt:64 (FetchContent_Populate)
2026-10-03T05:18:07.2080958Z This warning is for project developers.  Use -Wno-dev to suppress it.
2026-10-03T05:18:07.2081549Z 
2026-10-03T05:18:07.5078627Z CMake Warning (dev) at /usr/local/share/cmake-3.31/Modules/FetchContent.cmake:1953 (message):
2026-10-03T05:18:07.5079342Z   Calling FetchContent_Populate(ruy) is deprecated, call
2026-10-03T05:18:07.5080295Z   FetchContent_MakeAvailable(ruy) instead.  Policy CMP0169 can be set to OLD
2026-10-03T05:18:07.5081436Z   to allow FetchContent_Populate(ruy) to be called directly for now, but the
2026-10-03T05:18:07.5082305Z   ability to call it with declared details will be removed completely in a
2026-10-03T05:18:07.5082969Z   future version.
2026-10-03T05:18:07.5083391Z Call Stack (most recent call first):
2026-10-03T05:18:07.5083940Z   CMakeLists.txt:64 (FetchContent_Populate)
2026-10-03T05:18:07.5084604Z This warning is for project developers.  Use -Wno-dev to suppress it.
2026-10-03T05:18:07.5085079Z 
2026-10-03T05:18:07.7961833Z -- Configuring done (6.6s)
2026-10-03T05:18:07.8290700Z -- Generating done (0.0s)
2026-10-03T05:18:07.8293877Z -- Build files have been written to: /tmp/keyword-native
2026-10-03T05:18:07.8531859Z [  1%] Building CXX object CMakeFiles/tflite_micro_frontend.dir/_deps/tflite_micro-src/tensorflow/lite/experimental/microfrontend/lib/fft.cc.o
2026-10-03T05:18:07.8566313Z [  2%] Building CXX object CMakeFiles/tflite_micro_interpreter.dir/_deps/tflite_micro-src/tensorflow/lite/micro/micro_interpreter.cc.o
2026-10-03T05:18:09.0503899Z [  3%] Building CXX object CMakeFiles/tflite_micro_frontend.dir/_deps/tflite_micro-src/tensorflow/lite/experimental/microfrontend/lib/fft_util.cc.o
2026-10-03T05:18:09.2248320Z [  4%] Building CXX object CMakeFiles/tflite_micro_frontend.dir/_deps/tflite_micro-src/tensorflow/lite/experimental/microfrontend/lib/kiss_fft_int16.cc.o
2026-10-03T05:18:09.9165213Z [  5%] Building C object CMakeFiles/tflite_micro_frontend.dir/_deps/tflite_micro-src/tensorflow/lite/experimental/microfrontend/lib/filterbank.c.o
2026-10-03T05:18:11.0711142Z [  6%] Building C object CMakeFiles/tflite_micro_frontend.dir/_deps/tflite_micro-src/tensorflow/lite/experimental/microfrontend/lib/filterbank_util.c.o
2026-10-03T05:18:11.3245048Z [  7%] Building C object CMakeFiles/tflite_micro_frontend.dir/_deps/tflite_micro-src/tensorflow/lite/experimental/microfrontend/lib/frontend.c.o
2026-10-03T05:18:11.3536723Z [  8%] Building C object CMakeFiles/tflite_micro_frontend.dir/_deps/tflite_micro-src/tensorflow/lite/experimental/microfrontend/lib/frontend_util.c.o
2026-10-03T05:18:11.3972243Z [  9%] Building C object CMakeFiles/tflite_micro_frontend.dir/_deps/tflite_micro-src/tensorflow/lite/experimental/microfrontend/lib/log_lut.c.o
2026-10-03T05:18:11.4092465Z [ 10%] Building C object CMakeFiles/tflite_micro_frontend.dir/_deps/tflite_micro-src/tensorflow/lite/experimental/microfrontend/lib/log_scale.c.o
2026-10-03T05:18:11.4703390Z [ 11%] Building C object CMakeFiles/tflite_micro_frontend.dir/_deps/tflite_micro-src/tensorflow/lite/experimental/microfrontend/lib/log_scale_util.c.o
2026-10-03T05:18:11.4937261Z [ 12%] Building C object CMakeFiles/tflite_micro_frontend.dir/_deps/tflite_micro-src/tensorflow/lite/experimental/microfrontend/lib/noise_reduction.c.o
2026-10-03T05:18:11.5267763Z [ 13%] Building C object CMakeFiles/tflite_micro_frontend.dir/_deps/tflite_micro-src/tensorflow/lite/experimental/microfrontend/lib/noise_reduction_util.c.o
2026-10-03T05:18:11.5572789Z [ 14%] Building CXX object CMakeFiles/tflite_micro_interpreter.dir/_deps/tflite_micro-src/tensorflow/lite/micro/micro_allocator.cc.o
2026-10-03T05:18:11.5851327Z [ 15%] Building C object CMakeFiles/tflite_micro_frontend.dir/_deps/tflite_micro-src/tensorflow/lite/experimental/microfrontend/lib/pcan_gain_control.c.o
2026-10-03T05:18:11.6181090Z [ 16%] Building C object CMakeFiles/tflite_micro_frontend.dir/_deps/tflite_micro-src/tensorflow/lite/experimental/microfrontend/lib/pcan_gain_control_util.c.o
2026-10-03T05:18:11.6656838Z [ 17%] Building C object CMakeFiles/tflite_micro_frontend.dir/_deps/tflite_micro-src/tensorflow/lite/experimental/microfrontend/lib/window.c.o
2026-10-03T05:18:11.7356775Z [ 18%] Building C object CMakeFiles/tflite_micro_frontend.dir/_deps/tflite_micro-src/tensorflow/lite/experimental/microfrontend/lib/window_util.c.o
2026-10-03T05:18:11.7811566Z [ 19%] Linking CXX static library libtflite_micro_frontend.a
2026-10-03T05:18:14.2588297Z [ 20%] Building CXX object CMakeFiles/tflite_micro_interpreter.dir/_deps/tflite_micro-src/tensorflow/lite/micro/micro_context.cc.o
2026-10-03T05:18:16.6950428Z [ 21%] Building CXX object CMakeFiles/tflite_micro_interpreter.dir/_deps/tflite_micro-src/tensorflow/lite/micro/micro_op_resolver.cc.o
2026-10-03T05:18:18.8709604Z [ 22%] Building CXX object CMakeFiles/tflite_micro_interpreter.dir/_deps/tflite_micro-src/tensorflow/lite/micro/micro_utils.cc.o
2026-10-03T05:18:21.1404234Z [ 23%] Building CXX object CMakeFiles/tflite_micro_interpreter.dir/_deps/tflite_micro-src/tensorflow/lite/micro/micro_log.cc.o
2026-10-03T05:18:21.1694799Z [ 24%] Building CXX object CMakeFiles/tflite_micro_interpreter.dir/_deps/tflite_micro-src/tensorflow/lite/micro/flatbuffer_utils.cc.o
2026-10-03T05:18:23.6383292Z [ 25%] Building CXX object CMakeFiles/tflite_micro_interpreter.dir/_deps/tflite_micro-src/tensorflow/lite/micro/memory_helpers.cc.o
2026-10-03T05:18:24.7110349Z [ 25%] Built target tflite_micro_frontend
2026-10-03T05:18:24.7135169Z [ 26%] Building CXX object CMakeFiles/tflite_micro_interpreter.dir/_deps/tflite_micro-src/tensorflow/lite/micro/micro_allocation_info.cc.o
2026-10-03T05:18:25.8675383Z [ 27%] Building CXX object CMakeFiles/tflite_micro_interpreter.dir/_deps/tflite_micro-src/tensorflow/lite/micro/micro_interpreter_context.cc.o
2026-10-03T05:18:27.3376679Z [ 28%] Building CXX object CMakeFiles/tflite_micro_interpreter.dir/_deps/tflite_micro-src/tensorflow/lite/micro/micro_interpreter_graph.cc.o
2026-10-03T05:18:28.3451956Z [ 29%] Building CXX object CMakeFiles/tflite_micro_interpreter.dir/_deps/tflite_micro-src/tensorflow/lite/micro/micro_resource_variable.cc.o
2026-10-03T05:18:29.9421505Z [ 30%] Building CXX object CMakeFiles/tflite_micro_interpreter.dir/_deps/tflite_micro-src/tensorflow/lite/micro/micro_profiler.cc.o
2026-10-03T05:18:30.1931809Z [ 31%] Building CXX object CMakeFiles/tflite_micro_interpreter.dir/_deps/tflite_micro-src/tensorflow/lite/micro/micro_time.cc.o
2026-10-03T05:18:30.2131133Z [ 32%] Building CXX object CMakeFiles/tflite_micro_interpreter.dir/_deps/tflite_micro-src/tensorflow/lite/micro/system_setup.cc.o
2026-10-03T05:18:30.2284898Z [ 33%] Building CXX object CMakeFiles/tflite_micro_interpreter.dir/_deps/tflite_micro-src/tensorflow/lite/micro/fake_micro_context.cc.o
2026-10-03T05:18:30.8766104Z [ 34%] Building CXX object CMakeFiles/tflite_micro_interpreter.dir/_deps/tflite_micro-src/tensorflow/lite/micro/debug_log.cc.o
2026-10-03T05:18:30.9047696Z [ 35%] Building CXX object CMakeFiles/tflite_micro_interpreter.dir/_deps/tflite_micro-src/tensorflow/lite/micro/arena_allocator/single_arena_buffer_allocator.cc.o
2026-10-03T05:18:32.7138379Z [ 36%] Building CXX object CMakeFiles/tflite_micro_interpreter.dir/_deps/tflite_micro-src/tensorflow/lite/micro/arena_allocator/non_persistent_arena_buffer_allocator.cc.o
2026-10-03T05:18:33.2180664Z [ 37%] Building CXX object CMakeFiles/tflite_micro_interpreter.dir/_deps/tflite_micro-src/tensorflow/lite/micro/arena_allocator/persistent_arena_buffer_allocator.cc.o
2026-10-03T05:18:34.9352981Z [ 38%] Building CXX object CMakeFiles/tflite_micro_interpreter.dir/_deps/tflite_micro-src/tensorflow/lite/micro/memory_planner/greedy_memory_planner.cc.o
2026-10-03T05:18:35.0940589Z [ 39%] Building CXX object CMakeFiles/tflite_micro_interpreter.dir/_deps/tflite_micro-src/tensorflow/lite/micro/memory_planner/linear_memory_planner.cc.o
2026-10-03T05:18:35.1431743Z [ 40%] Building CXX object CMakeFiles/tflite_micro_interpreter.dir/_deps/tflite_micro-src/tensorflow/lite/micro/memory_planner/non_persistent_buffer_planner_shim.cc.o
2026-10-03T05:18:35.3080170Z [ 41%] Building CXX object CMakeFiles/tflite_micro_interpreter.dir/_deps/tflite_micro-src/tensorflow/lite/micro/tflite_bridge/micro_error_reporter.cc.o
2026-10-03T05:18:35.3342716Z [ 42%] Building CXX object CMakeFiles/tflite_micro_interpreter.dir/_deps/tflite_micro-src/tensorflow/lite/micro/tflite_bridge/flatbuffer_conversions_bridge.cc.o
2026-10-03T05:18:35.4586881Z [ 43%] Building CXX object CMakeFiles/tflite_micro_interpreter.dir/_deps/tflite_micro-src/tensorflow/compiler/mlir/lite/core/api/error_reporter.cc.o
2026-10-03T05:18:35.4816322Z [ 44%] Building CXX object CMakeFiles/tflite_micro_interpreter.dir/_deps/tflite_micro-src/tensorflow/lite/core/c/common.cc.o
2026-10-03T05:18:35.5438968Z [ 45%] Building CXX object CMakeFiles/tflite_micro_interpreter.dir/_deps/tflite_micro-src/tensorflow/lite/core/api/flatbuffer_conversions.cc.o
2026-10-03T05:18:37.5615802Z [ 46%] Building CXX object CMakeFiles/tflite_micro_interpreter.dir/_deps/tflite_micro-src/tensorflow/lite/core/api/tensor_utils.cc.o
2026-10-03T05:18:37.6020369Z [ 47%] Building CXX object CMakeFiles/tflite_micro_interpreter.dir/_deps/tflite_micro-src/tensorflow/lite/kernels/kernel_util.cc.o
2026-10-03T05:18:38.1084791Z [ 48%] Building CXX object CMakeFiles/tflite_micro_interpreter.dir/_deps/tflite_micro-src/tensorflow/lite/kernels/internal/common.cc.o
2026-10-03T05:18:38.4068889Z [ 49%] Building CXX object CMakeFiles/tflite_micro_interpreter.dir/_deps/tflite_micro-src/tensorflow/lite/kernels/internal/quantization_util.cc.o
2026-10-03T05:18:38.6311833Z [ 50%] Building CXX object CMakeFiles/tflite_micro_interpreter.dir/_deps/tflite_micro-src/tensorflow/lite/kernels/internal/portable_tensor_utils.cc.o
2026-10-03T05:18:38.9481510Z [ 51%] Building CXX object CMakeFiles/tflite_micro_interpreter.dir/_deps/tflite_micro-src/tensorflow/lite/kernels/internal/tensor_ctypes.cc.o
2026-10-03T05:18:39.1412169Z [ 52%] Building CXX object CMakeFiles/tflite_micro_interpreter.dir/_deps/tflite_micro-src/tensorflow/lite/kernels/internal/runtime_shape.cc.o
2026-10-03T05:18:39.1863857Z [ 53%] Building CXX object CMakeFiles/tflite_micro_interpreter.dir/_deps/tflite_micro-src/tensorflow/lite/kernels/internal/reference/portable_tensor_utils.cc.o
2026-10-03T05:18:39.5410347Z [ 54%] Building CXX object CMakeFiles/tflite_micro_interpreter.dir/_deps/tflite_micro-src/tensorflow/compiler/mlir/lite/schema/schema_utils.cc.o
2026-10-03T05:18:40.5057310Z [ 55%] Building CXX object CMakeFiles/tflite_micro_interpreter.dir/_deps/tflite_micro-src/tensorflow/lite/micro/kernels/conv.cc.o
2026-10-03T05:18:42.0338264Z [ 56%] Building CXX object CMakeFiles/tflite_micro_interpreter.dir/_deps/tflite_micro-src/tensorflow/lite/micro/kernels/conv_common.cc.o
2026-10-03T05:18:43.3165572Z [ 57%] Building CXX object CMakeFiles/tflite_micro_interpreter.dir/_deps/tflite_micro-src/tensorflow/lite/micro/kernels/depthwise_conv.cc.o
2026-10-03T05:18:44.6015455Z [ 58%] Building CXX object CMakeFiles/tflite_micro_interpreter.dir/_deps/tflite_micro-src/tensorflow/lite/micro/kernels/depthwise_conv_common.cc.o
2026-10-03T05:18:46.0296290Z [ 59%] Building CXX object CMakeFiles/tflite_micro_interpreter.dir/_deps/tflite_micro-src/tensorflow/lite/micro/kernels/fully_connected.cc.o
2026-10-03T05:18:47.1904288Z [ 60%] Building CXX object CMakeFiles/tflite_micro_interpreter.dir/_deps/tflite_micro-src/tensorflow/lite/micro/kernels/fully_connected_common.cc.o
2026-10-03T05:18:48.8622269Z [ 61%] Building CXX object CMakeFiles/tflite_micro_interpreter.dir/_deps/tflite_micro-src/tensorflow/lite/micro/kernels/pooling.cc.o
2026-10-03T05:18:49.7009877Z [ 62%] Building CXX object CMakeFiles/tflite_micro_interpreter.dir/_deps/tflite_micro-src/tensorflow/lite/micro/kernels/pooling_common.cc.o
2026-10-03T05:18:51.5215830Z [ 63%] Building CXX object CMakeFiles/tflite_micro_interpreter.dir/_deps/tflite_micro-src/tensorflow/lite/micro/kernels/reshape.cc.o
2026-10-03T05:18:52.2970360Z [ 64%] Building CXX object CMakeFiles/tflite_micro_interpreter.dir/_deps/tflite_micro-src/tensorflow/lite/micro/kernels/reshape_common.cc.o
2026-10-03T05:18:54.0257983Z [ 65%] Building CXX object CMakeFiles/tflite_micro_interpreter.dir/_deps/tflite_micro-src/tensorflow/lite/micro/kernels/softmax.cc.o
2026-10-03T05:18:54.8406311Z [ 66%] Building CXX object CMakeFiles/tflite_micro_interpreter.dir/_deps/tflite_micro-src/tensorflow/lite/micro/kernels/softmax_common.cc.o
2026-10-03T05:18:56.8260292Z [ 67%] Building CXX object CMakeFiles/tflite_micro_interpreter.dir/_deps/tflite_micro-src/tensorflow/lite/micro/kernels/logistic.cc.o
2026-10-03T05:18:57.4356626Z [ 68%] Building CXX object CMakeFiles/tflite_micro_interpreter.dir/_deps/tflite_micro-src/tensorflow/lite/micro/kernels/logistic_common.cc.o
2026-10-03T05:18:59.4653184Z [ 69%] Building CXX object CMakeFiles/tflite_micro_interpreter.dir/_deps/tflite_micro-src/tensorflow/lite/micro/kernels/add.cc.o
2026-10-03T05:18:59.9786261Z [ 70%] Building CXX object CMakeFiles/tflite_micro_interpreter.dir/_deps/tflite_micro-src/tensorflow/lite/micro/kernels/add_common.cc.o
2026-10-03T05:19:02.4583061Z [ 71%] Building CXX object CMakeFiles/tflite_micro_interpreter.dir/_deps/tflite_micro-src/tensorflow/lite/micro/kernels/mul.cc.o
2026-10-03T05:19:02.5615969Z [ 72%] Building CXX object CMakeFiles/tflite_micro_interpreter.dir/_deps/tflite_micro-src/tensorflow/lite/micro/kernels/mul_common.cc.o
2026-10-03T05:19:04.9501603Z [ 73%] Building CXX object CMakeFiles/tflite_micro_interpreter.dir/_deps/tflite_micro-src/tensorflow/lite/micro/kernels/quantize.cc.o
2026-10-03T05:19:05.4858321Z [ 74%] Building CXX object CMakeFiles/tflite_micro_interpreter.dir/_deps/tflite_micro-src/tensorflow/lite/micro/kernels/quantize_common.cc.o
2026-10-03T05:19:07.4058748Z [ 75%] Building CXX object CMakeFiles/tflite_micro_interpreter.dir/_deps/tflite_micro-src/tensorflow/lite/micro/kernels/dequantize.cc.o
2026-10-03T05:19:08.1094060Z [ 76%] Building CXX object CMakeFiles/tflite_micro_interpreter.dir/_deps/tflite_micro-src/tensorflow/lite/micro/kernels/dequantize_common.cc.o
2026-10-03T05:19:10.0188432Z [ 77%] Building CXX object CMakeFiles/tflite_micro_interpreter.dir/_deps/tflite_micro-src/tensorflow/lite/micro/kernels/activations.cc.o
2026-10-03T05:19:10.6314815Z [ 78%] Building CXX object CMakeFiles/tflite_micro_interpreter.dir/_deps/tflite_micro-src/tensorflow/lite/micro/kernels/activations_common.cc.o
2026-10-03T05:19:12.5996124Z [ 79%] Building CXX object CMakeFiles/tflite_micro_interpreter.dir/_deps/tflite_micro-src/tensorflow/lite/micro/kernels/pad.cc.o
2026-10-03T05:19:13.2090187Z [ 80%] Building CXX object CMakeFiles/tflite_micro_interpreter.dir/_deps/tflite_micro-src/tensorflow/lite/micro/kernels/pad_common.cc.o
2026-10-03T05:19:15.4424353Z [ 81%] Building CXX object CMakeFiles/tflite_micro_interpreter.dir/_deps/tflite_micro-src/tensorflow/lite/micro/kernels/concatenation.cc.o
2026-10-03T05:19:15.7800542Z [ 82%] Building CXX object CMakeFiles/tflite_micro_interpreter.dir/_deps/tflite_micro-src/tensorflow/lite/micro/kernels/strided_slice.cc.o
2026-10-03T05:19:18.0930051Z [ 83%] Building CXX object CMakeFiles/tflite_micro_interpreter.dir/_deps/tflite_micro-src/tensorflow/lite/micro/kernels/strided_slice_common.cc.o
2026-10-03T05:19:18.9675387Z [ 84%] Building CXX object CMakeFiles/tflite_micro_interpreter.dir/_deps/tflite_micro-src/tensorflow/lite/micro/kernels/pack.cc.o
2026-10-03T05:19:20.6425219Z [ 85%] Building CXX object CMakeFiles/tflite_micro_interpreter.dir/_deps/tflite_micro-src/tensorflow/lite/micro/kernels/unpack.cc.o
2026-10-03T05:19:21.5428491Z [ 86%] Building CXX object CMakeFiles/tflite_micro_interpreter.dir/_deps/tflite_micro-src/tensorflow/lite/micro/kernels/kernel_util.cc.o
2026-10-03T05:19:23.2322355Z [ 87%] Building CXX object CMakeFiles/tflite_micro_interpreter.dir/_deps/tflite_micro-src/tensorflow/lite/micro/kernels/micro_tensor_utils.cc.o
2026-10-03T05:19:23.5429929Z [ 88%] Building CXX object CMakeFiles/tflite_micro_interpreter.dir/_deps/tflite_micro-src/tensorflow/lite/micro/kernels/call_once.cc.o
2026-10-03T05:19:24.1036344Z [ 89%] Building CXX object CMakeFiles/tflite_micro_interpreter.dir/_deps/tflite_micro-src/tensorflow/lite/micro/kernels/var_handle.cc.o
2026-10-03T05:19:26.0353279Z [ 90%] Building CXX object CMakeFiles/tflite_micro_interpreter.dir/_deps/tflite_micro-src/tensorflow/lite/micro/kernels/read_variable.cc.o
2026-10-03T05:19:26.5555280Z [ 91%] Building CXX object CMakeFiles/tflite_micro_interpreter.dir/_deps/tflite_micro-src/tensorflow/lite/micro/kernels/assign_variable.cc.o
2026-10-03T05:19:28.5064401Z [ 92%] Building CXX object CMakeFiles/tflite_micro_interpreter.dir/_deps/tflite_micro-src/tensorflow/lite/micro/kernels/split_v.cc.o
2026-10-03T05:19:29.0651739Z [ 93%] Building CXX object CMakeFiles/tflite_micro_interpreter.dir/_deps/tflite_micro-src/tensorflow/lite/micro/kernels/reduce.cc.o
2026-10-03T05:19:31.0816953Z [ 94%] Building CXX object CMakeFiles/tflite_micro_interpreter.dir/_deps/tflite_micro-src/tensorflow/lite/micro/kernels/reduce_common.cc.o
2026-10-03T05:19:33.9000378Z [ 95%] Linking CXX static library libtflite_micro_interpreter.a
2026-10-03T05:19:34.0466574Z [ 95%] Built target tflite_micro_interpreter
2026-10-03T05:19:34.0537832Z [ 96%] Building CXX object CMakeFiles/microwakeword_test.dir/home/runner/work/Jarvis-OS-V2/Jarvis-OS-V2/scripts/microwakeword_test.cpp.o
2026-10-03T05:19:34.0540310Z [ 97%] Building CXX object CMakeFiles/microwakeword_test.dir/MicroWakeWordEngine.cpp.o
2026-10-03T05:19:36.7561186Z [ 98%] Building CXX object CMakeFiles/microwakeword_test.dir/MicroFrontendWrapper.cpp.o
2026-10-03T05:19:38.2206025Z [100%] Linking CXX executable microwakeword_test
2026-10-03T05:19:38.2869110Z [100%] Built target microwakeword_test
2026-10-03T05:19:38.3484532Z hey_jarvis: native model initialized, 5 seconds processed, no silence trigger
2026-10-03T05:19:38.3485712Z stop: native model initialized, 5 seconds processed, no silence trigger
2026-10-03T05:19:38.3587995Z ##[group]Run python3 -m unittest discover -s scripts -p 'test_*.py'
2026-10-03T05:19:38.3589007Z [36;1mpython3 -m unittest discover -s scripts -p 'test_*.py'[0m
2026-10-03T05:19:38.3667120Z shell: /usr/bin/bash -e {0}
2026-10-03T05:19:38.3667428Z env:
2026-10-03T05:19:38.3667807Z   JAVA_HOME: /opt/hostedtoolcache/Java_Temurin-Hotspot_jdk/21.0.12-1/x64
2026-10-03T05:19:38.3668387Z   JAVA_HOME_21_X64: /opt/hostedtoolcache/Java_Temurin-Hotspot_jdk/21.0.12-1/x64
2026-10-03T05:19:38.3668870Z   GRADLE_ACTION_ID: gradle/actions/setup-gradle
2026-10-03T05:19:38.3669231Z   GRADLE_USER_HOME: /home/runner/.gradle
2026-10-03T05:19:38.3669835Z   GRADLE_BUILD_ACTION_SETUP_COMPLETED: true
2026-10-03T05:19:38.3670182Z   GRADLE_BUILD_ACTION_CACHE_RESTORED: true
2026-10-03T05:19:38.3670681Z   DEVELOCITY_INJECTION_INIT_SCRIPT_NAME: gradle-actions.inject-develocity.init.gradle
2026-10-03T05:19:38.3671216Z   DEVELOCITY_INJECTION_CUSTOM_VALUE: gradle-actions
2026-10-03T05:19:38.3671625Z   GITHUB_DEPENDENCY_GRAPH_ENABLED: false
2026-10-03T05:19:38.3671934Z ##[endgroup]
2026-10-03T05:19:39.7838355Z .......................
2026-10-03T05:19:39.7839012Z ----------------------------------------------------------------------
2026-10-03T05:19:39.7840090Z Ran 23 tests in 1.256s
2026-10-03T05:19:39.7840439Z 
2026-10-03T05:19:39.7840644Z OK
2026-10-03T05:19:39.7849102Z Compact APK preserves identical native, DEX and asset payloads.
2026-10-03T05:19:39.7986695Z ##[group]Run test -n "$ANDROID_KEYSTORE_BASE64"
2026-10-03T05:19:39.7987125Z [36;1mtest -n "$ANDROID_KEYSTORE_BASE64"[0m
2026-10-03T05:19:39.7987493Z [36;1mtest -n "$ANDROID_KEYSTORE_PASSWORD"[0m
2026-10-03T05:19:39.7987831Z [36;1mtest -n "$ANDROID_KEY_ALIAS"[0m
2026-10-03T05:19:39.7988151Z [36;1mtest -n "$ANDROID_KEY_PASSWORD"[0m
2026-10-03T05:19:39.7988975Z [36;1mecho "$ANDROID_KEYSTORE_BASE64" | base64 --decode > "$RUNNER_TEMP/***.keystore"[0m
2026-10-03T05:19:39.8052324Z shell: /usr/bin/bash -e {0}
2026-10-03T05:19:39.8052626Z env:
2026-10-03T05:19:39.8052979Z   JAVA_HOME: /opt/hostedtoolcache/Java_Temurin-Hotspot_jdk/21.0.12-1/x64
2026-10-03T05:19:39.8053544Z   JAVA_HOME_21_X64: /opt/hostedtoolcache/Java_Temurin-Hotspot_jdk/21.0.12-1/x64
2026-10-03T05:19:39.8054026Z   GRADLE_ACTION_ID: gradle/actions/setup-gradle
2026-10-03T05:19:39.8054375Z   GRADLE_USER_HOME: /home/runner/.gradle
2026-10-03T05:19:39.8054705Z   GRADLE_BUILD_ACTION_SETUP_COMPLETED: true
2026-10-03T05:19:39.8055071Z   GRADLE_BUILD_ACTION_CACHE_RESTORED: true
2026-10-03T05:19:39.8055552Z   DEVELOCITY_INJECTION_INIT_SCRIPT_NAME: gradle-actions.inject-develocity.init.gradle
2026-10-03T05:19:39.8056074Z   DEVELOCITY_INJECTION_CUSTOM_VALUE: gradle-actions
2026-10-03T05:19:39.8056417Z   GITHUB_DEPENDENCY_GRAPH_ENABLED: false
2026-10-03T05:19:39.8076689Z   ANDROID_KEYSTORE_BASE64: ***
2026-10-03T05:19:39.8077136Z   ANDROID_KEYSTORE_PASSWORD: ***
2026-10-03T05:19:39.8077451Z   ANDROID_KEY_ALIAS: ***
2026-10-03T05:19:39.8077840Z   ANDROID_KEY_PASSWORD: ***
2026-10-03T05:19:39.8078120Z ##[endgroup]
2026-10-03T05:19:39.8213967Z ##[group]Run gradle --no-daemon testReleaseUnitTest assembleRelease assembleReleaseAndroidTest
2026-10-03T05:19:39.8214744Z [36;1mgradle --no-daemon testReleaseUnitTest assembleRelease assembleReleaseAndroidTest[0m
2026-10-03T05:19:39.8272946Z shell: /usr/bin/bash -e {0}
2026-10-03T05:19:39.8273242Z env:
2026-10-03T05:19:39.8273582Z   JAVA_HOME: /opt/hostedtoolcache/Java_Temurin-Hotspot_jdk/21.0.12-1/x64
2026-10-03T05:19:39.8274159Z   JAVA_HOME_21_X64: /opt/hostedtoolcache/Java_Temurin-Hotspot_jdk/21.0.12-1/x64
2026-10-03T05:19:39.8274633Z   GRADLE_ACTION_ID: gradle/actions/setup-gradle
2026-10-03T05:19:39.8274987Z   GRADLE_USER_HOME: /home/runner/.gradle
2026-10-03T05:19:39.8275324Z   GRADLE_BUILD_ACTION_SETUP_COMPLETED: true
2026-10-03T05:19:39.8275669Z   GRADLE_BUILD_ACTION_CACHE_RESTORED: true
2026-10-03T05:19:39.8276152Z   DEVELOCITY_INJECTION_INIT_SCRIPT_NAME: gradle-actions.inject-develocity.init.gradle
2026-10-03T05:19:39.8276941Z   DEVELOCITY_INJECTION_CUSTOM_VALUE: gradle-actions
2026-10-03T05:19:39.8277304Z   GITHUB_DEPENDENCY_GRAPH_ENABLED: false
2026-10-03T05:19:39.8277791Z   ANDROID_KEYSTORE_PATH: /home/runner/work/_temp/***.keystore
2026-10-03T05:19:39.8278309Z   ANDROID_KEYSTORE_PASSWORD: ***
2026-10-03T05:19:39.8278672Z   ANDROID_KEY_ALIAS: ***
2026-10-03T05:19:39.8279060Z   ANDROID_KEY_PASSWORD: ***
2026-10-03T05:19:39.8279563Z   ANDROID_VERSION_CODE: 913
2026-10-03T05:19:39.8279876Z   ANDROID_VERSION_NAME: 0.1.0-build.913
2026-10-03T05:19:39.8280174Z ##[endgroup]
2026-10-03T05:19:40.5946673Z To honour the JVM settings for this build a single-use Daemon process will be forked. For more on this, please refer to https://docs.gradle.org/8.10.2/userguide/gradle_daemon.html#sec:disabling_the_daemon in the Gradle documentation.
2026-10-03T05:19:42.2946175Z Daemon will be stopped at the end of the build 
2026-10-03T05:20:38.4964187Z > Task :app:buildKotlinToolingMetadata
2026-10-03T05:20:38.4972302Z > Task :app:checkKotlinGradlePluginConfigurationErrors SKIPPED
2026-10-03T05:20:38.9939891Z > Task :app:extractMoonshine
2026-10-03T05:20:40.0938605Z > Task :app:extractSherpa
2026-10-03T05:20:43.9943030Z 
2026-10-03T05:20:43.9943769Z > Task :app:buildSherpa
2026-10-03T05:20:43.9944409Z -- CMake version: 3.31.6
2026-10-03T05:20:43.9945813Z CMake Deprecation Warning at /usr/local/lib/android/sdk/ndk/27.2.12479018/build/cmake/android.toolchain.cmake:35 (cmake_minimum_required):
2026-10-03T05:20:43.9947547Z   Compatibility with CMake < 3.10 will be removed from a future version of
2026-10-03T05:20:43.9948448Z   CMake.
2026-10-03T05:20:43.9948701Z 
2026-10-03T05:20:43.9949188Z   Update the VERSION argument <min> value.  Or, use the <min>...<max> syntax
2026-10-03T05:20:43.9950642Z   to tell CMake that the project requires at least <min> but has been updated
2026-10-03T05:20:43.9951693Z   to work with policies introduced by <max> or earlier.
2026-10-03T05:20:43.9952465Z Call Stack (most recent call first):
2026-10-03T05:20:43.9953407Z   /usr/local/share/cmake-3.31/Modules/CMakeDetermineSystem.cmake:146 (include)
2026-10-03T05:20:43.9954421Z   CMakeLists.txt:26 (project)
2026-10-03T05:20:43.9954780Z 
2026-10-03T05:20:43.9954796Z 
2026-10-03T05:20:43.9955682Z CMake Deprecation Warning at /usr/local/lib/android/sdk/ndk/27.2.12479018/build/cmake/android-legacy.toolchain.cmake:35 (cmake_minimum_required):
2026-10-03T05:20:43.9957161Z   Compatibility with CMake < 3.10 will be removed from a future version of
2026-10-03T05:20:43.9957915Z   CMake.
2026-10-03T05:20:43.9958136Z 
2026-10-03T05:20:43.9958549Z   Update the VERSION argument <min> value.  Or, use the <min>...<max> syntax
2026-10-03T05:20:43.9959737Z   to tell CMake that the project requires at least <min> but has been updated
2026-10-03T05:20:43.9960676Z   to work with policies introduced by <max> or earlier.
2026-10-03T05:20:43.9961336Z Call Stack (most recent call first):
2026-10-03T05:20:43.9962215Z   /usr/local/lib/android/sdk/ndk/27.2.12479018/build/cmake/android.toolchain.cmake:55 (include)
2026-10-03T05:20:43.9963744Z   /usr/local/share/cmake-3.31/Modules/CMakeDetermineSystem.cmake:146 (include)
2026-10-03T05:20:43.9964576Z   CMakeLists.txt:26 (project)
2026-10-03T05:20:43.9964902Z 
2026-10-03T05:20:43.9964918Z 
2026-10-03T05:20:43.9970863Z CMake Deprecation Warning at /usr/local/lib/android/sdk/ndk/27.2.12479018/build/cmake/android.toolchain.cmake:35 (cmake_minimum_required):
2026-10-03T05:20:43.9972239Z   Compatibility with CMake < 3.10 will be removed from a future version of
2026-10-03T05:20:43.9972919Z   CMake.
2026-10-03T05:20:43.9973124Z 
2026-10-03T05:20:43.9973501Z   Update the VERSION argument <min> value.  Or, use the <min>...<max> syntax
2026-10-03T05:20:43.9974427Z   to tell CMake that the project requires at least <min> but has been updated
2026-10-03T05:20:43.9975274Z   to work with policies introduced by <max> or earlier.
2026-10-03T05:20:43.9975931Z Call Stack (most recent call first):
2026-10-03T05:20:43.9977031Z   /home/runner/work/Jarvis-OS-V2/Jarvis-OS-V2/app/build/sherpa-native/cmake/CMakeFiles/3.31.6/CMakeSystem.cmake:6 (include)
2026-10-03T05:20:43.9978425Z   CMakeLists.txt:26 (project)
2026-10-03T05:20:43.9978738Z 
2026-10-03T05:20:43.9978745Z 
2026-10-03T05:20:43.9978997Z -- The C compiler identification is Clang 18.0.3
2026-10-03T05:20:44.2938030Z -- The CXX compiler identification is Clang 18.0.3
2026-10-03T05:20:44.3953925Z CMake Deprecation Warning at /usr/local/lib/android/sdk/ndk/27.2.12479018/build/cmake/flags.cmake:18 (cmake_minimum_required):
2026-10-03T05:20:44.3955121Z -- Detecting C compiler ABI info
2026-10-03T05:20:44.3956035Z   Compatibility with CMake < 3.10 will be removed from a future version of
2026-10-03T05:20:44.3956806Z   CMake.
2026-10-03T05:20:44.3957029Z 
2026-10-03T05:20:44.3957447Z   Update the VERSION argument <min> value.  Or, use the <min>...<max> syntax
2026-10-03T05:20:44.3958452Z   to tell CMake that the project requires at least <min> but has been updated
2026-10-03T05:20:44.3959309Z   to work with policies introduced by <max> or earlier.
2026-10-03T05:20:44.3960306Z Call Stack (most recent call first):
2026-10-03T05:20:44.3961146Z   /usr/local/share/cmake-3.31/Modules/Platform/Android-Clang.cmake:23 (include)
2026-10-03T05:20:44.3962246Z   /usr/local/share/cmake-3.31/Modules/Platform/Android-Clang-C.cmake:1 (include)
2026-10-03T05:20:44.3963277Z   /usr/local/share/cmake-3.31/Modules/CMakeCInformation.cmake:48 (include)
2026-10-03T05:20:44.3964078Z   CMakeLists.txt:26 (project)
2026-10-03T05:20:44.3964415Z 
2026-10-03T05:20:44.3964422Z 
2026-10-03T05:20:44.3965267Z CMake Deprecation Warning at /usr/local/lib/android/sdk/ndk/27.2.12479018/build/cmake/android.toolchain.cmake:35 (cmake_minimum_required):
2026-10-03T05:20:44.3966667Z   Compatibility with CMake < 3.10 will be removed from a future version of
2026-10-03T05:20:44.3967386Z   CMake.
2026-10-03T05:20:44.3967592Z 
2026-10-03T05:20:44.3967976Z   Update the VERSION argument <min> value.  Or, use the <min>...<max> syntax
2026-10-03T05:20:44.3968905Z   to tell CMake that the project requires at least <min> but has been updated
2026-10-03T05:20:44.3970019Z   to work with policies introduced by <max> or earlier.
2026-10-03T05:20:44.3970592Z Call Stack (most recent call first):
2026-10-03T05:20:44.3971556Z   /home/runner/work/Jarvis-OS-V2/Jarvis-OS-V2/app/build/sherpa-native/cmake/CMakeFiles/3.31.6/CMakeSystem.cmake:6 (include)
2026-10-03T05:20:44.3973055Z   /home/runner/work/Jarvis-OS-V2/Jarvis-OS-V2/app/build/sherpa-native/cmake/CMakeFiles/CMakeScratch/TryCompile-nbpsby/CMakeLists.txt:4 (project)
2026-10-03T05:20:44.3973675Z 
2026-10-03T05:20:44.3973679Z 
2026-10-03T05:20:44.3974163Z CMake Deprecation Warning at /usr/local/lib/android/sdk/ndk/27.2.12479018/build/cmake/android-legacy.toolchain.cmake:35 (cmake_minimum_required):
2026-10-03T05:20:44.3974944Z   Compatibility with CMake < 3.10 will be removed from a future version of
2026-10-03T05:20:44.3975345Z   CMake.
2026-10-03T05:20:44.3975470Z 
2026-10-03T05:20:44.3975684Z   Update the VERSION argument <min> value.  Or, use the <min>...<max> syntax
2026-10-03T05:20:44.3976566Z   to tell CMake that the project requires at least <min> but has been updated
2026-10-03T05:20:44.3977428Z   to work with policies introduced by <max> or earlier.
2026-10-03T05:20:44.3978058Z Call Stack (most recent call first):
2026-10-03T05:20:44.3978898Z   /usr/local/lib/android/sdk/ndk/27.2.12479018/build/cmake/android.toolchain.cmake:55 (include)
2026-10-03T05:20:44.3980674Z   /home/runner/work/Jarvis-OS-V2/Jarvis-OS-V2/app/build/sherpa-native/cmake/CMakeFiles/3.31.6/CMakeSystem.cmake:6 (include)
2026-10-03T05:20:44.3982584Z   /home/runner/work/Jarvis-OS-V2/Jarvis-OS-V2/app/build/sherpa-native/cmake/CMakeFiles/CMakeScratch/TryCompile-nbpsby/CMakeLists.txt:4 (project)
2026-10-03T05:20:44.3983672Z 
2026-10-03T05:20:44.3983680Z 
2026-10-03T05:20:44.3984443Z CMake Deprecation Warning at /usr/local/lib/android/sdk/ndk/27.2.12479018/build/cmake/flags.cmake:18 (cmake_minimum_required):
2026-10-03T05:20:44.3985763Z   Compatibility with CMake < 3.10 will be removed from a future version of
2026-10-03T05:20:44.3986866Z   CMake.
2026-10-03T05:20:44.3987084Z 
2026-10-03T05:20:44.3987488Z   Update the VERSION argument <min> value.  Or, use the <min>...<max> syntax
2026-10-03T05:20:44.3988458Z   to tell CMake that the project requires at least <min> but has been updated
2026-10-03T05:20:44.3989313Z   to work with policies introduced by <max> or earlier.
2026-10-03T05:20:44.3990208Z Call Stack (most recent call first):
2026-10-03T05:20:44.3990985Z   /usr/local/share/cmake-3.31/Modules/Platform/Android-Clang.cmake:23 (include)
2026-10-03T05:20:44.3992011Z   /usr/local/share/cmake-3.31/Modules/Platform/Android-Clang-C.cmake:1 (include)
2026-10-03T05:20:44.3992999Z   /usr/local/share/cmake-3.31/Modules/CMakeCInformation.cmake:48 (include)
2026-10-03T05:20:44.3994452Z   /home/runner/work/Jarvis-OS-V2/Jarvis-OS-V2/app/build/sherpa-native/cmake/CMakeFiles/CMakeScratch/TryCompile-nbpsby/CMakeLists.txt:4 (project)
2026-10-03T05:20:44.3995517Z 
2026-10-03T05:20:44.3995525Z 
2026-10-03T05:20:44.4949688Z -- Detecting C compiler ABI info - done
2026-10-03T05:20:44.4950770Z -- Check for working C compiler: /usr/local/lib/android/sdk/ndk/27.2.12479018/toolchains/llvm/prebuilt/linux-x86_64/bin/clang - skipped
2026-10-03T05:20:44.4951448Z -- Detecting C compile features
2026-10-03T05:20:44.4951772Z -- Detecting C compile features - done
2026-10-03T05:20:44.5939007Z -- Detecting CXX compiler ABI info
2026-10-03T05:20:44.5940598Z CMake Deprecation Warning at /usr/local/lib/android/sdk/ndk/27.2.12479018/build/cmake/android.toolchain.cmake:35 (cmake_minimum_required):
2026-10-03T05:20:44.5950557Z   Compatibility with CMake < 3.10 will be removed from a future version of
2026-10-03T05:20:44.5970284Z   CMake.
2026-10-03T05:20:44.5990060Z 
2026-10-03T05:20:44.6000775Z   Update the VERSION argument <min> value.  Or, use the <min>...<max> syntax
2026-10-03T05:20:44.6001371Z   to tell CMake that the project requires at least <min> but has been updated
2026-10-03T05:20:44.6001859Z   to work with policies introduced by <max> or earlier.
2026-10-03T05:20:44.6002275Z Call Stack (most recent call first):
2026-10-03T05:20:44.6002888Z   /home/runner/work/Jarvis-OS-V2/Jarvis-OS-V2/app/build/sherpa-native/cmake/CMakeFiles/3.31.6/CMakeSystem.cmake:6 (include)
2026-10-03T05:20:44.6003892Z   /home/runner/work/Jarvis-OS-V2/Jarvis-OS-V2/app/build/sherpa-native/cmake/CMakeFiles/CMakeScratch/TryCompile-zwvUhn/CMakeLists.txt:4 (project)
2026-10-03T05:20:44.6004484Z 
2026-10-03T05:20:44.6004489Z 
2026-10-03T05:20:44.6004968Z CMake Deprecation Warning at /usr/local/lib/android/sdk/ndk/27.2.12479018/build/cmake/android-legacy.toolchain.cmake:35 (cmake_minimum_required):
2026-10-03T05:20:44.6005760Z   Compatibility with CMake < 3.10 will be removed from a future version of
2026-10-03T05:20:44.6006164Z   CMake.
2026-10-03T05:20:44.6006291Z 
2026-10-03T05:20:44.6006518Z   Update the VERSION argument <min> value.  Or, use the <min>...<max> syntax
2026-10-03T05:20:44.6007045Z   to tell CMake that the project requires at least <min> but has been updated
2026-10-03T05:20:44.6007813Z   to work with policies introduced by <max> or earlier.
2026-10-03T05:20:44.6008188Z Call Stack (most recent call first):
2026-10-03T05:20:44.6008666Z   /usr/local/lib/android/sdk/ndk/27.2.12479018/build/cmake/android.toolchain.cmake:55 (include)
2026-10-03T05:20:44.6009807Z   /home/runner/work/Jarvis-OS-V2/Jarvis-OS-V2/app/build/sherpa-native/cmake/CMakeFiles/3.31.6/CMakeSystem.cmake:6 (include)
2026-10-03T05:20:44.6011570Z   /home/runner/work/Jarvis-OS-V2/Jarvis-OS-V2/app/build/sherpa-native/cmake/CMakeFiles/CMakeScratch/TryCompile-zwvUhn/CMakeLists.txt:4 (project)
2026-10-03T05:20:44.6012602Z 
2026-10-03T05:20:44.6012609Z 
2026-10-03T05:20:44.6013312Z CMake Deprecation Warning at /usr/local/lib/android/sdk/ndk/27.2.12479018/build/cmake/flags.cmake:18 (cmake_minimum_required):
2026-10-03T05:20:44.6014112Z   Compatibility with CMake < 3.10 will be removed from a future version of
2026-10-03T05:20:44.6014514Z   CMake.
2026-10-03T05:20:44.6014629Z 
2026-10-03T05:20:44.6015065Z   Update the VERSION argument <min> value.  Or, use the <min>...<max> syntax
2026-10-03T05:20:44.6015609Z   to tell CMake that the project requires at least <min> but has been updated
2026-10-03T05:20:44.6016073Z   to work with policies introduced by <max> or earlier.
2026-10-03T05:20:44.6016430Z Call Stack (most recent call first):
2026-10-03T05:20:44.6016861Z   /usr/local/share/cmake-3.31/Modules/Platform/Android-Clang.cmake:23 (include)
2026-10-03T05:20:44.6017431Z   /usr/local/share/cmake-3.31/Modules/Platform/Android-Clang-CXX.cmake:1 (include)
2026-10-03T05:20:44.6017990Z   /usr/local/share/cmake-3.31/Modules/CMakeCXXInformation.cmake:48 (include)
2026-10-03T05:20:44.6018800Z   /home/runner/work/Jarvis-OS-V2/Jarvis-OS-V2/app/build/sherpa-native/cmake/CMakeFiles/CMakeScratch/TryCompile-zwvUhn/CMakeLists.txt:4 (project)
2026-10-03T05:20:44.6019667Z 
2026-10-03T05:20:44.6019672Z 
2026-10-03T05:20:44.6938883Z -- Detecting CXX compiler ABI info - done
2026-10-03T05:20:44.6940559Z -- Check for working CXX compiler: /usr/local/lib/android/sdk/ndk/27.2.12479018/toolchains/llvm/prebuilt/linux-x86_64/bin/clang++ - skipped
2026-10-03T05:20:44.6941812Z -- Detecting CXX compile features
2026-10-03T05:20:44.6943207Z -- Detecting CXX compile features - done
2026-10-03T05:20:44.6943783Z -- CMAKE_BUILD_TYPE: Release
2026-10-03T05:20:44.6944275Z -- CMAKE_INSTALL_PREFIX: /usr/local
2026-10-03T05:20:44.6944782Z -- BUILD_SHARED_LIBS OFF
2026-10-03T05:20:44.6945368Z -- SHERPA_ONNX_ENABLE_PYTHON OFF
2026-10-03T05:20:44.6945882Z -- SHERPA_ONNX_ENABLE_TESTS OFF
2026-10-03T05:20:44.6946454Z -- SHERPA_ONNX_ENABLE_CHECK OFF
2026-10-03T05:20:44.6950047Z -- SHERPA_ONNX_ENABLE_PORTAUDIO OFF
2026-10-03T05:20:44.6950573Z -- SHERPA_ONNX_ENABLE_JNI ON
2026-10-03T05:20:44.6951058Z -- SHERPA_ONNX_ENABLE_C_API OFF
2026-10-03T05:20:44.6951550Z -- SHERPA_ONNX_ENABLE_WEBSOCKET OFF
2026-10-03T05:20:44.6952076Z -- SHERPA_ONNX_ENABLE_GPU OFF
2026-10-03T05:20:44.6952380Z -- SHERPA_ONNX_ENABLE_WASM OFF
2026-10-03T05:20:44.6952875Z -- SHERPA_ONNX_ENABLE_WASM_SPEAKER_DIARIZATION OFF
2026-10-03T05:20:44.6954134Z CMake Deprecation Warning at /usr/local/lib/android/sdk/ndk/27.2.12479018/build/cmake/android.toolchain.cmake:35 (cmake_minimum_required):
2026-10-03T05:20:44.6954817Z -- SHERPA_ONNX_ENABLE_WASM_TTS OFF
2026-10-03T05:20:44.6955518Z   Compatibility with CMake < 3.10 will be removed from a future version of
2026-10-03T05:20:44.6956293Z   CMake.
2026-10-03T05:20:44.6956503Z 
2026-10-03T05:20:44.6956893Z   Update the VERSION argument <min> value.  Or, use the <min>...<max> syntax
2026-10-03T05:20:44.6957825Z   to tell CMake that the project requires at least <min> but has been updated
2026-10-03T05:20:44.6958638Z   to work with policies introduced by <max> or earlier.
2026-10-03T05:20:44.6959255Z Call Stack (most recent call first):
2026-10-03T05:20:44.6960584Z   /home/runner/work/Jarvis-OS-V2/Jarvis-OS-V2/app/build/sherpa-native/cmake/CMakeFiles/3.31.6/CMakeSystem.cmake:6 (include)
2026-10-03T05:20:44.6962624Z   /home/runner/work/Jarvis-OS-V2/Jarvis-OS-V2/app/build/sherpa-native/cmake/CMakeFiles/CMakeScratch/TryCompile-XpFDaZ/CMakeLists.txt:4 (project)
2026-10-03T05:20:44.6963681Z 
2026-10-03T05:20:44.6963688Z 
2026-10-03T05:20:44.6964572Z CMake Deprecation Warning at /usr/local/lib/android/sdk/ndk/27.2.12479018/build/cmake/android-legacy.toolchain.cmake:35 (cmake_minimum_required):
2026-10-03T05:20:44.6966004Z   Compatibility with CMake < 3.10 will be removed from a future version of
2026-10-03T05:20:44.6966712Z   CMake.
2026-10-03T05:20:44.6966915Z 
2026-10-03T05:20:44.6967309Z   Update the VERSION argument <min> value.  Or, use the <min>...<max> syntax
2026-10-03T05:20:44.6968254Z   to tell CMake that the project requires at least <min> but has been updated
2026-10-03T05:20:44.6969059Z   to work with policies introduced by <max> or earlier.
2026-10-03T05:20:44.6969934Z Call Stack (most recent call first):
2026-10-03T05:20:44.6970786Z   /usr/local/lib/android/sdk/ndk/27.2.12479018/build/cmake/android.toolchain.cmake:55 (include)
2026-10-03T05:20:44.6972422Z   /home/runner/work/Jarvis-OS-V2/Jarvis-OS-V2/app/build/sherpa-native/cmake/CMakeFiles/3.31.6/CMakeSystem.cmake:6 (include)
2026-10-03T05:20:44.6974175Z   /home/runner/work/Jarvis-OS-V2/Jarvis-OS-V2/app/build/sherpa-native/cmake/CMakeFiles/CMakeScratch/TryCompile-XpFDaZ/CMakeLists.txt:4 (project)
2026-10-03T05:20:44.6975205Z 
2026-10-03T05:20:44.6975212Z 
2026-10-03T05:20:44.6975910Z CMake Deprecation Warning at /usr/local/lib/android/sdk/ndk/27.2.12479018/build/cmake/flags.cmake:18 (cmake_minimum_required):
2026-10-03T05:20:44.6977156Z   Compatibility with CMake < 3.10 will be removed from a future version of
2026-10-03T05:20:44.6977856Z   CMake.
2026-10-03T05:20:44.6978059Z 
2026-10-03T05:20:44.6978441Z   Update the VERSION argument <min> value.  Or, use the <min>...<max> syntax
2026-10-03T05:20:44.6979133Z   to tell CMake that the project requires at least <min> but has been updated
2026-10-03T05:20:44.6980026Z   to work with policies introduced by <max> or earlier.
2026-10-03T05:20:44.6980666Z Call Stack (most recent call first):
2026-10-03T05:20:44.6981440Z   /usr/local/share/cmake-3.31/Modules/Platform/Android-Clang.cmake:23 (include)
2026-10-03T05:20:44.6982452Z   /usr/local/share/cmake-3.31/Modules/Platform/Android-Clang-CXX.cmake:1 (include)
2026-10-03T05:20:44.6983443Z   /usr/local/share/cmake-3.31/Modules/CMakeCXXInformation.cmake:48 (include)
2026-10-03T05:20:44.6984505Z   /home/runner/work/Jarvis-OS-V2/Jarvis-OS-V2/app/build/sherpa-native/cmake/CMakeFiles/CMakeScratch/TryCompile-XpFDaZ/CMakeLists.txt:4 (project)
2026-10-03T05:20:44.6985112Z 
2026-10-03T05:20:44.6985116Z 
2026-10-03T05:20:44.6985249Z -- SHERPA_ONNX_ENABLE_WASM_ASR OFF
2026-10-03T05:20:44.6985553Z -- SHERPA_ONNX_ENABLE_WASM_KWS OFF
2026-10-03T05:20:44.6985848Z -- SHERPA_ONNX_ENABLE_WASM_VAD OFF
2026-10-03T05:20:44.6986450Z -- SHERPA_ONNX_ENABLE_WASM_VAD_ASR OFF
2026-10-03T05:20:44.6986902Z -- SHERPA_ONNX_ENABLE_WASM_NODEJS OFF
2026-10-03T05:20:44.6987211Z -- SHERPA_ONNX_ENABLE_WASM_WEB OFF
2026-10-03T05:20:44.6987550Z -- SHERPA_ONNX_ENABLE_WASM_SPEECH_ENHANCEMENT OFF
2026-10-03T05:20:44.6988086Z -- SHERPA_ONNX_ENABLE_BINARY OFF
2026-10-03T05:20:44.6988429Z -- SHERPA_ONNX_ENABLE_TTS ON
2026-10-03T05:20:44.6988748Z -- SHERPA_ONNX_ENABLE_SPEAKER_DIARIZATION OFF
2026-10-03T05:20:44.6989140Z -- SHERPA_ONNX_LINK_LIBSTDCPP_STATICALLY ON
2026-10-03T05:20:44.6989800Z -- SHERPA_ONNX_USE_PRE_INSTALLED_ONNXRUNTIME_IF_AVAILABLE ON
2026-10-03T05:20:44.6990199Z -- SHERPA_ONNX_ENABLE_SANITIZER: OFF
2026-10-03T05:20:44.6990509Z -- SHERPA_ONNX_BUILD_C_API_EXAMPLES: ON
2026-10-03T05:20:44.6990827Z -- SHERPA_ONNX_ENABLE_RKNN: OFF
2026-10-03T05:20:44.6991112Z -- SHERPA_ONNX_ENABLE_AXERA: OFF
2026-10-03T05:20:44.6991399Z -- SHERPA_ONNX_ENABLE_AXCL: OFF
2026-10-03T05:20:44.6991685Z -- SHERPA_ONNX_ENABLE_ASCEND_NPU: OFF
2026-10-03T05:20:44.6991990Z -- SHERPA_ONNX_ENABLE_QNN: OFF
2026-10-03T05:20:44.6992277Z -- SHERPA_ONNX_ENABLE_SPACEMIT: OFF
2026-10-03T05:20:44.6992568Z -- SHERPA_ONNX_LINK_D3D: OFF
2026-10-03T05:20:44.6992850Z -- SHERPA_ONNX_USE_STATIC_CRT: ON
2026-10-03T05:20:44.6993314Z -- TTS is enabled
2026-10-03T05:20:44.6993577Z -- speaker diarization is disabled
2026-10-03T05:20:44.6993868Z -- DirectML is disabled
2026-10-03T05:20:44.6994124Z -- C++ Standard version: 17
2026-10-03T05:20:44.6994396Z -- Looking for C++ include cxxabi.h
2026-10-03T05:20:44.7937630Z -- Looking for C++ include cxxabi.h - found
2026-10-03T05:20:44.7938941Z CMake Deprecation Warning at /usr/local/lib/android/sdk/ndk/27.2.12479018/build/cmake/android.toolchain.cmake:35 (cmake_minimum_required):
2026-10-03T05:20:44.7940553Z   Compatibility with CMake < 3.10 will be removed from a future version of
2026-10-03T05:20:44.7941276Z   CMake.
2026-10-03T05:20:44.7941484Z 
2026-10-03T05:20:44.7941686Z -- Looking for C++ include execinfo.h
2026-10-03T05:20:44.7942417Z   Update the VERSION argument <min> value.  Or, use the <min>...<max> syntax
2026-10-03T05:20:44.7943329Z   to tell CMake that the project requires at least <min> but has been updated
2026-10-03T05:20:44.7943896Z   to work with policies introduced by <max> or earlier.
2026-10-03T05:20:44.7944678Z Call Stack (most recent call first):
2026-10-03T05:20:44.7947114Z   /home/runner/work/Jarvis-OS-V2/Jarvis-OS-V2/app/build/sherpa-native/cmake/CMakeFiles/3.31.6/CMakeSystem.cmake:6 (include)
2026-10-03T05:20:44.7949223Z   /home/runner/work/Jarvis-OS-V2/Jarvis-OS-V2/app/build/sherpa-native/cmake/CMakeFiles/CMakeScratch/TryCompile-QEjclB/CMakeLists.txt:4 (project)
2026-10-03T05:20:44.7950823Z 
2026-10-03T05:20:44.7950830Z 
2026-10-03T05:20:44.7952338Z CMake Deprecation Warning at /usr/local/lib/android/sdk/ndk/27.2.12479018/build/cmake/android-legacy.toolchain.cmake:35 (cmake_minimum_required):
2026-10-03T05:20:44.7954824Z   Compatibility with CMake < 3.10 will be removed from a future version of
2026-10-03T05:20:44.7979329Z   CMake.
2026-10-03T05:20:44.7979770Z 
2026-10-03T05:20:44.7980153Z   Update the VERSION argument <min> value.  Or, use the <min>...<max> syntax
2026-10-03T05:20:44.7981117Z   to tell CMake that the project requires at least <min> but has been updated
2026-10-03T05:20:44.7981918Z   to work with policies introduced by <max> or earlier.
2026-10-03T05:20:44.7982470Z Call Stack (most recent call first):
2026-10-03T05:20:44.7983297Z   /usr/local/lib/android/sdk/ndk/27.2.12479018/build/cmake/android.toolchain.cmake:55 (include)
2026-10-03T05:20:44.7984651Z   /home/runner/work/Jarvis-OS-V2/Jarvis-OS-V2/app/build/sherpa-native/cmake/CMakeFiles/3.31.6/CMakeSystem.cmake:6 (include)
2026-10-03T05:20:44.7986430Z   /home/runner/work/Jarvis-OS-V2/Jarvis-OS-V2/app/build/sherpa-native/cmake/CMakeFiles/CMakeScratch/TryCompile-QEjclB/CMakeLists.txt:4 (project)
2026-10-03T05:20:44.7987514Z 
2026-10-03T05:20:44.7987523Z 
2026-10-03T05:20:44.7988381Z CMake Deprecation Warning at /usr/local/lib/android/sdk/ndk/27.2.12479018/build/cmake/flags.cmake:18 (cmake_minimum_required):
2026-10-03T05:20:44.7989911Z   Compatibility with CMake < 3.10 will be removed from a future version of
2026-10-03T05:20:44.7990571Z   CMake.
2026-10-03T05:20:44.7990705Z 
2026-10-03T05:20:44.7990951Z   Update the VERSION argument <min> value.  Or, use the <min>...<max> syntax
2026-10-03T05:20:44.7991502Z   to tell CMake that the project requires at least <min> but has been updated
2026-10-03T05:20:44.7991970Z   to work with policies introduced by <max> or earlier.
2026-10-03T05:20:44.7992328Z Call Stack (most recent call first):
2026-10-03T05:20:44.7992938Z   /usr/local/share/cmake-3.31/Modules/Platform/Android-Clang.cmake:23 (include)
2026-10-03T05:20:44.7993529Z   /usr/local/share/cmake-3.31/Modules/Platform/Android-Clang-CXX.cmake:1 (include)
2026-10-03T05:20:44.7994093Z   /usr/local/share/cmake-3.31/Modules/CMakeCXXInformation.cmake:48 (include)
2026-10-03T05:20:44.7994905Z   /home/runner/work/Jarvis-OS-V2/Jarvis-OS-V2/app/build/sherpa-native/cmake/CMakeFiles/CMakeScratch/TryCompile-QEjclB/CMakeLists.txt:4 (project)
2026-10-03T05:20:44.7995482Z 
2026-10-03T05:20:44.7995486Z 
2026-10-03T05:20:44.7995642Z -- Looking for C++ include execinfo.h - found
2026-10-03T05:20:44.7996416Z -- CMAKE_SOURCE_DIR: /home/runner/work/Jarvis-OS-V2/Jarvis-OS-V2/app/build/sherpa-native/source
2026-10-03T05:20:44.7997097Z -- CMAKE_BINARY_DIR: /home/runner/work/Jarvis-OS-V2/Jarvis-OS-V2/app/build/sherpa-native/cmake
2026-10-03T05:20:44.7997763Z -- PROJECT_SOURCE_DIR: /home/runner/work/Jarvis-OS-V2/Jarvis-OS-V2/app/build/sherpa-native/source
2026-10-03T05:20:44.7998438Z -- PROJECT_BINARY_DIR: /home/runner/work/Jarvis-OS-V2/Jarvis-OS-V2/app/build/sherpa-native/cmake
2026-10-03T05:20:44.7998925Z -- CMake version: 3.31.6
2026-10-03T05:20:44.7999193Z -- CMAKE_SYSTEM: Android-1
2026-10-03T05:20:44.7999875Z -- CMAKE_SYSTEM_NAME: Android
2026-10-03T05:20:44.8000300Z -- CMAKE_SYSTEM_VERSION: 1
2026-10-03T05:20:44.8000583Z -- CMAKE_SYSTEM_PROCESSOR: aarch64
2026-10-03T05:20:44.8938532Z -- sherpa-onnx git sha1: 3319c32d487ab87829bee9d7b8187281c73eeb23
2026-10-03T05:20:44.8939637Z -- sherpa-onnx git date: Sat Oct 3 05:17:16 2026
2026-10-03T05:20:44.9937536Z -- OS used to build sherpa-onnx: Ubuntu 24.04.5 LTS
2026-10-03T05:20:44.9939782Z -- C++ compiler: /usr/local/lib/android/sdk/ndk/27.2.12479018/toolchains/llvm/prebuilt/linux-x86_64/bin/clang++
2026-10-03T05:20:44.9940962Z -- C++ compiler ID: Clang
2026-10-03T05:20:44.9941560Z -- C++ compiler version: 18.0.3
2026-10-03T05:20:44.9942681Z -- C compiler: /usr/local/lib/android/sdk/ndk/27.2.12479018/toolchains/llvm/prebuilt/linux-x86_64/bin/clang
2026-10-03T05:20:44.9943605Z -- C compiler ID: Clang
2026-10-03T05:20:44.9944079Z -- C compiler version: 18.0.3
2026-10-03T05:20:44.9945103Z -- Downloading kaldi-native-fbank from https://github.com/csukuangfj/kaldi-native-fbank/archive/refs/tags/v1.22.3.tar.gz
2026-10-03T05:20:45.1938090Z -- kaldi-native-fbank is downloaded to /home/runner/work/Jarvis-OS-V2/Jarvis-OS-V2/app/build/sherpa-native/cmake/_deps/kaldi_native_fbank-src
2026-10-03T05:20:45.1940212Z -- kaldi-native-fbank's binary dir is /home/runner/work/Jarvis-OS-V2/Jarvis-OS-V2/app/build/sherpa-native/cmake/_deps/kaldi_native_fbank-build
2026-10-03T05:20:45.1941511Z -- CMAKE_BUILD_TYPE: Release
2026-10-03T05:20:45.1942064Z -- CMAKE_EXPORT_COMPILE_COMMANDS: 
2026-10-03T05:20:45.1942582Z -- BUILD_SHARED_LIBS: OFF
2026-10-03T05:20:45.1943059Z -- KALDI_NATIVE_FBANK_BUILD_TESTS: OFF
2026-10-03T05:20:45.1943605Z -- KALDI_NATIVE_FBANK_BUILD_PYTHON: OFF
2026-10-03T05:20:45.1944153Z -- KALDI_NATIVE_FBANK_ENABLE_CHECK: OFF
2026-10-03T05:20:45.1944692Z -- KALDI_NATIVE_FBANK_ENABLE_CHECK: OFF
2026-10-03T05:20:45.1946382Z -- CMAKE_CXX_FLAGS: -g -DANDROID -fdata-sections -ffunction-sections -funwind-tables -fstack-protector-strong -no-canonical-prefixes -D__BIONIC_NO_PAGE_SIZE_MACRO -D_FORTIFY_SOURCE=2 -Wformat -Werror=format-security  -ffunction-sections -fdata-sections
2026-10-03T05:20:45.1947651Z -- CMAKE_INSTALL_PREFIX: /usr/local
2026-10-03T05:20:45.1947969Z -- Looking for C++ include cxxabi.h
2026-10-03T05:20:45.1948280Z -- Looking for C++ include cxxabi.h - found
2026-10-03T05:20:45.1948606Z -- Looking for C++ include execinfo.h
2026-10-03T05:20:45.2937367Z -- Looking for C++ include execinfo.h - found
2026-10-03T05:20:45.2938641Z -- Downloading kissfft from https://github.com/mborgerding/kissfft/archive/febd4caeed32e33ad8b2e0bb5ea77542c40f18ec.zip
2026-10-03T05:20:45.4937989Z -- kissfft is downloaded to /home/runner/work/Jarvis-OS-V2/Jarvis-OS-V2/app/build/sherpa-native/cmake/_deps/kissfft-src
2026-10-03T05:20:45.4939167Z -- kissfft's binary dir is /home/runner/work/Jarvis-OS-V2/Jarvis-OS-V2/app/build/sherpa-native/cmake/_deps/kissfft-build
2026-10-03T05:20:45.4940177Z -- Building KissFFT with datatype: float
2026-10-03T05:20:45.4940583Z -- Building static library
2026-10-03T05:20:45.4940936Z -- PKGINCLUDEDIR is /kissfft
2026-10-03T05:20:45.6937353Z -- Disable building Python
2026-10-03T05:20:45.6938058Z -- Downloading kaldi-decoder from https://github.com/k2-fsa/kaldi-decoder/archive/refs/tags/v0.3.0.tar.gz
2026-10-03T05:20:45.8937398Z -- kaldi-decoder is downloaded to /home/runner/work/Jarvis-OS-V2/Jarvis-OS-V2/app/build/sherpa-native/cmake/_deps/kaldi_decoder-src
2026-10-03T05:20:45.8938780Z -- kaldi-decoder's binary dir is /home/runner/work/Jarvis-OS-V2/Jarvis-OS-V2/app/build/sherpa-native/cmake/_deps/kaldi_decoder-build
2026-10-03T05:20:45.8939617Z -- CMAKE_BUILD_TYPE: Release
2026-10-03T05:20:45.8940151Z -- Downloading kaldifst from https://github.com/k2-fsa/kaldifst/archive/refs/tags/v1.8.0.tar.gz
2026-10-03T05:20:46.0937590Z -- kaldifst is downloaded to /home/runner/work/Jarvis-OS-V2/Jarvis-OS-V2/app/build/sherpa-native/cmake/_deps/kaldifst-src
2026-10-03T05:20:46.0938540Z -- kaldifst's binary dir is /home/runner/work/Jarvis-OS-V2/Jarvis-OS-V2/app/build/sherpa-native/cmake/_deps/kaldifst-build
2026-10-03T05:20:46.0939641Z -- CMAKE_BUILD_TYPE: Release
2026-10-03T05:20:46.0940263Z -- CMAKE_BUILD_TYPE: Release
2026-10-03T05:20:46.0940777Z -- CMAKE_INSTALL_PREFIX: /usr/local
2026-10-03T05:20:46.0941295Z -- C++ Standard version: 17
2026-10-03T05:20:46.0942509Z -- CMAKE_CXX_FLAGS: -g -DANDROID -fdata-sections -ffunction-sections -funwind-tables -fstack-protector-strong -no-canonical-prefixes -D__BIONIC_NO_PAGE_SIZE_MACRO -D_FORTIFY_SOURCE=2 -Wformat -Werror=format-security  -ffunction-sections -fdata-sections
2026-10-03T05:20:46.0944233Z -- Downloading openfst from https://github.com/csukuangfj/openfst/archive/refs/tags/v1.8.5-2026-07-09.tar.gz
2026-10-03T05:20:46.5937486Z -- openfst is downloaded to /home/runner/work/Jarvis-OS-V2/Jarvis-OS-V2/app/build/sherpa-native/cmake/_deps/openfst-src
2026-10-03T05:20:46.5938743Z -- BUILD_SHARED_LIBS: OFF
2026-10-03T05:20:46.5939240Z -- BUILD_TESTING: OFF
2026-10-03T05:20:46.5939752Z -- HAVE_BIN: OFF
2026-10-03T05:20:46.5940034Z -- HAVE_SCRIPT: OFF
2026-10-03T05:20:46.5940403Z -- HAVE_COMPACT: OFF
2026-10-03T05:20:46.5940742Z -- HAVE_COMPRESS: OFF
2026-10-03T05:20:46.5941000Z -- HAVE_CONST: OFF
2026-10-03T05:20:46.5941245Z -- HAVE_FAR: ON
2026-10-03T05:20:46.5941531Z -- HAVE_FSTS: OFF
2026-10-03T05:20:46.5941893Z -- HAVE_GRM: OFF
2026-10-03T05:20:46.5942147Z -- HAVE_LINEAR: OFF
2026-10-03T05:20:46.5942397Z -- HAVE_LOOKAHEAD: OFF
2026-10-03T05:20:46.5942677Z -- HAVE_MPDT: OFF
2026-10-03T05:20:46.5943117Z -- HAVE_NGRAM: OFF
2026-10-03T05:20:46.5943374Z -- HAVE_PDT: OFF
2026-10-03T05:20:46.5943617Z -- HAVE_SPECIAL: OFF
2026-10-03T05:20:46.5969018Z -- OPENFST_USE_ABSL: OFF
2026-10-03T05:20:46.5971037Z -- Downloading eigen from https://gitlab.com/libeigen/eigen/-/archive/5.0.1/eigen-5.0.1.tar.gz
2026-10-03T05:20:46.8939634Z -- eigen is downloaded to /home/runner/work/Jarvis-OS-V2/Jarvis-OS-V2/app/build/sherpa-native/cmake/_deps/eigen-src
2026-10-03T05:20:46.8940854Z -- eigen's binary dir is /home/runner/work/Jarvis-OS-V2/Jarvis-OS-V2/app/build/sherpa-native/cmake/_deps/eigen-build
2026-10-03T05:20:46.9936737Z -- 
2026-10-03T05:20:46.9937208Z -- Configured Eigen 5.0.1-dev
2026-10-03T05:20:46.9937723Z -- 
2026-10-03T05:20:46.9938105Z -- CMAKE_SYSTEM_NAME: Android
2026-10-03T05:20:46.9938607Z -- CMAKE_SYSTEM_PROCESSOR: aarch64
2026-10-03T05:20:46.9939888Z -- location_onnxruntime_header_dir: /home/runner/work/Jarvis-OS-V2/Jarvis-OS-V2/app/build/sherpa-native/ort-android/headers
2026-10-03T05:20:46.9941243Z -- location_onnxruntime_lib: /home/runner/work/Jarvis-OS-V2/Jarvis-OS-V2/app/build/sherpa-native/ort-android/jni/arm64-v8a/libonnxruntime.so
2026-10-03T05:20:46.9942360Z -- onnxruntime lib files: /home/runner/work/Jarvis-OS-V2/Jarvis-OS-V2/app/build/sherpa-native/ort-android/jni/arm64-v8a/libonnxruntime.so
2026-10-03T05:20:46.9943389Z -- Downloading simple-sentencepiece https://github.com/pkufool/simple-sentencepiece/archive/refs/tags/v0.7.tar.gz
2026-10-03T05:20:47.1937617Z -- simple-sentencepiece is downloaded to /home/runner/work/Jarvis-OS-V2/Jarvis-OS-V2/app/build/sherpa-native/cmake/_deps/simple-sentencepiece-src
2026-10-03T05:20:47.1938457Z -- Performing Test SBPE_COMPILER_SUPPORTS_CXX14
2026-10-03T05:20:47.2937174Z -- Performing Test SBPE_COMPILER_SUPPORTS_CXX14 - Success
2026-10-03T05:20:47.2937917Z -- C++ Standard version: 17
2026-10-03T05:20:47.2938409Z -- ONNXRUNTIME_DIR: 
2026-10-03T05:20:47.2939198Z -- Downloading json from https://github.com/nlohmann/json/archive/refs/tags/v3.12.0.tar.gz
2026-10-03T05:20:47.7937486Z -- json is downloaded to /home/runner/work/Jarvis-OS-V2/Jarvis-OS-V2/app/build/sherpa-native/cmake/_deps/json-src
2026-10-03T05:20:47.7938872Z -- json's binary dir is /home/runner/work/Jarvis-OS-V2/Jarvis-OS-V2/app/build/sherpa-native/cmake/_deps/json-build
2026-10-03T05:20:47.7940232Z -- Using the multi-header code from /home/runner/work/Jarvis-OS-V2/Jarvis-OS-V2/app/build/sherpa-native/cmake/_deps/json-src/include/
2026-10-03T05:20:47.7941201Z -- Downloading espeak-ng from https://github.com/csukuangfj/espeak-ng/archive/ed530aa113046142eb5115cf2fc9157854d0ffe1.zip
2026-10-03T05:20:50.2937817Z -- espeak-ng is downloaded to /home/runner/work/Jarvis-OS-V2/Jarvis-OS-V2/app/build/sherpa-native/cmake/_deps/espeak_ng-src
2026-10-03T05:20:50.2939239Z -- espeak-ng binary dir is /home/runner/work/Jarvis-OS-V2/Jarvis-OS-V2/app/build/sherpa-native/cmake/_deps/espeak_ng-build
2026-10-03T05:20:50.2940246Z -- Looking for mkstemp
2026-10-03T05:20:50.2940919Z -- Looking for mkstemp - found
2026-10-03T05:20:50.3936972Z -- Configuration:
2026-10-03T05:20:50.3937510Z --   shared: OFF
2026-10-03T05:20:50.3937982Z --   mbrola: OFF (MBROLA_BIN-NOTFOUND)
2026-10-03T05:20:50.3938683Z --   libsonic: OFF (SONIC_LIB-NOTFOUND SONIC_INC-NOTFOUND)
2026-10-03T05:20:50.3939665Z --   libpcaudio: OFF (PCAUDIO_LIB-NOTFOUND PCAUDIO_INC-NOTFOUND)
2026-10-03T05:20:50.3940323Z --   klatt: OFF
2026-10-03T05:20:50.3940775Z --   speech-player: OFF
2026-10-03T05:20:50.3941243Z --   async: OFF
2026-10-03T05:20:50.3941938Z -- ESPEAK_NG_DIR: /home/runner/work/Jarvis-OS-V2/Jarvis-OS-V2/app/build/sherpa-native/cmake/_deps/espeak_ng-src
2026-10-03T05:20:50.3943101Z -- Downloading piper-phonemize from https://github.com/csukuangfj/piper-phonemize/archive/f3ff95afc03640bc1399e113e83361192a2fafb4.zip
2026-10-03T05:20:51.3937996Z -- piper-phonemize is downloaded to /home/runner/work/Jarvis-OS-V2/Jarvis-OS-V2/app/build/sherpa-native/cmake/_deps/piper_phonemize-src
2026-10-03T05:20:51.3940225Z -- piper-phonemize binary dir is /home/runner/work/Jarvis-OS-V2/Jarvis-OS-V2/app/build/sherpa-native/cmake/_deps/piper_phonemize-build
2026-10-03T05:20:51.3943274Z -- CMAKE_CXX_FLAGS: -g -DANDROID -fdata-sections -ffunction-sections -funwind-tables -fstack-protector-strong -no-canonical-prefixes -D__BIONIC_NO_PAGE_SIZE_MACRO -D_FORTIFY_SOURCE=2 -Wformat -Werror=format-security  -ffunction-sections -fdata-sections
2026-10-03T05:20:51.3946757Z -- CMAKE_CXX_FLAGS: -g -DANDROID -fdata-sections -ffunction-sections -funwind-tables -fstack-protector-strong -no-canonical-prefixes -D__BIONIC_NO_PAGE_SIZE_MACRO -D_FORTIFY_SOURCE=2 -Wformat -Werror=format-security  -ffunction-sections -fdata-sections
2026-10-03T05:20:51.3948970Z -- Configuring done (7.5s)
2026-10-03T05:20:51.4945622Z -- Generating done (0.1s)
2026-10-03T05:20:51.4946641Z -- Build files have been written to: /home/runner/work/Jarvis-OS-V2/Jarvis-OS-V2/app/build/sherpa-native/cmake
2026-10-03T05:20:51.5938986Z [  1%] Building C object _deps/espeak_ng-build/src/ucd-tools/CMakeFiles/ucd.dir/src/case.c.o
2026-10-03T05:20:51.5940825Z [  1%] Building C object _deps/kissfft-build/CMakeFiles/kissfft.dir/kiss_fft.c.o
2026-10-03T05:20:51.5942255Z [  1%] Building C object _deps/espeak_ng-build/src/ucd-tools/CMakeFiles/ucd.dir/src/categories.c.o
2026-10-03T05:20:51.6937444Z [  1%] Building C object _deps/espeak_ng-build/src/ucd-tools/CMakeFiles/ucd.dir/src/ctype.c.o
2026-10-03T05:20:51.6942250Z [  2%] Building C object _deps/espeak_ng-build/src/ucd-tools/CMakeFiles/ucd.dir/src/proplist.c.o
2026-10-03T05:20:51.7937759Z [  2%] Building C object _deps/kissfft-build/CMakeFiles/kissfft.dir/kfc.c.o
2026-10-03T05:20:51.7939221Z [  2%] Building C object _deps/kissfft-build/CMakeFiles/kissfft.dir/kiss_fftnd.c.o
2026-10-03T05:20:51.7940787Z [  3%] Building C object _deps/kissfft-build/CMakeFiles/kissfft.dir/kiss_fftndr.c.o
2026-10-03T05:20:51.8937512Z [  3%] Building C object _deps/kissfft-build/CMakeFiles/kissfft.dir/kiss_fftr.c.o
2026-10-03T05:20:51.8938475Z [  3%] Linking C static library ../../lib/libkissfft-float.a
2026-10-03T05:20:51.8939784Z [  3%] Built target kissfft
2026-10-03T05:20:51.8940601Z [  3%] Building CXX object _deps/openfst-build/CMakeFiles/fst.dir/src/lib/compat.cc.o
2026-10-03T05:20:52.0937535Z [  3%] Building C object _deps/espeak_ng-build/src/ucd-tools/CMakeFiles/ucd.dir/src/scripts.c.o
2026-10-03T05:20:52.1938522Z [  3%] Building C object _deps/espeak_ng-build/src/ucd-tools/CMakeFiles/ucd.dir/src/tostring.c.o
2026-10-03T05:20:52.1939848Z [  4%] Linking C static library ../../../../lib/libucd.a
2026-10-03T05:20:52.1940486Z [  4%] Built target ucd
2026-10-03T05:20:52.1941603Z [  4%] Building CXX object _deps/simple-sentencepiece-build/ssentencepiece/csrc/CMakeFiles/ssentencepiece_core.dir/ssentencepiece.cc.o
2026-10-03T05:20:52.6937960Z [  5%] Building CXX object _deps/openfst-build/CMakeFiles/fst.dir/src/lib/encode.cc.o
2026-10-03T05:20:53.6937692Z [  5%] Building CXX object _deps/openfst-build/CMakeFiles/fst.dir/src/lib/flags.cc.o
2026-10-03T05:20:54.8937988Z [  5%] Building CXX object _deps/openfst-build/CMakeFiles/fst.dir/src/lib/fst.cc.o
2026-10-03T05:20:55.0938585Z [  5%] Linking CXX static library ../../../../lib/libssentencepiece_core.a
2026-10-03T05:20:55.0940121Z [  5%] Built target ssentencepiece_core
2026-10-03T05:20:55.0941490Z [  5%] Building C object _deps/espeak_ng-build/src/libespeak-ng/CMakeFiles/espeak-ng.dir/common.c.o
2026-10-03T05:20:55.1938292Z [  5%] Building C object _deps/espeak_ng-build/src/libespeak-ng/CMakeFiles/espeak-ng.dir/mnemonics.c.o
2026-10-03T05:20:55.1940199Z [  5%] Building C object _deps/espeak_ng-build/src/libespeak-ng/CMakeFiles/espeak-ng.dir/error.c.o
2026-10-03T05:20:55.2937697Z [  6%] Building C object _deps/espeak_ng-build/src/libespeak-ng/CMakeFiles/espeak-ng.dir/ieee80.c.o
2026-10-03T05:20:55.2939176Z [  6%] Building C object _deps/espeak_ng-build/src/libespeak-ng/CMakeFiles/espeak-ng.dir/compiledata.c.o
2026-10-03T05:20:55.6937801Z [  6%] Building C object _deps/espeak_ng-build/src/libespeak-ng/CMakeFiles/espeak-ng.dir/compiledict.c.o
2026-10-03T05:20:55.9937762Z [  7%] Building C object _deps/espeak_ng-build/src/libespeak-ng/CMakeFiles/espeak-ng.dir/dictionary.c.o
2026-10-03T05:20:56.1937840Z [  8%] Building CXX object _deps/openfst-build/CMakeFiles/fst.dir/src/lib/fst-types.cc.o
2026-10-03T05:20:56.5937938Z [  8%] Building C object _deps/espeak_ng-build/src/libespeak-ng/CMakeFiles/espeak-ng.dir/encoding.c.o
2026-10-03T05:20:56.5939686Z [  8%] Building C object _deps/espeak_ng-build/src/libespeak-ng/CMakeFiles/espeak-ng.dir/intonation.c.o
2026-10-03T05:20:56.7937774Z [  9%] Building C object _deps/espeak_ng-build/src/libespeak-ng/CMakeFiles/espeak-ng.dir/langopts.c.o
2026-10-03T05:20:56.8938007Z [  9%] Building C object _deps/espeak_ng-build/src/libespeak-ng/CMakeFiles/espeak-ng.dir/numbers.c.o
2026-10-03T05:20:57.0937513Z [  9%] Building C object _deps/espeak_ng-build/src/libespeak-ng/CMakeFiles/espeak-ng.dir/phoneme.c.o
2026-10-03T05:20:57.1937897Z [  9%] Building C object _deps/espeak_ng-build/src/libespeak-ng/CMakeFiles/espeak-ng.dir/phonemelist.c.o
2026-10-03T05:20:57.2938058Z [ 10%] Building C object _deps/espeak_ng-build/src/libespeak-ng/CMakeFiles/espeak-ng.dir/readclause.c.o
2026-10-03T05:20:57.4949014Z [ 10%] Building C object _deps/espeak_ng-build/src/libespeak-ng/CMakeFiles/espeak-ng.dir/setlengths.c.o
2026-10-03T05:20:57.5937800Z [ 10%] Building C object _deps/espeak_ng-build/src/libespeak-ng/CMakeFiles/espeak-ng.dir/soundicon.c.o
2026-10-03T05:20:57.5939249Z [ 11%] Building C object _deps/espeak_ng-build/src/libespeak-ng/CMakeFiles/espeak-ng.dir/spect.c.o
2026-10-03T05:20:57.6937438Z [ 11%] Building C object _deps/espeak_ng-build/src/libespeak-ng/CMakeFiles/espeak-ng.dir/ssml.c.o
2026-10-03T05:20:57.8937747Z [ 11%] Building C object _deps/espeak_ng-build/src/libespeak-ng/CMakeFiles/espeak-ng.dir/synthdata.c.o
2026-10-03T05:20:58.0937891Z [ 12%] Building C object _deps/espeak_ng-build/src/libespeak-ng/CMakeFiles/espeak-ng.dir/synthesize.c.o
2026-10-03T05:20:58.3938710Z [ 12%] Building C object _deps/espeak_ng-build/src/libespeak-ng/CMakeFiles/espeak-ng.dir/tr_languages.c.o
2026-10-03T05:20:58.5937969Z [ 12%] Building C object _deps/espeak_ng-build/src/libespeak-ng/CMakeFiles/espeak-ng.dir/translate.c.o
2026-10-03T05:20:58.8937426Z [ 13%] Building C object _deps/espeak_ng-build/src/libespeak-ng/CMakeFiles/espeak-ng.dir/translateword.c.o
2026-10-03T05:20:59.1937910Z [ 13%] Building C object _deps/espeak_ng-build/src/libespeak-ng/CMakeFiles/espeak-ng.dir/voices.c.o
2026-10-03T05:20:59.3937963Z [ 13%] Building C object _deps/espeak_ng-build/src/libespeak-ng/CMakeFiles/espeak-ng.dir/wavegen.c.o
2026-10-03T05:20:59.6937426Z [ 13%] Building C object _deps/espeak_ng-build/src/libespeak-ng/CMakeFiles/espeak-ng.dir/speech.c.o
2026-10-03T05:20:59.7937830Z [ 14%] Building C object _deps/espeak_ng-build/src/libespeak-ng/CMakeFiles/espeak-ng.dir/espeak_api.c.o
2026-10-03T05:20:59.8937296Z [ 14%] Linking C static library ../../../../lib/libespeak-ng.a
2026-10-03T05:20:59.8938529Z [ 14%] Built target espeak-ng
2026-10-03T05:20:59.8940971Z [ 14%] Building CXX object _deps/kaldi_native_fbank-build/kaldi-native-fbank/csrc/CMakeFiles/kaldi-native-fbank-core.dir/feature-fbank.cc.o
2026-10-03T05:21:00.6938557Z [ 15%] Building CXX object _deps/kaldi_native_fbank-build/kaldi-native-fbank/csrc/CMakeFiles/kaldi-native-fbank-core.dir/feature-functions.cc.o
2026-10-03T05:21:01.1937803Z [ 15%] Building CXX object _deps/kaldi_native_fbank-build/kaldi-native-fbank/csrc/CMakeFiles/kaldi-native-fbank-core.dir/feature-mfcc.cc.o
2026-10-03T05:21:02.0938080Z [ 15%] Building CXX object _deps/kaldi_native_fbank-build/kaldi-native-fbank/csrc/CMakeFiles/kaldi-native-fbank-core.dir/feature-raw-audio-samples.cc.o
2026-10-03T05:21:02.6938054Z [ 16%] Building CXX object _deps/kaldi_native_fbank-build/kaldi-native-fbank/csrc/CMakeFiles/kaldi-native-fbank-core.dir/feature-window.cc.o
2026-10-03T05:21:03.4937703Z [ 16%] Building CXX object _deps/kaldi_native_fbank-build/kaldi-native-fbank/csrc/CMakeFiles/kaldi-native-fbank-core.dir/istft.cc.o
2026-10-03T05:21:04.3962167Z [ 16%] Building CXX object _deps/kaldi_native_fbank-build/kaldi-native-fbank/csrc/CMakeFiles/kaldi-native-fbank-core.dir/kaldi-math.cc.o
2026-10-03T05:21:04.8951883Z [ 17%] Building CXX object _deps/kaldi_native_fbank-build/kaldi-native-fbank/csrc/CMakeFiles/kaldi-native-fbank-core.dir/mel-computations.cc.o
2026-10-03T05:21:06.1938413Z [ 17%] Building CXX object _deps/kaldi_native_fbank-build/kaldi-native-fbank/csrc/CMakeFiles/kaldi-native-fbank-core.dir/online-feature.cc.o
2026-10-03T05:21:07.1938102Z [ 17%] Building CXX object _deps/kaldi_native_fbank-build/kaldi-native-fbank/csrc/CMakeFiles/kaldi-native-fbank-core.dir/rfft.cc.o
2026-10-03T05:21:07.7938138Z [ 18%] Building CXX object _deps/kaldi_native_fbank-build/kaldi-native-fbank/csrc/CMakeFiles/kaldi-native-fbank-core.dir/stft.cc.o
2026-10-03T05:21:08.5938277Z [ 18%] Building CXX object _deps/kaldi_native_fbank-build/kaldi-native-fbank/csrc/CMakeFiles/kaldi-native-fbank-core.dir/whisper-feature.cc.o
2026-10-03T05:21:09.3937722Z [ 18%] Linking CXX static library ../../../../lib/libkaldi-native-fbank-core.a
2026-10-03T05:21:09.3938635Z [ 18%] Built target kaldi-native-fbank-core
2026-10-03T05:21:09.3939945Z [ 18%] Building CXX object _deps/openfst-build/CMakeFiles/fst.dir/src/lib/mapped-file.cc.o
2026-10-03T05:21:10.0937772Z [ 18%] Building CXX object _deps/openfst-build/CMakeFiles/fst.dir/src/lib/properties.cc.o
2026-10-03T05:21:10.7937883Z [ 19%] Building CXX object _deps/openfst-build/CMakeFiles/fst.dir/src/lib/symbol-table.cc.o
2026-10-03T05:21:12.3937704Z [ 19%] Building CXX object _deps/openfst-build/CMakeFiles/fst.dir/src/lib/symbol-table-ops.cc.o
2026-10-03T05:21:13.6937592Z [ 19%] Building CXX object _deps/openfst-build/CMakeFiles/fst.dir/src/lib/util.cc.o
2026-10-03T05:21:14.6937497Z [ 19%] Building CXX object _deps/openfst-build/CMakeFiles/fst.dir/src/lib/weight.cc.o
2026-10-03T05:21:15.5937671Z [ 20%] Building CXX object _deps/piper_phonemize-build/CMakeFiles/piper_phonemize.dir/src/phonemize.cpp.o
2026-10-03T05:21:15.6937973Z [ 21%] Linking CXX static library ../../lib/libsherpa-onnx-fst.a
2026-10-03T05:21:15.6938868Z [ 21%] Built target fst
2026-10-03T05:21:15.6940117Z [ 21%] Building CXX object _deps/piper_phonemize-build/CMakeFiles/piper_phonemize.dir/src/phoneme_ids.cpp.o
2026-10-03T05:21:17.5937421Z [ 21%] Building CXX object _deps/piper_phonemize-build/CMakeFiles/piper_phonemize.dir/src/shared.cpp.o
2026-10-03T05:21:17.5939191Z [ 21%] Building CXX object _deps/openfst-build/CMakeFiles/fstfar.dir/src/extensions/far/far.cc.o
2026-10-03T05:21:17.7947277Z [ 22%] Linking CXX static library ../../lib/libpiper_phonemize.a
2026-10-03T05:21:17.7948507Z [ 22%] Built target piper_phonemize
2026-10-03T05:21:17.7950020Z [ 22%] Building CXX object _deps/kaldifst-build/kaldifst/csrc/CMakeFiles/kaldifst_core.dir/context-fst.cc.o
2026-10-03T05:21:18.7937847Z [ 22%] Building CXX object _deps/openfst-build/CMakeFiles/fstfar.dir/src/extensions/far/stlist.cc.o
2026-10-03T05:21:19.4937581Z [ 23%] Building CXX object _deps/openfst-build/CMakeFiles/fstfar.dir/src/extensions/far/sttable.cc.o
2026-10-03T05:21:20.2937609Z [ 23%] Linking CXX static library ../../lib/libsherpa-onnx-fstfar.a
2026-10-03T05:21:20.2938875Z [ 23%] Built target fstfar
2026-10-03T05:21:20.2940606Z [ 24%] Building CXX object _deps/kaldifst-build/kaldifst/csrc/CMakeFiles/kaldifst_core.dir/kaldi-fst-io.cc.o
2026-10-03T05:21:21.0937918Z [ 24%] Building CXX object _deps/kaldifst-build/kaldifst/csrc/CMakeFiles/kaldifst_core.dir/kaldi-holder.cc.o
2026-10-03T05:21:21.6937986Z [ 24%] Building CXX object _deps/kaldifst-build/kaldifst/csrc/CMakeFiles/kaldifst_core.dir/kaldi-io.cc.o
2026-10-03T05:21:22.7938191Z [ 25%] Building CXX object _deps/kaldifst-build/kaldifst/csrc/CMakeFiles/kaldifst_core.dir/kaldi-math.cc.o
2026-10-03T05:21:23.2937995Z [ 25%] Building CXX object _deps/kaldifst-build/kaldifst/csrc/CMakeFiles/kaldifst_core.dir/kaldi-semaphore.cc.o
2026-10-03T05:21:23.7937694Z [ 25%] Building CXX object _deps/kaldifst-build/kaldifst/csrc/CMakeFiles/kaldifst_core.dir/kaldi-table.cc.o
2026-10-03T05:21:23.8938506Z [ 26%] Building CXX object _deps/kaldifst-build/kaldifst/csrc/CMakeFiles/kaldifst_core.dir/parse-options.cc.o
2026-10-03T05:21:24.3938061Z [ 26%] Building CXX object _deps/kaldifst-build/kaldifst/csrc/CMakeFiles/kaldifst_core.dir/text-normalizer.cc.o
2026-10-03T05:21:24.7938141Z [ 26%] Building CXX object _deps/kaldifst-build/kaldifst/csrc/CMakeFiles/kaldifst_core.dir/text-utils.cc.o
2026-10-03T05:21:35.5936928Z [ 27%] Linking CXX static library ../../../../lib/libsherpa-onnx-kaldifst-core.a
2026-10-03T05:21:35.6937353Z [ 27%] Built target kaldifst_core
2026-10-03T05:21:35.6939017Z [ 27%] Building CXX object _deps/kaldi_decoder-build/kaldi-decoder/csrc/CMakeFiles/kaldi-decoder-core.dir/decodable-ctc.cc.o
2026-10-03T05:21:35.6941393Z [ 28%] Building CXX object _deps/kaldi_decoder-build/kaldi-decoder/csrc/CMakeFiles/kaldi-decoder-core.dir/eigen.cc.o
2026-10-03T05:21:36.8938128Z [ 28%] Building CXX object _deps/kaldi_decoder-build/kaldi-decoder/csrc/CMakeFiles/kaldi-decoder-core.dir/faster-decoder.cc.o
2026-10-03T05:21:37.1937996Z [ 28%] Building CXX object _deps/kaldi_decoder-build/kaldi-decoder/csrc/CMakeFiles/kaldi-decoder-core.dir/lattice-faster-decoder.cc.o
2026-10-03T05:21:38.3937883Z [ 29%] Building CXX object _deps/kaldi_decoder-build/kaldi-decoder/csrc/CMakeFiles/kaldi-decoder-core.dir/lattice-simple-decoder.cc.o
2026-10-03T05:21:39.5939017Z [ 29%] Building CXX object _deps/kaldi_decoder-build/kaldi-decoder/csrc/CMakeFiles/kaldi-decoder-core.dir/simple-decoder.cc.o
2026-10-03T05:21:46.8937454Z [ 29%] Linking CXX static library ../../../../lib/libkaldi-decoder-core.a
2026-10-03T05:21:46.8938798Z [ 29%] Built target kaldi-decoder-core
2026-10-03T05:21:46.8940252Z [ 29%] Building CXX object sherpa-onnx/csrc/CMakeFiles/sherpa-onnx-core.dir/base64-decode.cc.o
2026-10-03T05:21:46.8941544Z [ 29%] Building CXX object sherpa-onnx/csrc/CMakeFiles/sherpa-onnx-core.dir/bbpe.cc.o
2026-10-03T05:21:47.2938323Z [ 29%] Building CXX object sherpa-onnx/csrc/CMakeFiles/sherpa-onnx-core.dir/cat.cc.o
2026-10-03T05:21:47.8938022Z [ 30%] Building CXX object sherpa-onnx/csrc/CMakeFiles/sherpa-onnx-core.dir/circular-buffer.cc.o
2026-10-03T05:21:48.5937624Z [ 30%] Building CXX object sherpa-onnx/csrc/CMakeFiles/sherpa-onnx-core.dir/context-graph.cc.o
2026-10-03T05:21:48.7937953Z [ 30%] Building CXX object sherpa-onnx/csrc/CMakeFiles/sherpa-onnx-core.dir/endpoint.cc.o
2026-10-03T05:21:49.4937665Z [ 31%] Building CXX object sherpa-onnx/csrc/CMakeFiles/sherpa-onnx-core.dir/features.cc.o
2026-10-03T05:21:49.4938976Z [ 31%] Building CXX object sherpa-onnx/csrc/CMakeFiles/sherpa-onnx-core.dir/file-utils.cc.o
2026-10-03T05:21:50.1937974Z [ 31%] Building CXX object sherpa-onnx/csrc/CMakeFiles/sherpa-onnx-core.dir/fst-utils.cc.o
2026-10-03T05:21:50.5938037Z [ 32%] Building CXX object sherpa-onnx/csrc/CMakeFiles/sherpa-onnx-core.dir/homophone-replacer.cc.o
2026-10-03T05:21:52.7938326Z [ 32%] Building CXX object sherpa-onnx/csrc/CMakeFiles/sherpa-onnx-core.dir/hypothesis.cc.o
2026-10-03T05:21:53.8938153Z [ 32%] Building CXX object sherpa-onnx/csrc/CMakeFiles/sherpa-onnx-core.dir/keyword-spotter-impl.cc.o
2026-10-03T05:21:55.6938002Z [ 33%] Building CXX object sherpa-onnx/csrc/CMakeFiles/sherpa-onnx-core.dir/keyword-spotter.cc.o
2026-10-03T05:21:58.3937682Z [ 33%] Building CXX object sherpa-onnx/csrc/CMakeFiles/sherpa-onnx-core.dir/lfr.cc.o
2026-10-03T05:21:58.8937574Z [ 33%] Building CXX object sherpa-onnx/csrc/CMakeFiles/sherpa-onnx-core.dir/lodr-fst.cc.o
2026-10-03T05:21:59.7937801Z [ 33%] Building CXX object sherpa-onnx/csrc/CMakeFiles/sherpa-onnx-core.dir/math.cc.o
2026-10-03T05:22:02.7937755Z [ 34%] Building CXX object sherpa-onnx/csrc/CMakeFiles/sherpa-onnx-core.dir/normal-data-generator.cc.o
2026-10-03T05:22:03.3938019Z [ 34%] Building CXX object sherpa-onnx/csrc/CMakeFiles/sherpa-onnx-core.dir/offline-canary-model-config.cc.o
2026-10-03T05:22:03.5937496Z [ 34%] Building CXX object sherpa-onnx/csrc/CMakeFiles/sherpa-onnx-core.dir/offline-canary-model.cc.o
2026-10-03T05:22:04.1937966Z [ 35%] Building CXX object sherpa-onnx/csrc/CMakeFiles/sherpa-onnx-core.dir/offline-cohere-transcribe-greedy-search-decoder.cc.o
2026-10-03T05:22:05.2937950Z [ 35%] Building CXX object sherpa-onnx/csrc/CMakeFiles/sherpa-onnx-core.dir/offline-cohere-transcribe-model-config.cc.o
2026-10-03T05:22:06.0937706Z [ 35%] Building CXX object sherpa-onnx/csrc/CMakeFiles/sherpa-onnx-core.dir/offline-cohere-transcribe-model.cc.o
2026-10-03T05:22:06.1937788Z [ 36%] Building CXX object sherpa-onnx/csrc/CMakeFiles/sherpa-onnx-core.dir/offline-ctc-fst-decoder-config.cc.o
2026-10-03T05:22:07.1937966Z [ 36%] Building CXX object sherpa-onnx/csrc/CMakeFiles/sherpa-onnx-core.dir/offline-ctc-fst-decoder.cc.o
2026-10-03T05:22:08.5937999Z [ 36%] Building CXX object sherpa-onnx/csrc/CMakeFiles/sherpa-onnx-core.dir/offline-ctc-greedy-search-decoder.cc.o
2026-10-03T05:22:09.8937876Z [ 37%] Building CXX object sherpa-onnx/csrc/CMakeFiles/sherpa-onnx-core.dir/offline-ctc-model.cc.o
2026-10-03T05:22:11.3937831Z [ 37%] Building CXX object sherpa-onnx/csrc/CMakeFiles/sherpa-onnx-core.dir/offline-dolphin-model-config.cc.o
2026-10-03T05:22:11.4938434Z [ 37%] Building CXX object sherpa-onnx/csrc/CMakeFiles/sherpa-onnx-core.dir/offline-dolphin-model.cc.o
2026-10-03T05:22:12.1938166Z [ 37%] Building CXX object sherpa-onnx/csrc/CMakeFiles/sherpa-onnx-core.dir/offline-fire-red-asr-ctc-model-config.cc.o
2026-10-03T05:22:12.9938226Z [ 38%] Building CXX object sherpa-onnx/csrc/CMakeFiles/sherpa-onnx-core.dir/offline-fire-red-asr-ctc-model.cc.o
2026-10-03T05:22:13.8938216Z [ 38%] Building CXX object sherpa-onnx/csrc/CMakeFiles/sherpa-onnx-core.dir/offline-fire-red-asr-greedy-search-decoder.cc.o
2026-10-03T05:22:15.1938137Z [ 38%] Building CXX object sherpa-onnx/csrc/CMakeFiles/sherpa-onnx-core.dir/offline-fire-red-asr-model-config.cc.o
2026-10-03T05:22:15.4937950Z [ 39%] Building CXX object sherpa-onnx/csrc/CMakeFiles/sherpa-onnx-core.dir/offline-fire-red-asr-model.cc.o
2026-10-03T05:22:15.9938094Z [ 39%] Building CXX object sherpa-onnx/csrc/CMakeFiles/sherpa-onnx-core.dir/offline-lm-config.cc.o
2026-10-03T05:22:16.7938306Z [ 39%] Building CXX object sherpa-onnx/csrc/CMakeFiles/sherpa-onnx-core.dir/offline-lm.cc.o
2026-10-03T05:22:17.3938080Z [ 40%] Building CXX object sherpa-onnx/csrc/CMakeFiles/sherpa-onnx-core.dir/offline-medasr-ctc-model-config.cc.o
2026-10-03T05:22:18.1938068Z [ 40%] Building CXX object sherpa-onnx/csrc/CMakeFiles/sherpa-onnx-core.dir/offline-medasr-ctc-model.cc.o
2026-10-03T05:22:19.2937830Z [ 40%] Building CXX object sherpa-onnx/csrc/CMakeFiles/sherpa-onnx-core.dir/offline-model-config.cc.o
2026-10-03T05:22:19.8938275Z [ 41%] Building CXX object sherpa-onnx/csrc/CMakeFiles/sherpa-onnx-core.dir/offline-moonshine-greedy-search-decoder.cc.o
2026-10-03T05:22:20.2938117Z [ 41%] Building CXX object sherpa-onnx/csrc/CMakeFiles/sherpa-onnx-core.dir/offline-moonshine-model-config.cc.o
2026-10-03T05:22:21.1937537Z [ 41%] Building CXX object sherpa-onnx/csrc/CMakeFiles/sherpa-onnx-core.dir/offline-moonshine-model-v2.cc.o
2026-10-03T05:22:21.2937952Z [ 41%] Building CXX object sherpa-onnx/csrc/CMakeFiles/sherpa-onnx-core.dir/offline-moonshine-model.cc.o
2026-10-03T05:22:22.9937958Z [ 42%] Building CXX object sherpa-onnx/csrc/CMakeFiles/sherpa-onnx-core.dir/offline-moonshine-v2-greedy-search-decoder.cc.o
2026-10-03T05:22:22.9940029Z [ 42%] Building CXX object sherpa-onnx/csrc/CMakeFiles/sherpa-onnx-core.dir/offline-nemo-enc-dec-ctc-model-config.cc.o
2026-10-03T05:22:23.8938181Z [ 42%] Building CXX object sherpa-onnx/csrc/CMakeFiles/sherpa-onnx-core.dir/offline-nemo-enc-dec-ctc-model.cc.o
2026-10-03T05:22:24.3938200Z [ 43%] Building CXX object sherpa-onnx/csrc/CMakeFiles/sherpa-onnx-core.dir/offline-omnilingual-asr-ctc-model-config.cc.o
2026-10-03T05:22:25.1938176Z [ 43%] Building CXX object sherpa-onnx/csrc/CMakeFiles/sherpa-onnx-core.dir/offline-omnilingual-asr-ctc-model.cc.o
2026-10-03T05:22:25.5938172Z [ 43%] Building CXX object sherpa-onnx/csrc/CMakeFiles/sherpa-onnx-core.dir/offline-paraformer-greedy-search-decoder.cc.o
2026-10-03T05:22:26.7938247Z [ 44%] Building CXX object sherpa-onnx/csrc/CMakeFiles/sherpa-onnx-core.dir/offline-paraformer-model-config.cc.o
2026-10-03T05:22:27.6937945Z [ 44%] Building CXX object sherpa-onnx/csrc/CMakeFiles/sherpa-onnx-core.dir/offline-paraformer-model.cc.o
2026-10-03T05:22:27.6940033Z [ 44%] Building CXX object sherpa-onnx/csrc/CMakeFiles/sherpa-onnx-core.dir/offline-recognizer-impl.cc.o
2026-10-03T05:22:29.2938019Z [ 45%] Building CXX object sherpa-onnx/csrc/CMakeFiles/sherpa-onnx-core.dir/offline-recognizer.cc.o
2026-10-03T05:22:31.0937703Z [ 45%] Building CXX object sherpa-onnx/csrc/CMakeFiles/sherpa-onnx-core.dir/offline-rnn-lm.cc.o
2026-10-03T05:22:33.7938094Z [ 45%] Building CXX object sherpa-onnx/csrc/CMakeFiles/sherpa-onnx-core.dir/offline-sense-voice-model-config.cc.o
2026-10-03T05:22:34.6937990Z [ 45%] Building CXX object sherpa-onnx/csrc/CMakeFiles/sherpa-onnx-core.dir/offline-sense-voice-model.cc.o
2026-10-03T05:22:36.5938150Z [ 46%] Building CXX object sherpa-onnx/csrc/CMakeFiles/sherpa-onnx-core.dir/offline-source-separation-impl.cc.o
2026-10-03T05:22:38.5938017Z [ 46%] Building CXX object sherpa-onnx/csrc/CMakeFiles/sherpa-onnx-core.dir/offline-source-separation-model-config.cc.o
2026-10-03T05:22:39.2938001Z [ 46%] Building CXX object sherpa-onnx/csrc/CMakeFiles/sherpa-onnx-core.dir/offline-source-separation-spleeter-model-config.cc.o
2026-10-03T05:22:39.7938021Z [ 47%] Building CXX object sherpa-onnx/csrc/CMakeFiles/sherpa-onnx-core.dir/offline-source-separation-spleeter-model.cc.o
2026-10-03T05:22:40.0938306Z [ 47%] Building CXX object sherpa-onnx/csrc/CMakeFiles/sherpa-onnx-core.dir/offline-source-separation-uvr-model-config.cc.o
2026-10-03T05:22:40.8938267Z [ 47%] Building CXX object sherpa-onnx/csrc/CMakeFiles/sherpa-onnx-core.dir/offline-source-separation-uvr-model.cc.o
2026-10-03T05:22:41.3938038Z [ 48%] Building CXX object sherpa-onnx/csrc/CMakeFiles/sherpa-onnx-core.dir/offline-source-separation.cc.o
2026-10-03T05:22:42.0937895Z [ 48%] Building CXX object sherpa-onnx/csrc/CMakeFiles/sherpa-onnx-core.dir/offline-stream.cc.o
2026-10-03T05:22:42.3938795Z [ 48%] Building CXX object sherpa-onnx/csrc/CMakeFiles/sherpa-onnx-core.dir/offline-tdnn-ctc-model.cc.o
2026-10-03T05:22:44.0938031Z [ 49%] Building CXX object sherpa-onnx/csrc/CMakeFiles/sherpa-onnx-core.dir/offline-tdnn-model-config.cc.o
2026-10-03T05:22:44.3938261Z [ 49%] Building CXX object sherpa-onnx/csrc/CMakeFiles/sherpa-onnx-core.dir/offline-telespeech-ctc-model.cc.o
2026-10-03T05:22:44.7937835Z [ 49%] Building CXX object sherpa-onnx/csrc/CMakeFiles/sherpa-onnx-core.dir/offline-transducer-greedy-search-decoder.cc.o
2026-10-03T05:22:46.0938371Z [ 49%] Building CXX object sherpa-onnx/csrc/CMakeFiles/sherpa-onnx-core.dir/offline-transducer-greedy-search-nemo-decoder.cc.o
2026-10-03T05:22:47.4937922Z [ 50%] Building CXX object sherpa-onnx/csrc/CMakeFiles/sherpa-onnx-core.dir/offline-transducer-model-config.cc.o
2026-10-03T05:22:48.3938081Z [ 50%] Building CXX object sherpa-onnx/csrc/CMakeFiles/sherpa-onnx-core.dir/offline-transducer-model.cc.o
2026-10-03T05:22:48.3940294Z [ 50%] Building CXX object sherpa-onnx/csrc/CMakeFiles/sherpa-onnx-core.dir/offline-transducer-modified-beam-search-decoder.cc.o
2026-10-03T05:22:51.2938402Z [ 51%] Building CXX object sherpa-onnx/csrc/CMakeFiles/sherpa-onnx-core.dir/offline-transducer-modified-beam-search-nemo-decoder.cc.o
2026-10-03T05:22:52.0938093Z [ 51%] Building CXX object sherpa-onnx/csrc/CMakeFiles/sherpa-onnx-core.dir/offline-transducer-nemo-model.cc.o
2026-10-03T05:22:53.9938021Z [ 51%] Building CXX object sherpa-onnx/csrc/CMakeFiles/sherpa-onnx-core.dir/offline-wenet-ctc-model-config.cc.o
2026-10-03T05:22:54.7937775Z [ 52%] Building CXX object sherpa-onnx/csrc/CMakeFiles/sherpa-onnx-core.dir/offline-wenet-ctc-model.cc.o
2026-10-03T05:22:55.1937884Z [ 52%] Building CXX object sherpa-onnx/csrc/CMakeFiles/sherpa-onnx-core.dir/offline-whisper-dtw.cc.o
2026-10-03T05:22:56.1938299Z [ 52%] Building CXX object sherpa-onnx/csrc/CMakeFiles/sherpa-onnx-core.dir/offline-whisper-greedy-search-decoder.cc.o
2026-10-03T05:22:56.3938145Z [ 53%] Building CXX object sherpa-onnx/csrc/CMakeFiles/sherpa-onnx-core.dir/offline-whisper-model-config.cc.o
2026-10-03T05:22:57.8937549Z [ 53%] Building CXX object sherpa-onnx/csrc/CMakeFiles/sherpa-onnx-core.dir/offline-whisper-model.cc.o
2026-10-03T05:22:58.6937979Z [ 53%] Building CXX object sherpa-onnx/csrc/CMakeFiles/sherpa-onnx-core.dir/offline-whisper-timestamp-rules.cc.o
2026-10-03T05:22:59.9937713Z [ 53%] Building CXX object sherpa-onnx/csrc/CMakeFiles/sherpa-onnx-core.dir/offline-zipformer-ctc-model-config.cc.o
2026-10-03T05:23:00.8937924Z [ 54%] Building CXX object sherpa-onnx/csrc/CMakeFiles/sherpa-onnx-core.dir/offline-zipformer-ctc-model.cc.o
2026-10-03T05:23:01.0938292Z [ 54%] Building CXX object sherpa-onnx/csrc/CMakeFiles/sherpa-onnx-core.dir/online-conformer-transducer-model.cc.o
2026-10-03T05:23:02.4937865Z [ 54%] Building CXX object sherpa-onnx/csrc/CMakeFiles/sherpa-onnx-core.dir/online-ctc-fst-decoder-config.cc.o
2026-10-03T05:23:03.2938053Z [ 55%] Building CXX object sherpa-onnx/csrc/CMakeFiles/sherpa-onnx-core.dir/online-ctc-fst-decoder.cc.o
2026-10-03T05:23:03.9937825Z [ 55%] Building CXX object sherpa-onnx/csrc/CMakeFiles/sherpa-onnx-core.dir/online-ctc-greedy-search-decoder.cc.o
2026-10-03T05:23:05.7937958Z [ 55%] Building CXX object sherpa-onnx/csrc/CMakeFiles/sherpa-onnx-core.dir/online-ctc-model.cc.o
2026-10-03T05:23:06.8938023Z [ 56%] Building CXX object sherpa-onnx/csrc/CMakeFiles/sherpa-onnx-core.dir/online-ebranchformer-transducer-model.cc.o
2026-10-03T05:23:08.1938177Z [ 56%] Building CXX object sherpa-onnx/csrc/CMakeFiles/sherpa-onnx-core.dir/online-lm-config.cc.o
2026-10-03T05:23:08.9937750Z [ 56%] Building CXX object sherpa-onnx/csrc/CMakeFiles/sherpa-onnx-core.dir/online-lm.cc.o
2026-10-03T05:23:09.9938226Z [ 56%] Building CXX object sherpa-onnx/csrc/CMakeFiles/sherpa-onnx-core.dir/online-lstm-transducer-model.cc.o
2026-10-03T05:23:11.2938071Z [ 57%] Building CXX object sherpa-onnx/csrc/CMakeFiles/sherpa-onnx-core.dir/online-model-config.cc.o
2026-10-03T05:23:12.5938207Z [ 57%] Building CXX object sherpa-onnx/csrc/CMakeFiles/sherpa-onnx-core.dir/online-nemo-ctc-model-config.cc.o
2026-10-03T05:23:12.8937989Z [ 57%] Building CXX object sherpa-onnx/csrc/CMakeFiles/sherpa-onnx-core.dir/online-nemo-ctc-model.cc.o
2026-10-03T05:23:13.3938156Z [ 58%] Building CXX object sherpa-onnx/csrc/CMakeFiles/sherpa-onnx-core.dir/online-paraformer-model-config.cc.o
2026-10-03T05:23:14.1937857Z [ 58%] Building CXX object sherpa-onnx/csrc/CMakeFiles/sherpa-onnx-core.dir/online-paraformer-model.cc.o
2026-10-03T05:23:14.6937793Z [ 58%] Building CXX object sherpa-onnx/csrc/CMakeFiles/sherpa-onnx-core.dir/online-recognizer-impl.cc.o
2026-10-03T05:23:15.6937960Z [ 59%] Building CXX object sherpa-onnx/csrc/CMakeFiles/sherpa-onnx-core.dir/online-recognizer.cc.o
2026-10-03T05:23:18.6937773Z [ 59%] Building CXX object sherpa-onnx/csrc/CMakeFiles/sherpa-onnx-core.dir/online-rnn-lm.cc.o
2026-10-03T05:23:21.6937804Z [ 59%] Building CXX object sherpa-onnx/csrc/CMakeFiles/sherpa-onnx-core.dir/online-stream.cc.o
2026-10-03T05:23:24.1938044Z [ 60%] Building CXX object sherpa-onnx/csrc/CMakeFiles/sherpa-onnx-core.dir/online-t-one-ctc-model-config.cc.o
2026-10-03T05:23:24.9938070Z [ 60%] Building CXX object sherpa-onnx/csrc/CMakeFiles/sherpa-onnx-core.dir/online-t-one-ctc-model.cc.o
2026-10-03T05:23:24.9940006Z [ 60%] Building CXX object sherpa-onnx/csrc/CMakeFiles/sherpa-onnx-core.dir/online-transducer-decoder.cc.o
2026-10-03T05:23:26.7938199Z [ 60%] Building CXX object sherpa-onnx/csrc/CMakeFiles/sherpa-onnx-core.dir/online-transducer-greedy-search-decoder.cc.o
2026-10-03T05:23:27.5937685Z [ 61%] Building CXX object sherpa-onnx/csrc/CMakeFiles/sherpa-onnx-core.dir/online-transducer-greedy-search-nemo-parakeet-unified-decoder.cc.o
2026-10-03T05:23:29.4938216Z [ 61%] Building CXX object sherpa-onnx/csrc/CMakeFiles/sherpa-onnx-core.dir/online-transducer-greedy-search-nemo-decoder.cc.o
2026-10-03T05:23:30.5937582Z [ 61%] Building CXX object sherpa-onnx/csrc/CMakeFiles/sherpa-onnx-core.dir/online-transducer-model-config.cc.o
2026-10-03T05:23:31.5937857Z [ 62%] Building CXX object sherpa-onnx/csrc/CMakeFiles/sherpa-onnx-core.dir/online-transducer-model.cc.o
2026-10-03T05:23:32.4938066Z [ 62%] Building CXX object sherpa-onnx/csrc/CMakeFiles/sherpa-onnx-core.dir/online-transducer-modified-beam-search-decoder.cc.o
2026-10-03T05:23:34.0937795Z [ 62%] Building CXX object sherpa-onnx/csrc/CMakeFiles/sherpa-onnx-core.dir/online-transducer-nemo-parakeet-unified-model.cc.o
2026-10-03T05:23:35.8937520Z [ 63%] Building CXX object sherpa-onnx/csrc/CMakeFiles/sherpa-onnx-core.dir/online-transducer-nemo-model.cc.o
2026-10-03T05:23:36.1938115Z [ 63%] Building CXX object sherpa-onnx/csrc/CMakeFiles/sherpa-onnx-core.dir/online-wenet-ctc-model-config.cc.o
2026-10-03T05:23:36.9937807Z [ 63%] Building CXX object sherpa-onnx/csrc/CMakeFiles/sherpa-onnx-core.dir/online-wenet-ctc-model.cc.o
2026-10-03T05:23:38.6938222Z [ 64%] Building CXX object sherpa-onnx/csrc/CMakeFiles/sherpa-onnx-core.dir/online-zipformer-transducer-model.cc.o
2026-10-03T05:23:41.5937835Z [ 64%] Building CXX object sherpa-onnx/csrc/CMakeFiles/sherpa-onnx-core.dir/online-zipformer2-ctc-model-config.cc.o
2026-10-03T05:23:41.8938703Z [ 64%] Building CXX object sherpa-onnx/csrc/CMakeFiles/sherpa-onnx-core.dir/online-zipformer2-ctc-model.cc.o
2026-10-03T05:23:42.3938260Z [ 64%] Building CXX object sherpa-onnx/csrc/CMakeFiles/sherpa-onnx-core.dir/online-zipformer2-transducer-model.cc.o
2026-10-03T05:23:44.0937862Z [ 65%] Building CXX object sherpa-onnx/csrc/CMakeFiles/sherpa-onnx-core.dir/onnx-utils.cc.o
2026-10-03T05:23:45.7938056Z [ 65%] Building CXX object sherpa-onnx/csrc/CMakeFiles/sherpa-onnx-core.dir/packed-sequence.cc.o
2026-10-03T05:23:45.8937802Z [ 65%] Building CXX object sherpa-onnx/csrc/CMakeFiles/sherpa-onnx-core.dir/pad-sequence.cc.o
2026-10-03T05:23:46.9937395Z [ 66%] Building CXX object sherpa-onnx/csrc/CMakeFiles/sherpa-onnx-core.dir/parse-options.cc.o
2026-10-03T05:23:47.0938246Z [ 66%] Building CXX object sherpa-onnx/csrc/CMakeFiles/sherpa-onnx-core.dir/phrase-matcher.cc.o
2026-10-03T05:23:47.8948593Z [ 66%] Building CXX object sherpa-onnx/csrc/CMakeFiles/sherpa-onnx-core.dir/provider-config.cc.o
2026-10-03T05:23:49.1937862Z [ 67%] Building CXX object sherpa-onnx/csrc/CMakeFiles/sherpa-onnx-core.dir/provider.cc.o
2026-10-03T05:23:49.4937857Z [ 67%] Building CXX object sherpa-onnx/csrc/CMakeFiles/sherpa-onnx-core.dir/resample.cc.o
2026-10-03T05:23:50.1937807Z [ 67%] Building CXX object sherpa-onnx/csrc/CMakeFiles/sherpa-onnx-core.dir/session.cc.o
2026-10-03T05:23:50.2937868Z [ 68%] Building CXX object sherpa-onnx/csrc/CMakeFiles/sherpa-onnx-core.dir/silero-vad-model-config.cc.o
2026-10-03T05:23:51.0938004Z [ 68%] Building CXX object sherpa-onnx/csrc/CMakeFiles/sherpa-onnx-core.dir/silero-vad-model.cc.o
2026-10-03T05:23:52.1937547Z [ 68%] Building CXX object sherpa-onnx/csrc/CMakeFiles/sherpa-onnx-core.dir/slice.cc.o
2026-10-03T05:23:52.6937857Z [ 68%] Building CXX object sherpa-onnx/csrc/CMakeFiles/sherpa-onnx-core.dir/spoken-language-identification-impl.cc.o
2026-10-03T05:23:53.1937820Z [ 69%] Building CXX object sherpa-onnx/csrc/CMakeFiles/sherpa-onnx-core.dir/spoken-language-identification.cc.o
2026-10-03T05:23:54.0937684Z [ 69%] Building CXX object sherpa-onnx/csrc/CMakeFiles/sherpa-onnx-core.dir/stack.cc.o
2026-10-03T05:23:54.1937490Z [ 69%] Building CXX object sherpa-onnx/csrc/CMakeFiles/sherpa-onnx-core.dir/symbol-table.cc.o
2026-10-03T05:23:55.2937524Z [ 70%] Building CXX object sherpa-onnx/csrc/CMakeFiles/sherpa-onnx-core.dir/ten-vad-model-config.cc.o
2026-10-03T05:23:55.4937177Z [ 70%] Building CXX object sherpa-onnx/csrc/CMakeFiles/sherpa-onnx-core.dir/ten-vad-model.cc.o
2026-10-03T05:23:56.0937746Z [ 70%] Building CXX object sherpa-onnx/csrc/CMakeFiles/sherpa-onnx-core.dir/text-utils.cc.o
2026-10-03T05:23:58.1937241Z [ 71%] Building CXX object sherpa-onnx/csrc/CMakeFiles/sherpa-onnx-core.dir/timer.cc.o
2026-10-03T05:23:58.3938172Z [ 71%] Building CXX object sherpa-onnx/csrc/CMakeFiles/sherpa-onnx-core.dir/transducer-keyword-decoder.cc.o
2026-10-03T05:23:58.7937987Z [ 71%] Building CXX object sherpa-onnx/csrc/CMakeFiles/sherpa-onnx-core.dir/transpose.cc.o
2026-10-03T05:23:59.7937757Z [ 72%] Building CXX object sherpa-onnx/csrc/CMakeFiles/sherpa-onnx-core.dir/unbind.cc.o
2026-10-03T05:24:01.0937760Z [ 72%] Building CXX object sherpa-onnx/csrc/CMakeFiles/sherpa-onnx-core.dir/utils.cc.o
2026-10-03T05:24:01.9937926Z [ 72%] Building CXX object sherpa-onnx/csrc/CMakeFiles/sherpa-onnx-core.dir/vad-model-config.cc.o
2026-10-03T05:24:02.3938105Z [ 72%] Building CXX object sherpa-onnx/csrc/CMakeFiles/sherpa-onnx-core.dir/vad-model.cc.o
2026-10-03T05:24:02.6937598Z [ 73%] Building CXX object sherpa-onnx/csrc/CMakeFiles/sherpa-onnx-core.dir/version.cc.o
2026-10-03T05:24:02.7937960Z [ 73%] Building CXX object sherpa-onnx/csrc/CMakeFiles/sherpa-onnx-core.dir/voice-activity-detector.cc.o
2026-10-03T05:24:02.9937753Z [ 73%] Building CXX object sherpa-onnx/csrc/CMakeFiles/sherpa-onnx-core.dir/wave-reader.cc.o
2026-10-03T05:24:03.7937094Z [ 74%] Building CXX object sherpa-onnx/csrc/CMakeFiles/sherpa-onnx-core.dir/wave-writer.cc.o
2026-10-03T05:24:03.8940145Z [ 74%] Building CXX object sherpa-onnx/csrc/CMakeFiles/sherpa-onnx-core.dir/speaker-embedding-extractor-impl.cc.o
2026-10-03T05:24:04.4937713Z [ 74%] Building CXX object sherpa-onnx/csrc/CMakeFiles/sherpa-onnx-core.dir/speaker-embedding-extractor-model.cc.o
2026-10-03T05:24:07.3962210Z [ 75%] Building CXX object sherpa-onnx/csrc/CMakeFiles/sherpa-onnx-core.dir/speaker-embedding-extractor-nemo-model.cc.o
2026-10-03T05:24:07.4938883Z [ 75%] Building CXX object sherpa-onnx/csrc/CMakeFiles/sherpa-onnx-core.dir/speaker-embedding-extractor.cc.o
2026-10-03T05:24:10.0937781Z [ 75%] Building CXX object sherpa-onnx/csrc/CMakeFiles/sherpa-onnx-core.dir/speaker-embedding-manager.cc.o
2026-10-03T05:24:10.2937910Z [ 76%] Building CXX object sherpa-onnx/csrc/CMakeFiles/sherpa-onnx-core.dir/audio-tagging-impl.cc.o
2026-10-03T05:24:12.2938208Z [ 76%] Building CXX object sherpa-onnx/csrc/CMakeFiles/sherpa-onnx-core.dir/audio-tagging-label-file.cc.o
2026-10-03T05:24:13.0938596Z [ 76%] Building CXX object sherpa-onnx/csrc/CMakeFiles/sherpa-onnx-core.dir/audio-tagging-model-config.cc.o
2026-10-03T05:24:13.3938254Z [ 76%] Building CXX object sherpa-onnx/csrc/CMakeFiles/sherpa-onnx-core.dir/audio-tagging.cc.o
2026-10-03T05:24:13.8937967Z [ 77%] Building CXX object sherpa-onnx/csrc/CMakeFiles/sherpa-onnx-core.dir/offline-ced-model.cc.o
2026-10-03T05:24:14.1937578Z [ 77%] Building CXX object sherpa-onnx/csrc/CMakeFiles/sherpa-onnx-core.dir/offline-zipformer-audio-tagging-model-config.cc.o
2026-10-03T05:24:14.9938142Z [ 77%] Building CXX object sherpa-onnx/csrc/CMakeFiles/sherpa-onnx-core.dir/offline-zipformer-audio-tagging-model.cc.o
2026-10-03T05:24:15.2937513Z [ 78%] Building CXX object sherpa-onnx/csrc/CMakeFiles/sherpa-onnx-core.dir/qnn-config.cc.o
2026-10-03T05:24:16.1937932Z [ 78%] Building CXX object sherpa-onnx/csrc/CMakeFiles/sherpa-onnx-core.dir/offline-ct-transformer-model.cc.o
2026-10-03T05:24:16.4938307Z [ 78%] Building CXX object sherpa-onnx/csrc/CMakeFiles/sherpa-onnx-core.dir/offline-punctuation-impl.cc.o
2026-10-03T05:24:17.8938108Z [ 79%] Building CXX object sherpa-onnx/csrc/CMakeFiles/sherpa-onnx-core.dir/offline-punctuation-model-config.cc.o
2026-10-03T05:24:18.6937709Z [ 79%] Building CXX object sherpa-onnx/csrc/CMakeFiles/sherpa-onnx-core.dir/offline-punctuation.cc.o
2026-10-03T05:24:18.6939323Z [ 79%] Building CXX object sherpa-onnx/csrc/CMakeFiles/sherpa-onnx-core.dir/online-cnn-bilstm-model.cc.o
2026-10-03T05:24:19.3937915Z [ 79%] Building CXX object sherpa-onnx/csrc/CMakeFiles/sherpa-onnx-core.dir/online-punctuation-impl.cc.o
2026-10-03T05:24:20.0938323Z [ 80%] Building CXX object sherpa-onnx/csrc/CMakeFiles/sherpa-onnx-core.dir/online-punctuation-model-config.cc.o
2026-10-03T05:24:20.8938016Z [ 80%] Building CXX object sherpa-onnx/csrc/CMakeFiles/sherpa-onnx-core.dir/online-punctuation.cc.o
2026-10-03T05:24:21.5937446Z [ 80%] Building CXX object sherpa-onnx/csrc/CMakeFiles/sherpa-onnx-core.dir/tashkeel-tokenizer.cc.o
2026-10-03T05:24:21.9937922Z [ 81%] Building CXX object sherpa-onnx/csrc/CMakeFiles/sherpa-onnx-core.dir/offline-catt-model.cc.o
2026-10-03T05:24:23.4938433Z [ 81%] Building CXX object sherpa-onnx/csrc/CMakeFiles/sherpa-onnx-core.dir/offline-diacritization-model-config.cc.o
2026-10-03T05:24:23.5937907Z [ 81%] Building CXX object sherpa-onnx/csrc/CMakeFiles/sherpa-onnx-core.dir/offline-diacritization.cc.o
2026-10-03T05:24:24.1937378Z [ 82%] Building CXX object sherpa-onnx/csrc/CMakeFiles/sherpa-onnx-core.dir/offline-diacritization-impl.cc.o
2026-10-03T05:24:24.2937808Z [ 82%] Building CXX object sherpa-onnx/csrc/CMakeFiles/sherpa-onnx-core.dir/offline-funasr-nano-model-config.cc.o
2026-10-03T05:24:25.0937370Z [ 82%] Building CXX object sherpa-onnx/csrc/CMakeFiles/sherpa-onnx-core.dir/offline-funasr-nano-model.cc.o
2026-10-03T05:24:25.5937758Z [ 83%] Building CXX object sherpa-onnx/csrc/CMakeFiles/sherpa-onnx-core.dir/offline-recognizer-funasr-nano-impl.cc.o
2026-10-03T05:24:27.6937444Z [ 83%] Building CXX object sherpa-onnx/csrc/CMakeFiles/sherpa-onnx-core.dir/funasr-nano-tokenizer.cc.o
2026-10-03T05:24:28.9938083Z [ 83%] Building CXX object sherpa-onnx/csrc/CMakeFiles/sherpa-onnx-core.dir/offline-qwen3-asr-model-config.cc.o
2026-10-03T05:24:29.7937863Z [ 83%] Building CXX object sherpa-onnx/csrc/CMakeFiles/sherpa-onnx-core.dir/offline-qwen3-asr-model.cc.o
2026-10-03T05:24:30.7938266Z [ 84%] Building CXX object sherpa-onnx/csrc/CMakeFiles/sherpa-onnx-core.dir/offline-recognizer-qwen3-asr-impl.cc.o
2026-10-03T05:24:31.9938006Z [ 84%] Building CXX object sherpa-onnx/csrc/CMakeFiles/sherpa-onnx-core.dir/qwen-asr-tokenizer.cc.o
2026-10-03T05:24:34.7937804Z [ 84%] Building CXX object sherpa-onnx/csrc/CMakeFiles/sherpa-onnx-core.dir/character-lexicon.cc.o
2026-10-03T05:24:36.7937865Z [ 85%] Building CXX object sherpa-onnx/csrc/CMakeFiles/sherpa-onnx-core.dir/hifigan-vocoder.cc.o
2026-10-03T05:24:38.1937749Z [ 85%] Building CXX object sherpa-onnx/csrc/CMakeFiles/sherpa-onnx-core.dir/kokoro-multi-lang-lexicon.cc.o
2026-10-03T05:24:39.0938292Z [ 85%] Building CXX object sherpa-onnx/csrc/CMakeFiles/sherpa-onnx-core.dir/lexicon.cc.o
2026-10-03T05:24:40.8937539Z [ 86%] Building CXX object sherpa-onnx/csrc/CMakeFiles/sherpa-onnx-core.dir/matcha-tts-lexicon.cc.o
2026-10-03T05:24:46.2937417Z [ 86%] Building CXX object sherpa-onnx/csrc/CMakeFiles/sherpa-onnx-core.dir/melo-tts-lexicon.cc.o
2026-10-03T05:24:46.4937834Z [ 86%] Building CXX object sherpa-onnx/csrc/CMakeFiles/sherpa-onnx-core.dir/offline-tts-character-frontend.cc.o
2026-10-03T05:24:47.6937906Z [ 87%] Building CXX object sherpa-onnx/csrc/CMakeFiles/sherpa-onnx-core.dir/offline-tts-frontend.cc.o
2026-10-03T05:24:48.2937602Z [ 87%] Building CXX object sherpa-onnx/csrc/CMakeFiles/sherpa-onnx-core.dir/offline-tts-impl.cc.o
2026-10-03T05:24:50.5937284Z [ 87%] Building CXX object sherpa-onnx/csrc/CMakeFiles/sherpa-onnx-core.dir/offline-tts-kitten-model-config.cc.o
2026-10-03T05:24:51.3937365Z [ 87%] Building CXX object sherpa-onnx/csrc/CMakeFiles/sherpa-onnx-core.dir/offline-tts-kitten-model.cc.o
2026-10-03T05:24:53.1937986Z [ 88%] Building CXX object sherpa-onnx/csrc/CMakeFiles/sherpa-onnx-core.dir/offline-tts-kokoro-model-config.cc.o
2026-10-03T05:24:54.0938137Z [ 88%] Building CXX object sherpa-onnx/csrc/CMakeFiles/sherpa-onnx-core.dir/offline-tts-kokoro-model.cc.o
2026-10-03T05:24:55.6937347Z [ 88%] Building CXX object sherpa-onnx/csrc/CMakeFiles/sherpa-onnx-core.dir/offline-tts-matcha-model-config.cc.o
2026-10-03T05:24:55.7937763Z [ 89%] Building CXX object sherpa-onnx/csrc/CMakeFiles/sherpa-onnx-core.dir/offline-tts-matcha-model.cc.o
2026-10-03T05:24:56.5937959Z [ 89%] Building CXX object sherpa-onnx/csrc/CMakeFiles/sherpa-onnx-core.dir/offline-tts-model-config.cc.o
2026-10-03T05:24:57.2937901Z [ 89%] Building CXX object sherpa-onnx/csrc/CMakeFiles/sherpa-onnx-core.dir/offline-tts-pocket-model-config.cc.o
2026-10-03T05:24:57.3938104Z [ 90%] Building CXX object sherpa-onnx/csrc/CMakeFiles/sherpa-onnx-core.dir/offline-tts-pocket-model.cc.o
2026-10-03T05:24:58.0938170Z [ 90%] Building CXX object sherpa-onnx/csrc/CMakeFiles/sherpa-onnx-core.dir/offline-tts-supertonic-impl.cc.o
2026-10-03T05:24:59.1937788Z [ 90%] Building CXX object sherpa-onnx/csrc/CMakeFiles/sherpa-onnx-core.dir/offline-tts-supertonic-model-config.cc.o
2026-10-03T05:24:59.9937797Z [ 91%] Building CXX object sherpa-onnx/csrc/CMakeFiles/sherpa-onnx-core.dir/offline-tts-supertonic-model.cc.o
2026-10-03T05:25:00.2937889Z [ 91%] Building CXX object sherpa-onnx/csrc/CMakeFiles/sherpa-onnx-core.dir/offline-tts-supertonic-unicode-processor.cc.o
2026-10-03T05:25:01.2938177Z [ 91%] Building CXX object sherpa-onnx/csrc/CMakeFiles/sherpa-onnx-core.dir/offline-tts-vits-model-config.cc.o
2026-10-03T05:25:02.0937730Z [ 91%] Building CXX object sherpa-onnx/csrc/CMakeFiles/sherpa-onnx-core.dir/offline-tts-vits-model.cc.o
2026-10-03T05:25:03.8937753Z [ 92%] Building CXX object sherpa-onnx/csrc/CMakeFiles/sherpa-onnx-core.dir/offline-tts-zipvoice-model-config.cc.o
2026-10-03T05:25:03.8940091Z [ 92%] Building CXX object sherpa-onnx/csrc/CMakeFiles/sherpa-onnx-core.dir/offline-tts-zipvoice-model.cc.o
2026-10-03T05:25:04.7937714Z [ 92%] Building CXX object sherpa-onnx/csrc/CMakeFiles/sherpa-onnx-core.dir/offline-tts.cc.o
2026-10-03T05:25:05.7937839Z [ 93%] Building CXX object sherpa-onnx/csrc/CMakeFiles/sherpa-onnx-core.dir/piper-phonemize-lexicon.cc.o
2026-10-03T05:25:06.1937704Z [ 93%] Building CXX object sherpa-onnx/csrc/CMakeFiles/sherpa-onnx-core.dir/sentence-piece-tokenizer.cc.o
2026-10-03T05:25:08.9937888Z [ 93%] Building CXX object sherpa-onnx/csrc/CMakeFiles/sherpa-onnx-core.dir/vocoder.cc.o
2026-10-03T05:25:10.3937513Z [ 94%] Building CXX object sherpa-onnx/csrc/CMakeFiles/sherpa-onnx-core.dir/vocos-vocoder.cc.o
2026-10-03T05:25:10.4938300Z [ 94%] Building CXX object sherpa-onnx/csrc/CMakeFiles/sherpa-onnx-core.dir/offline-speech-denoiser-dpdfnet-model-config.cc.o
2026-10-03T05:25:11.1938186Z [ 94%] Building CXX object sherpa-onnx/csrc/CMakeFiles/sherpa-onnx-core.dir/offline-speech-denoiser-dpdfnet-model.cc.o
2026-10-03T05:25:11.9938423Z [ 95%] Building CXX object sherpa-onnx/csrc/CMakeFiles/sherpa-onnx-core.dir/offline-speech-denoiser-gtcrn-model-config.cc.o
2026-10-03T05:25:12.7938276Z [ 95%] Building CXX object sherpa-onnx/csrc/CMakeFiles/sherpa-onnx-core.dir/offline-speech-denoiser-gtcrn-model.cc.o
2026-10-03T05:25:12.8938019Z [ 95%] Building CXX object sherpa-onnx/csrc/CMakeFiles/sherpa-onnx-core.dir/offline-speech-denoiser-impl.cc.o
2026-10-03T05:25:14.4938348Z [ 95%] Building CXX object sherpa-onnx/csrc/CMakeFiles/sherpa-onnx-core.dir/offline-speech-denoiser-model-config.cc.o
2026-10-03T05:25:15.0937357Z [ 96%] Building CXX object sherpa-onnx/csrc/CMakeFiles/sherpa-onnx-core.dir/offline-speech-denoiser.cc.o
2026-10-03T05:25:15.1937956Z [ 96%] Building CXX object sherpa-onnx/csrc/CMakeFiles/sherpa-onnx-core.dir/online-speech-denoiser-impl.cc.o
2026-10-03T05:25:15.7937721Z [ 96%] Building CXX object sherpa-onnx/csrc/CMakeFiles/sherpa-onnx-core.dir/online-speech-denoiser.cc.o
2026-10-03T05:25:17.4937289Z [ 97%] Linking CXX static library ../../lib/libsherpa-onnx-core.a
2026-10-03T05:25:17.6937359Z [ 97%] Built target sherpa-onnx-core
2026-10-03T05:25:17.6938734Z [ 97%] Building CXX object sherpa-onnx/jni/CMakeFiles/sherpa-onnx-jni.dir/common.cc.o
2026-10-03T05:25:17.6940526Z [ 97%] Building CXX object sherpa-onnx/jni/CMakeFiles/sherpa-onnx-jni.dir/jni.cc.o
2026-10-03T05:25:18.1937996Z [ 98%] Building CXX object sherpa-onnx/jni/CMakeFiles/sherpa-onnx-jni.dir/offline-recognizer.cc.o
2026-10-03T05:25:18.6937870Z [ 98%] Building CXX object sherpa-onnx/jni/CMakeFiles/sherpa-onnx-jni.dir/offline-stream.cc.o
2026-10-03T05:25:19.3961173Z [ 98%] Building CXX object sherpa-onnx/jni/CMakeFiles/sherpa-onnx-jni.dir/online-stream.cc.o
2026-10-03T05:25:19.7938837Z [ 99%] Building CXX object sherpa-onnx/jni/CMakeFiles/sherpa-onnx-jni.dir/speaker-embedding-extractor.cc.o
2026-10-03T05:25:21.9937780Z [ 99%] Building CXX object sherpa-onnx/jni/CMakeFiles/sherpa-onnx-jni.dir/version.cc.o
2026-10-03T05:25:22.3938285Z [ 99%] Building CXX object sherpa-onnx/jni/CMakeFiles/sherpa-onnx-jni.dir/voice-activity-detector.cc.o
2026-10-03T05:25:22.5938189Z [ 99%] Building CXX object sherpa-onnx/jni/CMakeFiles/sherpa-onnx-jni.dir/offline-tts.cc.o
2026-10-03T05:25:24.0937039Z [100%] Linking CXX shared library ../../lib/libsherpa-onnx-jni.so
2026-10-03T05:25:24.2936728Z [100%] Built target sherpa-onnx-jni
2026-10-03T05:25:24.2937579Z Upstream Sherpa ready: /home/runner/work/Jarvis-OS-V2/Jarvis-OS-V2/app/build/sherpa-native
2026-10-03T05:25:24.4937397Z 
2026-10-03T05:25:24.4938171Z > Task :app:preBuild
2026-10-03T05:25:24.4938845Z > Task :app:preReleaseBuild
2026-10-03T05:25:24.5944381Z > Task :app:generateReleaseBuildConfig
2026-10-03T05:25:31.5950632Z > Task :app:generateReleaseResValues
2026-10-03T05:25:31.6937905Z > Task :app:checkReleaseAarMetadata
2026-10-03T05:25:31.6943947Z > Task :app:mapReleaseSourceSetPaths
2026-10-03T05:25:31.7950703Z > Task :app:generateReleaseResources
2026-10-03T05:25:33.1945035Z > Task :app:packageReleaseResources
2026-10-03T05:25:33.5937217Z > Task :app:mergeReleaseResources
2026-10-03T05:25:34.6944910Z > Task :app:createReleaseCompatibleScreenManifests
2026-10-03T05:25:34.6980395Z > Task :app:extractDeepLinksRelease
2026-10-03T05:25:34.7970690Z > Task :app:parseReleaseLocalResources
2026-10-03T05:25:34.9960691Z > Task :app:processReleaseMainManifest
2026-10-03T05:25:35.0940615Z > Task :app:processReleaseManifest
2026-10-03T05:25:35.0944610Z > Task :app:preReleaseUnitTestBuild
2026-10-03T05:25:35.0945652Z > Task :app:processReleaseManifestForPackage
2026-10-03T05:25:35.0946672Z > Task :app:javaPreCompileReleaseUnitTest
2026-10-03T05:25:35.0947603Z > Task :app:javaPreCompileRelease
2026-10-03T05:25:35.2940635Z > Task :app:extractProguardFiles
2026-10-03T05:25:35.5936684Z > Task :app:processReleaseResources
2026-10-03T05:25:37.2939918Z 
2026-10-03T05:25:37.2940794Z > Task :app:configureCMakeRelWithDebInfo[arm64-v8a]
2026-10-03T05:25:37.2941797Z Checking the license for package CMake 3.22.1 in /usr/local/lib/android/sdk/licenses
2026-10-03T05:25:37.2942697Z License for package CMake 3.22.1 accepted.
2026-10-03T05:25:37.2943837Z Preparing "Install CMake 3.22.1 v.3.22.1".
2026-10-03T05:25:37.5937392Z "Install CMake 3.22.1 v.3.22.1" ready.
2026-10-03T05:25:37.5938383Z Installing CMake 3.22.1 in /usr/local/lib/android/sdk/cmake/3.22.1
2026-10-03T05:25:37.5950244Z "Install CMake 3.22.1 v.3.22.1" complete.
2026-10-03T05:25:37.6943872Z "Install CMake 3.22.1 v.3.22.1" finished.
2026-10-03T05:26:09.7976699Z 
2026-10-03T05:26:09.8000381Z > Task :app:compileReleaseKotlin
2026-10-03T05:26:16.8970295Z > Task :app:buildCMakeRelWithDebInfo[arm64-v8a]
2026-10-03T05:27:05.8938026Z > Task :app:mergeReleaseJniLibFolders
2026-10-03T05:27:07.8937149Z > Task :app:mergeReleaseNativeLibs
2026-10-03T05:27:07.8938153Z > Task :app:checkReleaseDuplicateClasses
2026-10-03T05:27:07.9965614Z > Task :app:mergeReleaseArtProfile
2026-10-03T05:27:08.0967567Z > Task :app:mergeReleaseStartupProfile
2026-10-03T05:27:08.0990423Z > Task :app:mergeReleaseShaders
2026-10-03T05:27:08.1018405Z > Task :app:compileReleaseShaders NO-SOURCE
2026-10-03T05:27:08.1045870Z > Task :app:generateReleaseAssets UP-TO-DATE
2026-10-03T05:27:08.4982595Z > Task :app:mergeReleaseAssets
2026-10-03T05:27:08.6961250Z > Task :app:stripReleaseDebugSymbols
2026-10-03T05:27:08.9960579Z > Task :app:extractReleaseVersionControlInfo
2026-10-03T05:27:09.2950629Z > Task :app:convertLinkedResourcesToProtoRelease
2026-10-03T05:27:09.2960585Z > Task :app:compressReleaseAssets
2026-10-03T05:27:09.5970566Z > Task :app:extractReleaseNativeSymbolTables
2026-10-03T05:27:09.6980557Z > Task :app:collectReleaseDependencies
2026-10-03T05:27:09.8960682Z > Task :app:sdkReleaseDependencyData
2026-10-03T05:27:09.8990399Z > Task :app:validateSigningRelease
2026-10-03T05:27:09.9050334Z > Task :app:writeReleaseAppMetadata
2026-10-03T05:27:09.9080217Z > Task :app:writeReleaseSigningConfigVersions
2026-10-03T05:27:09.9130308Z > Task :app:preReleaseAndroidTestBuild SKIPPED
2026-10-03T05:27:10.8953590Z > Task :app:processReleaseAndroidTestManifest
2026-10-03T05:27:10.8990595Z > Task :app:generateReleaseAndroidTestBuildConfig
2026-10-03T05:27:10.9005476Z > Task :app:checkReleaseAndroidTestAarMetadata
2026-10-03T05:27:10.9950557Z > Task :app:generateReleaseAndroidTestResValues
2026-10-03T05:27:11.0022563Z > Task :app:mapReleaseAndroidTestSourceSetPaths
2026-10-03T05:27:11.0070164Z > Task :app:generateReleaseAndroidTestResources
2026-10-03T05:27:11.1000859Z > Task :app:javaPreCompileReleaseAndroidTest
2026-10-03T05:27:11.1060286Z > Task :app:mergeReleaseAndroidTestResources
2026-10-03T05:27:11.1090150Z > Task :app:mergeReleaseAndroidTestShaders
2026-10-03T05:27:11.1950601Z > Task :app:compileReleaseAndroidTestShaders NO-SOURCE
2026-10-03T05:27:11.1960335Z > Task :app:generateReleaseAndroidTestAssets UP-TO-DATE
2026-10-03T05:27:11.1990055Z > Task :app:mergeReleaseAndroidTestAssets
2026-10-03T05:27:11.2010070Z > Task :app:compressReleaseAndroidTestAssets
2026-10-03T05:27:11.4950595Z > Task :app:checkReleaseAndroidTestDuplicateClasses
2026-10-03T05:27:11.5010417Z > Task :app:mergeReleaseAndroidTestJniLibFolders
2026-10-03T05:27:11.5040834Z > Task :app:mergeReleaseAndroidTestNativeLibs NO-SOURCE
2026-10-03T05:27:11.5090721Z > Task :app:stripReleaseAndroidTestDebugSymbols NO-SOURCE
2026-10-03T05:27:11.6000735Z > Task :app:validateSigningReleaseAndroidTest
2026-10-03T05:27:11.6030052Z > Task :app:writeReleaseAndroidTestSigningConfigVersions
2026-10-03T05:27:11.6060095Z > Task :app:processReleaseAndroidTestResources
2026-10-03T05:27:15.1939750Z > Task :app:mergeReleaseNativeDebugMetadata
2026-10-03T05:37:35.4955748Z 
2026-10-03T05:37:35.4980368Z > Task :app:compileReleaseKotlin
2026-10-03T05:37:35.5011169Z w: file:///home/runner/work/Jarvis-OS-V2/Jarvis-OS-V2/app/src/main/java/com/battlesbudz/jarvis/v2/JarvisRuntime.kt:88:14 'lateinit' is unnecessary: definitely initialized in constructors.
2026-10-03T05:37:35.5040991Z w: file:///home/runner/work/Jarvis-OS-V2/Jarvis-OS-V2/app/src/main/java/com/battlesbudz/jarvis/v2/JarvisRuntime.kt:177:14 'lateinit' is unnecessary: definitely initialized in constructors.
2026-10-03T05:37:35.5044183Z w: file:///home/runner/work/Jarvis-OS-V2/Jarvis-OS-V2/app/src/main/java/com/battlesbudz/jarvis/v2/JarvisRuntime.kt:178:14 'lateinit' is unnecessary: definitely initialized in constructors.
2026-10-03T05:37:35.5070966Z w: file:///home/runner/work/Jarvis-OS-V2/Jarvis-OS-V2/app/src/main/java/com/battlesbudz/jarvis/v2/JarvisRuntime.kt:182:14 'lateinit' is unnecessary: definitely initialized in constructors.
2026-10-03T05:37:35.5100991Z w: file:///home/runner/work/Jarvis-OS-V2/Jarvis-OS-V2/app/src/main/java/com/battlesbudz/jarvis/v2/JarvisRuntime.kt:183:14 'lateinit' is unnecessary: definitely initialized in constructors.
2026-10-03T05:37:35.5130963Z w: file:///home/runner/work/Jarvis-OS-V2/Jarvis-OS-V2/app/src/main/java/com/battlesbudz/jarvis/v2/JarvisRuntime.kt:184:14 'lateinit' is unnecessary: definitely initialized in constructors.
2026-10-03T05:37:35.5160957Z w: file:///home/runner/work/Jarvis-OS-V2/Jarvis-OS-V2/app/src/main/java/com/battlesbudz/jarvis/v2/JarvisRuntime.kt:185:14 'lateinit' is unnecessary: definitely initialized in constructors.
2026-10-03T05:37:35.5221091Z w: file:///home/runner/work/Jarvis-OS-V2/Jarvis-OS-V2/app/src/main/java/com/battlesbudz/jarvis/v2/JarvisRuntime.kt:187:14 'lateinit' is unnecessary: definitely initialized in constructors.
2026-10-03T05:37:35.5223964Z w: file:///home/runner/work/Jarvis-OS-V2/Jarvis-OS-V2/app/src/main/java/com/battlesbudz/jarvis/v2/JarvisRuntime.kt:784:62 Unnecessary safe call on a non-null receiver of type 'LiveComparison.Trial'.
2026-10-03T05:37:35.5250960Z w: file:///home/runner/work/Jarvis-OS-V2/Jarvis-OS-V2/app/src/main/java/com/battlesbudz/jarvis/v2/JarvisRuntime.kt:1398:91 Unnecessary safe call on a non-null receiver of type 'Job'.
2026-10-03T05:37:35.5260823Z w: file:///home/runner/work/Jarvis-OS-V2/Jarvis-OS-V2/app/src/main/java/com/battlesbudz/jarvis/v2/JarvisRuntime.kt:1834:34 Unnecessary safe call on a non-null receiver of type 'Job'.
2026-10-03T05:37:35.5284937Z w: file:///home/runner/work/Jarvis-OS-V2/Jarvis-OS-V2/app/src/main/java/com/battlesbudz/jarvis/v2/JarvisRuntime.kt:1864:34 Unnecessary safe call on a non-null receiver of type 'Job'.
2026-10-03T05:37:35.5311204Z w: file:///home/runner/work/Jarvis-OS-V2/Jarvis-OS-V2/app/src/main/java/com/battlesbudz/jarvis/v2/actions/InstalledAppResolver.kt:83:51 Unnecessary safe call on a non-null receiver of type 'CharSequence'.
2026-10-03T05:37:35.5341241Z w: file:///home/runner/work/Jarvis-OS-V2/Jarvis-OS-V2/app/src/main/java/com/battlesbudz/jarvis/v2/chat/ConversationHistory.kt:90:111 Unnecessary non-null assertion (!!) on a non-null receiver of type 'ConversationMessage'.
2026-10-03T05:37:35.5354523Z w: file:///home/runner/work/Jarvis-OS-V2/Jarvis-OS-V2/app/src/main/java/com/battlesbudz/jarvis/v2/chat/ConversationHistory.kt:181:56 Java type mismatch: inferred type is 'String?', but 'String' was expected.
2026-10-03T05:37:35.5373516Z w: file:///home/runner/work/Jarvis-OS-V2/Jarvis-OS-V2/app/src/main/java/com/battlesbudz/jarvis/v2/conversation/ConversationRuntime.kt:207:55 Unnecessary non-null assertion (!!) on a non-null receiver of type 'MemoryDeliveryFence.Ticket'.
2026-10-03T05:37:35.5401031Z w: file:///home/runner/work/Jarvis-OS-V2/Jarvis-OS-V2/app/src/main/java/com/battlesbudz/jarvis/v2/diagnostics/DiagnosticRecorder.kt:116:49 Java type mismatch: inferred type is 'String?', but 'String' was expected.
2026-10-03T05:37:35.5431177Z w: file:///home/runner/work/Jarvis-OS-V2/Jarvis-OS-V2/app/src/main/java/com/battlesbudz/jarvis/v2/diagnostics/DiagnosticRecorder.kt:135:55 Java type mismatch: inferred type is 'String?', but 'String' was expected.
2026-10-03T05:37:35.5461120Z w: file:///home/runner/work/Jarvis-OS-V2/Jarvis-OS-V2/app/src/main/java/com/battlesbudz/jarvis/v2/diagnostics/DiagnosticRecorder.kt:158:29 Java type mismatch: inferred type is 'String?', but 'String' was expected.
2026-10-03T05:37:35.5473479Z w: file:///home/runner/work/Jarvis-OS-V2/Jarvis-OS-V2/app/src/main/java/com/battlesbudz/jarvis/v2/memory/SourceTextPersistencePolicy.kt:64:68 Java type mismatch: inferred type is 'String?', but 'String' was expected.
2026-10-03T05:37:35.5491620Z w: file:///home/runner/work/Jarvis-OS-V2/Jarvis-OS-V2/app/src/main/java/com/battlesbudz/jarvis/v2/memory/SourceTextPersistencePolicy.kt:67:61 Java type mismatch: inferred type is 'String?', but 'String' was expected.
2026-10-03T05:37:35.5521457Z w: file:///home/runner/work/Jarvis-OS-V2/Jarvis-OS-V2/app/src/main/java/com/battlesbudz/jarvis/v2/memory/SourceTextPersistencePolicy.kt:112:43 Unnecessary non-null assertion (!!) on a non-null receiver of type 'SourceTextPersistencePolicy.SummaryProof'.
2026-10-03T05:37:35.5551770Z w: file:///home/runner/work/Jarvis-OS-V2/Jarvis-OS-V2/app/src/main/java/com/battlesbudz/jarvis/v2/ui/MemoryScreen.kt:49:21 'val LocalLifecycleOwner: ProvidableCompositionLocal<LifecycleOwner>' is deprecated. Moved to lifecycle-runtime-compose library in androidx.lifecycle.compose package.
2026-10-03T05:37:35.5561016Z w: file:///home/runner/work/Jarvis-OS-V2/Jarvis-OS-V2/app/src/main/java/com/battlesbudz/jarvis/v2/ui/MemoryScreen.kt:186:44 Unnecessary safe call on a non-null receiver of type 'MemoryWikiIndex'.
2026-10-03T05:37:35.5583517Z w: file:///home/runner/work/Jarvis-OS-V2/Jarvis-OS-V2/app/src/main/java/com/battlesbudz/jarvis/v2/voice/AudioTurnCapture.kt:368:78 Unnecessary non-null assertion (!!) on a non-null receiver of type 'Boolean'.
2026-10-03T05:37:35.5611104Z w: file:///home/runner/work/Jarvis-OS-V2/Jarvis-OS-V2/app/src/main/java/com/battlesbudz/jarvis/v2/voice/PiperVoiceOutput.kt:362:53 Unnecessary safe call on a non-null receiver of type 'CallModelSlot.Lease<OfflineTts>'.
2026-10-03T05:37:35.5613875Z w: file:///home/runner/work/Jarvis-OS-V2/Jarvis-OS-V2/app/src/main/java/com/battlesbudz/jarvis/v2/voice/RecognitionModelStore.kt:32:41 'val nextTarEntry: TarArchiveEntry!' is deprecated. Deprecated in Java.
2026-10-03T05:37:35.5616446Z w: file:///home/runner/work/Jarvis-OS-V2/Jarvis-OS-V2/app/src/main/java/com/battlesbudz/jarvis/v2/voice/TtsModelStore.kt:77:37 'val nextTarEntry: TarArchiveEntry!' is deprecated. Deprecated in Java.
2026-10-03T05:37:44.1959893Z 
2026-10-03T05:37:44.1968315Z > Task :app:compileReleaseJavaWithJavac
2026-10-03T05:37:44.2970562Z > Task :app:processReleaseJavaRes
2026-10-03T05:37:44.3940599Z > Task :app:bundleReleaseClassesToCompileJar
2026-10-03T05:37:44.3960142Z > Task :app:bundleReleaseClassesToRuntimeJar
2026-10-03T05:37:46.6942610Z > Task :app:generateReleaseLintVitalReportModel
2026-10-03T05:37:54.7937419Z > Task :app:mergeReleaseGeneratedProguardFiles
2026-10-03T05:37:56.8960586Z > Task :app:expandReleaseArtProfileWildcards
2026-10-03T05:38:00.4960644Z > Task :app:mergeReleaseJavaResource
2026-10-03T05:38:06.5960707Z > Task :app:produceReleaseComposeMapping
2026-10-03T05:38:06.5990439Z > Task :app:reportReleaseComposeMappingErrors
2026-10-03T05:38:15.3940383Z 
2026-10-03T05:38:15.3956560Z > Task :app:compileReleaseUnitTestKotlin
2026-10-03T05:38:15.4029770Z w: file:///home/runner/work/Jarvis-OS-V2/Jarvis-OS-V2/app/src/test/java/com/battlesbudz/jarvis/v2/ai/TurnOrchestratorTest.kt:158:38 Unnecessary non-null assertion (!!) on a non-null receiver of type 'String'.
2026-10-03T05:38:15.4074935Z w: file:///home/runner/work/Jarvis-OS-V2/Jarvis-OS-V2/app/src/test/java/com/battlesbudz/jarvis/v2/ai/storage/ModelRemovalTest.kt:18:13 Only safe (?.) or non-null asserted (!!.) calls are allowed on a nullable receiver of type 'File?'.
2026-10-03T05:38:15.4101082Z w: file:///home/runner/work/Jarvis-OS-V2/Jarvis-OS-V2/app/src/test/java/com/battlesbudz/jarvis/v2/memory/ConversationMemoryTest.kt:67:62 Unnecessary non-null assertion (!!) on a non-null receiver of type 'MemoryRecord'.
2026-10-03T05:38:15.4191381Z w: file:///home/runner/work/Jarvis-OS-V2/Jarvis-OS-V2/app/src/test/java/com/battlesbudz/jarvis/v2/memory/MemorySensitivityPolicyTest.kt:39:50 Unnecessary non-null assertion (!!) on a non-null receiver of type 'MemoryContextPacket'.
2026-10-03T05:38:15.4251983Z w: file:///home/runner/work/Jarvis-OS-V2/Jarvis-OS-V2/app/src/test/java/com/battlesbudz/jarvis/v2/voice/SherpaPcmCallbackTest.kt:9:37 This class is not recommended for use in Kotlin. Use 'kotlin.Int' instead.
2026-10-03T05:38:15.4311592Z w: file:///home/runner/work/Jarvis-OS-V2/Jarvis-OS-V2/app/src/test/java/com/battlesbudz/jarvis/v2/voice/VoiceCallStorePrivacyTest.kt:74:77 Unnecessary non-null assertion (!!) on a non-null receiver of type 'VoiceTaskStatus'.
2026-10-03T05:38:15.4341130Z w: file:///home/runner/work/Jarvis-OS-V2/Jarvis-OS-V2/app/src/test/java/com/battlesbudz/jarvis/v2/voice/VoiceCallStorePrivacyTest.kt:75:95 Unnecessary non-null assertion (!!) on a non-null receiver of type 'VoiceTaskStatus'.
2026-10-03T05:38:15.4375493Z w: file:///home/runner/work/Jarvis-OS-V2/Jarvis-OS-V2/app/src/test/java/com/battlesbudz/jarvis/v2/voice/VoiceCallStorePrivacyTest.kt:84:43 Unnecessary non-null assertion (!!) on a non-null receiver of type 'VoiceTaskStatus'.
2026-10-03T05:38:15.8969886Z 
2026-10-03T05:38:15.9010627Z > Task :app:compileReleaseAndroidTestKotlin
2026-10-03T05:38:15.9021811Z w: file:///home/runner/work/Jarvis-OS-V2/Jarvis-OS-V2/app/src/androidTest/java/com/battlesbudz/jarvis/v2/verification/ReleaseJourneyTest.kt:1634:89 Unnecessary non-null assertion (!!) on a non-null receiver of type 'MemoryContextPacket'.
2026-10-03T05:38:17.4937362Z 
2026-10-03T05:38:17.4938253Z > Task :app:lintVitalAnalyzeRelease
2026-10-03T05:38:18.0936893Z > Task :app:compileReleaseAndroidTestJavaWithJavac
2026-10-03T05:38:18.0937432Z > Task :app:compileReleaseUnitTestJavaWithJavac NO-SOURCE
2026-10-03T05:38:18.1960537Z > Task :app:processReleaseUnitTestJavaRes
2026-10-03T05:38:30.4958616Z > Task :app:minifyReleaseWithR8
2026-10-03T05:38:33.2937246Z > Task :app:testReleaseUnitTest
2026-10-03T05:38:33.3960530Z > Task :app:processReleaseAndroidTestJavaRes
2026-10-03T05:38:33.5960601Z > Task :app:mergeReleaseAndroidTestJavaResource
2026-10-03T05:39:49.9940882Z > Task :app:lintVitalReportRelease
2026-10-03T05:39:49.9990302Z > Task :app:lintVitalRelease
2026-10-03T05:41:10.7967785Z > Task :app:mergeReleaseComposeMapping
2026-10-03T05:41:11.5940669Z > Task :app:compileReleaseArtProfile
2026-10-03T05:41:15.1943413Z > Task :app:shrinkReleaseRes
2026-10-03T05:41:15.2940846Z > Task :app:convertShrunkResourcesToBinaryRelease
2026-10-03T05:41:15.3960548Z > Task :app:optimizeReleaseResources
2026-10-03T05:41:16.4951644Z > Task :app:packageRelease
2026-10-03T05:41:16.4960347Z > Task :app:createReleaseApkListingFileRedirect
2026-10-03T05:41:16.4976942Z > Task :app:assembleRelease
2026-10-03T05:41:23.9936978Z > Task :app:minifyReleaseAndroidTestWithR8
2026-10-03T05:41:24.0940484Z > Task :app:packageReleaseAndroidTest
2026-10-03T05:41:24.0962293Z > Task :app:createReleaseAndroidTestApkListingFileRedirect
2026-10-03T05:41:24.0980248Z > Task :app:assembleReleaseAndroidTest
2026-10-03T05:41:24.1937992Z gradle/actions: Writing build results to /home/runner/work/_temp/.gradle-actions/build-results/__run_5-1791004787215.json
2026-10-03T05:41:24.1950549Z 
2026-10-03T05:41:24.1950858Z BUILD SUCCESSFUL in 21m 44s
2026-10-03T05:41:24.1951525Z 89 actionable tasks: 89 executed
2026-10-03T05:41:24.5343723Z ##[group]Run actions/upload-artifact@v4
2026-10-03T05:41:24.5344077Z with:
2026-10-03T05:41:24.5344316Z   name: jarvis-verification-test-apk
2026-10-03T05:41:24.5344687Z   path: app/build/outputs/apk/androidTest/release/*.apk
2026-10-03T05:41:24.5345058Z   if-no-files-found: error
2026-10-03T05:41:24.5345325Z   compression-level: 6
2026-10-03T05:41:24.5345564Z   overwrite: false
2026-10-03T05:41:24.5345816Z   include-hidden-files: false
2026-10-03T05:41:24.5346082Z env:
2026-10-03T05:41:24.5346418Z   JAVA_HOME: /opt/hostedtoolcache/Java_Temurin-Hotspot_jdk/21.0.12-1/x64
2026-10-03T05:41:24.5346963Z   JAVA_HOME_21_X64: /opt/hostedtoolcache/Java_Temurin-Hotspot_jdk/21.0.12-1/x64
2026-10-03T05:41:24.5347423Z   GRADLE_ACTION_ID: gradle/actions/setup-gradle
2026-10-03T05:41:24.5347764Z   GRADLE_USER_HOME: /home/runner/.gradle
2026-10-03T05:41:24.5348089Z   GRADLE_BUILD_ACTION_SETUP_COMPLETED: true
2026-10-03T05:41:24.5348414Z   GRADLE_BUILD_ACTION_CACHE_RESTORED: true
2026-10-03T05:41:24.5348926Z   DEVELOCITY_INJECTION_INIT_SCRIPT_NAME: gradle-actions.inject-develocity.init.gradle
2026-10-03T05:41:24.5349703Z   DEVELOCITY_INJECTION_CUSTOM_VALUE: gradle-actions
2026-10-03T05:41:24.5350079Z   GITHUB_DEPENDENCY_GRAPH_ENABLED: false
2026-10-03T05:41:24.5350373Z ##[endgroup]
2026-10-03T05:41:24.7083901Z (node:7093) [DEP0040] DeprecationWarning: The `punycode` module is deprecated. Please use a userland alternative instead.
2026-10-03T05:41:24.7084706Z (Use `node --trace-deprecation ...` to show where the warning was created)
2026-10-03T05:41:24.7151160Z With the provided path, there will be 1 file uploaded
2026-10-03T05:41:24.7157513Z Artifact name is valid!
2026-10-03T05:41:24.7158768Z Root directory input is valid!
2026-10-03T05:41:24.9191264Z Beginning upload of artifact content to blob storage
2026-10-03T05:41:24.9818216Z (node:7093) [DEP0169] DeprecationWarning: `url.parse()` behavior is not standardized and prone to errors that have security implications. Use the WHATWG URL API instead. CVEs are not issued for `url.parse()` vulnerabilities.
2026-10-03T05:41:25.0558223Z Uploaded bytes 439953
2026-10-03T05:41:25.0748689Z Finished uploading artifact content to blob storage!
2026-10-03T05:41:25.0750467Z SHA256 digest of uploaded artifact zip is 994f0992eab795858c04e72530e0bcc7bb99da732d31eb59ad97c6f20f5e22cc
2026-10-03T05:41:25.0752561Z Finalizing artifact upload
2026-10-03T05:41:25.2761241Z Artifact jarvis-verification-test-apk.zip successfully finalized. Artifact ID 11265409867
2026-10-03T05:41:25.2762363Z Artifact jarvis-verification-test-apk has been successfully uploaded! Final size is 439953 bytes. Artifact ID is 11265409867
2026-10-03T05:41:25.2768450Z Artifact download URL: https://github.com/battlesbudz/Jarvis-OS-V2/actions/runs/37099349277/artifacts/11265409867
2026-10-03T05:41:25.2910264Z ##[group]Run actions/upload-artifact@v4
2026-10-03T05:41:25.2910622Z with:
2026-10-03T05:41:25.2910985Z   name: ***-unit-tests
2026-10-03T05:41:25.2911491Z   path: app/build/test-results/testReleaseUnitTest/
app/build/reports/tests/testReleaseUnitTest/

2026-10-03T05:41:25.2912055Z   if-no-files-found: warn
2026-10-03T05:41:25.2912326Z   compression-level: 6
2026-10-03T05:41:25.2912573Z   overwrite: false
2026-10-03T05:41:25.2912822Z   include-hidden-files: false
2026-10-03T05:41:25.2913090Z env:
2026-10-03T05:41:25.2913423Z   JAVA_HOME: /opt/hostedtoolcache/Java_Temurin-Hotspot_jdk/21.0.12-1/x64
2026-10-03T05:41:25.2913979Z   JAVA_HOME_21_X64: /opt/hostedtoolcache/Java_Temurin-Hotspot_jdk/21.0.12-1/x64
2026-10-03T05:41:25.2914448Z   GRADLE_ACTION_ID: gradle/actions/setup-gradle
2026-10-03T05:41:25.2914788Z   GRADLE_USER_HOME: /home/runner/.gradle
2026-10-03T05:41:25.2915112Z   GRADLE_BUILD_ACTION_SETUP_COMPLETED: true
2026-10-03T05:41:25.2915481Z   GRADLE_BUILD_ACTION_CACHE_RESTORED: true
2026-10-03T05:41:25.2915960Z   DEVELOCITY_INJECTION_INIT_SCRIPT_NAME: gradle-actions.inject-develocity.init.gradle
2026-10-03T05:41:25.2916475Z   DEVELOCITY_INJECTION_CUSTOM_VALUE: gradle-actions
2026-10-03T05:41:25.2916827Z   GITHUB_DEPENDENCY_GRAPH_ENABLED: false
2026-10-03T05:41:25.2917132Z ##[endgroup]
2026-10-03T05:41:25.4675443Z (node:7105) [DEP0040] DeprecationWarning: The `punycode` module is deprecated. Please use a userland alternative instead.
2026-10-03T05:41:25.4676429Z (Use `node --trace-deprecation ...` to show where the warning was created)
2026-10-03T05:41:25.5236216Z Multiple search paths detected. Calculating the least common ancestor of all paths
2026-10-03T05:41:25.5238928Z The least common ancestor is /home/runner/work/Jarvis-OS-V2/Jarvis-OS-V2/app/build. This will be the root directory of the artifact
2026-10-03T05:41:25.5240453Z With the provided path, there will be 316 files uploaded
2026-10-03T05:41:25.5246771Z Artifact name is valid!
2026-10-03T05:41:25.5247322Z Root directory input is valid!
2026-10-03T05:41:25.7456737Z Beginning upload of artifact content to blob storage
2026-10-03T05:41:25.9991896Z (node:7105) [DEP0169] DeprecationWarning: `url.parse()` behavior is not standardized and prone to errors that have security implications. Use the WHATWG URL API instead. CVEs are not issued for `url.parse()` vulnerabilities.
2026-10-03T05:41:26.0678877Z Uploaded bytes 342540
2026-10-03T05:41:26.0858686Z Finished uploading artifact content to blob storage!
2026-10-03T05:41:26.0860009Z SHA256 digest of uploaded artifact zip is d4af00343b7cbb0d855c642266f87e323b94ea4d1952d90792458655194d8b9a
2026-10-03T05:41:26.0862179Z Finalizing artifact upload
2026-10-03T05:41:26.2802316Z Artifact ***-unit-tests.zip successfully finalized. Artifact ID 11265429948
2026-10-03T05:41:26.2803997Z Artifact ***-unit-tests has been successfully uploaded! Final size is 342540 bytes. Artifact ID is 11265429948
2026-10-03T05:41:26.2810119Z Artifact download URL: https://github.com/battlesbudz/Jarvis-OS-V2/actions/runs/37099349277/artifacts/11265429948
2026-10-03T05:41:26.3012279Z ##[group]Run python3 scripts/apk_size_report.py app/build/outputs/apk/release/app-release.apk --output artifact/size --baseline docs/measurements/build-705-apk-size.json
2026-10-03T05:41:26.3014539Z [36;1mpython3 scripts/apk_size_report.py app/build/outputs/apk/release/app-release.apk --output artifact/size --baseline docs/measurements/build-705-apk-size.json[0m
2026-10-03T05:41:26.3016209Z [36;1mcat artifact/size/apk-size.md >> "$GITHUB_STEP_SUMMARY"[0m
2026-10-03T05:41:26.3084019Z shell: /usr/bin/bash -e {0}
2026-10-03T05:41:26.3084322Z env:
2026-10-03T05:41:26.3084686Z   JAVA_HOME: /opt/hostedtoolcache/Java_Temurin-Hotspot_jdk/21.0.12-1/x64
2026-10-03T05:41:26.3085257Z   JAVA_HOME_21_X64: /opt/hostedtoolcache/Java_Temurin-Hotspot_jdk/21.0.12-1/x64
2026-10-03T05:41:26.3085749Z   GRADLE_ACTION_ID: gradle/actions/setup-gradle
2026-10-03T05:41:26.3086109Z   GRADLE_USER_HOME: /home/runner/.gradle
2026-10-03T05:41:26.3086443Z   GRADLE_BUILD_ACTION_SETUP_COMPLETED: true
2026-10-03T05:41:26.3086817Z   GRADLE_BUILD_ACTION_CACHE_RESTORED: true
2026-10-03T05:41:26.3087312Z   DEVELOCITY_INJECTION_INIT_SCRIPT_NAME: gradle-actions.inject-develocity.init.gradle
2026-10-03T05:41:26.3087843Z   DEVELOCITY_INJECTION_CUSTOM_VALUE: gradle-actions
2026-10-03T05:41:26.3088212Z   GITHUB_DEPENDENCY_GRAPH_ENABLED: false
2026-10-03T05:41:26.3088525Z ##[endgroup]
2026-10-03T05:41:26.3535126Z # APK size report
2026-10-03T05:41:26.3535461Z 
2026-10-03T05:41:26.3537099Z APK: 83,640,805 bytes (83.64 MB).
2026-10-03T05:41:26.3538004Z MB uses 1,000,000 bytes. ZIP bytes measure the download; uncompressed payload is not total installed storage.
2026-10-03T05:41:26.3538607Z 
2026-10-03T05:41:26.3538813Z Change from baseline: +10,404,486 bytes (+10.40 MB).
2026-10-03T05:41:26.3539129Z 
2026-10-03T05:41:26.3539552Z | Component | ZIP bytes | Uncompressed bytes |
2026-10-03T05:41:26.3540258Z | --- | ---: | ---: |
2026-10-03T05:41:26.3540719Z | lib | 66,420,072 | 66,420,072 |
2026-10-03T05:41:26.3541231Z | dex | 10,432,348 | 10,432,348 |
2026-10-03T05:41:26.3541551Z | org | 4,250,182 | 8,490,822 |
2026-10-03T05:41:26.3541859Z | assets | 2,261,959 | 5,469,208 |
2026-10-03T05:41:26.3542175Z | metadata | 95,999 | 110,210 |
2026-10-03T05:41:26.3542494Z | kotlin | 12,342 | 53,381 |
2026-10-03T05:41:26.3542788Z | META-INF | 5,597 | 11,063 |
2026-10-03T05:41:26.3543074Z | res | 1,084 | 2,364 |
2026-10-03T05:41:26.3543237Z 
2026-10-03T05:41:26.3543351Z ## Largest entries
2026-10-03T05:41:26.3543546Z 
2026-10-03T05:41:26.3543715Z | Entry | ZIP bytes | Storage | Delta from baseline |
2026-10-03T05:41:26.3544091Z | --- | ---: | --- | ---: |
2026-10-03T05:41:26.3544462Z | lib/arm64-v8a/libonnxruntime.so | 21,684,872 | stored | +0 |
2026-10-03T05:41:26.3544985Z | lib/arm64-v8a/liblitertlm_jni.so | 21,529,640 | stored | +6,862,216 |
2026-10-03T05:41:26.3545489Z | lib/arm64-v8a/libmoonshine.so | 11,112,456 | stored | +0 |
2026-10-03T05:41:26.3545912Z | classes.dex | 10,432,348 | stored | +6,489,348 |
2026-10-03T05:41:26.3546347Z | lib/arm64-v8a/libms_ort_1232.so | 6,291,928 | stored | +0 |
2026-10-03T05:41:26.3546856Z | lib/arm64-v8a/libsherpa-onnx-jni.so | 3,594,000 | stored | -939,912 |
2026-10-03T05:41:26.3547527Z | org/bouncycastle/pqc/crypto/picnic/lowmc.properties | 1,570,443 | compressed | +1,570,443 |
2026-10-03T05:41:26.3548145Z | lib/arm64-v8a/libc++_shared.so | 1,292,904 | stored | +0 |
2026-10-03T05:41:26.3548716Z | org/bouncycastle/pqc/crypto/sike/p751.properties | 1,107,749 | compressed | +1,107,749 |
2026-10-03T05:41:26.3549317Z | lib/arm64-v8a/libmicrowakeword.so | 799,656 | stored | +0 |
2026-10-03T05:41:26.3550031Z | org/bouncycastle/pqc/crypto/sike/p610.properties | 645,762 | compressed | +645,762 |
2026-10-03T05:41:26.3550598Z | assets/voice/silero_vad.onnx | 508,088 | compressed | +0 |
2026-10-03T05:41:26.3551125Z | org/bouncycastle/pqc/crypto/sike/p503.properties | 437,407 | compressed | +437,407 |
2026-10-03T05:41:26.3551732Z | org/bouncycastle/pqc/crypto/sike/p434.properties | 376,709 | compressed | +376,709 |
2026-10-03T05:41:26.3552720Z | assets/com/tom_roush/pdfbox/resources/ttf/LiberationSans-Regular.ttf | 210,865 | compressed | +210,865 |
2026-10-03T05:41:26.3553501Z | assets/com/tom_roush/fontbox/resources/cmap/UniCNS-UCS2-H | 111,812 | compressed | +111,812 |
2026-10-03T05:41:26.3554227Z | lib/arm64-v8a/libmoonshine-jni.so | 104,520 | stored | +0 |
2026-10-03T05:41:26.3554810Z | assets/com/tom_roush/fontbox/resources/cmap/Adobe-Japan1-UCS2 | 98,471 | compressed | +98,471 |
2026-10-03T05:41:26.3555500Z | assets/com/tom_roush/fontbox/resources/cmap/UniGB-UCS2-H | 95,548 | compressed | +95,548 |
2026-10-03T05:41:26.3556173Z | assets/com/tom_roush/fontbox/resources/cmap/UniCNS-UTF16-H | 94,957 | compressed | +94,957 |
2026-10-03T05:41:26.3556571Z 
2026-10-03T05:41:26.3659651Z ##[group]Run actions/upload-artifact@v4
2026-10-03T05:41:26.3660137Z with:
2026-10-03T05:41:26.3660399Z   name: jarvis-os-v2-apk-size
2026-10-03T05:41:26.3660705Z   path: artifact/size/
2026-10-03T05:41:26.3660983Z   if-no-files-found: error
2026-10-03T05:41:26.3661263Z   compression-level: 6
2026-10-03T05:41:26.3661519Z   overwrite: false
2026-10-03T05:41:26.3661775Z   include-hidden-files: false
2026-10-03T05:41:26.3662053Z env:
2026-10-03T05:41:26.3662400Z   JAVA_HOME: /opt/hostedtoolcache/Java_Temurin-Hotspot_jdk/21.0.12-1/x64
2026-10-03T05:41:26.3662964Z   JAVA_HOME_21_X64: /opt/hostedtoolcache/Java_Temurin-Hotspot_jdk/21.0.12-1/x64
2026-10-03T05:41:26.3663438Z   GRADLE_ACTION_ID: gradle/actions/setup-gradle
2026-10-03T05:41:26.3663791Z   GRADLE_USER_HOME: /home/runner/.gradle
2026-10-03T05:41:26.3664119Z   GRADLE_BUILD_ACTION_SETUP_COMPLETED: true
2026-10-03T05:41:26.3664460Z   GRADLE_BUILD_ACTION_CACHE_RESTORED: true
2026-10-03T05:41:26.3664979Z   DEVELOCITY_INJECTION_INIT_SCRIPT_NAME: gradle-actions.inject-develocity.init.gradle
2026-10-03T05:41:26.3665510Z   DEVELOCITY_INJECTION_CUSTOM_VALUE: gradle-actions
2026-10-03T05:41:26.3665873Z   GITHUB_DEPENDENCY_GRAPH_ENABLED: false
2026-10-03T05:41:26.3666177Z ##[endgroup]
2026-10-03T05:41:26.5353297Z (node:7124) [DEP0040] DeprecationWarning: The `punycode` module is deprecated. Please use a userland alternative instead.
2026-10-03T05:41:26.5354097Z (Use `node --trace-deprecation ...` to show where the warning was created)
2026-10-03T05:41:26.5423895Z With the provided path, there will be 2 files uploaded
2026-10-03T05:41:26.5429558Z Artifact name is valid!
2026-10-03T05:41:26.5430419Z Root directory input is valid!
2026-10-03T05:41:26.7598934Z Beginning upload of artifact content to blob storage
2026-10-03T05:41:26.7836493Z (node:7124) [DEP0169] DeprecationWarning: `url.parse()` behavior is not standardized and prone to errors that have security implications. Use the WHATWG URL API instead. CVEs are not issued for `url.parse()` vulnerabilities.
2026-10-03T05:41:26.8251470Z Uploaded bytes 6722
2026-10-03T05:41:26.8430306Z Finished uploading artifact content to blob storage!
2026-10-03T05:41:26.8431766Z SHA256 digest of uploaded artifact zip is 1c74916442e56f3012700b459337464974586478568c9051d27f63b689fb7599
2026-10-03T05:41:26.8433764Z Finalizing artifact upload
2026-10-03T05:41:27.0458631Z Artifact jarvis-os-v2-apk-size.zip successfully finalized. Artifact ID 11266415352
2026-10-03T05:41:27.0460265Z Artifact jarvis-os-v2-apk-size has been successfully uploaded! Final size is 6722 bytes. Artifact ID is 11266415352
2026-10-03T05:41:27.0466591Z Artifact download URL: https://github.com/battlesbudz/Jarvis-OS-V2/actions/runs/37099349277/artifacts/11266415352
2026-10-03T05:41:27.0595985Z ##[group]Run python3 scripts/check_asr_apk.py app/build/outputs/apk/release/app-release.apk
2026-10-03T05:41:27.0596746Z [36;1mpython3 scripts/check_asr_apk.py app/build/outputs/apk/release/app-release.apk[0m
2026-10-03T05:41:27.0660835Z shell: /usr/bin/bash -e {0}
2026-10-03T05:41:27.0661146Z env:
2026-10-03T05:41:27.0661510Z   JAVA_HOME: /opt/hostedtoolcache/Java_Temurin-Hotspot_jdk/21.0.12-1/x64
2026-10-03T05:41:27.0662088Z   JAVA_HOME_21_X64: /opt/hostedtoolcache/Java_Temurin-Hotspot_jdk/21.0.12-1/x64
2026-10-03T05:41:27.0662584Z   GRADLE_ACTION_ID: gradle/actions/setup-gradle
2026-10-03T05:41:27.0662946Z   GRADLE_USER_HOME: /home/runner/.gradle
2026-10-03T05:41:27.0663289Z   GRADLE_BUILD_ACTION_SETUP_COMPLETED: true
2026-10-03T05:41:27.0663657Z   GRADLE_BUILD_ACTION_CACHE_RESTORED: true
2026-10-03T05:41:27.0664373Z   DEVELOCITY_INJECTION_INIT_SCRIPT_NAME: gradle-actions.inject-develocity.init.gradle
2026-10-03T05:41:27.0664938Z   DEVELOCITY_INJECTION_CUSTOM_VALUE: gradle-actions
2026-10-03T05:41:27.0665313Z   GITHUB_DEPENDENCY_GRAPH_ENABLED: false
2026-10-03T05:41:27.0665632Z ##[endgroup]
2026-10-03T05:41:27.2774616Z ASR APK native dependency/version checks passed (separate matching ONNX runtimes).
2026-10-03T05:41:27.2890931Z ##[group]Run python3 scripts/check_tts_callback.py app/build/outputs/apk/release/app-release.apk
2026-10-03T05:41:27.2891764Z [36;1mpython3 scripts/check_tts_callback.py app/build/outputs/apk/release/app-release.apk[0m
2026-10-03T05:41:27.2954370Z shell: /usr/bin/bash -e {0}
2026-10-03T05:41:27.2954670Z env:
2026-10-03T05:41:27.2955040Z   JAVA_HOME: /opt/hostedtoolcache/Java_Temurin-Hotspot_jdk/21.0.12-1/x64
2026-10-03T05:41:27.2955624Z   JAVA_HOME_21_X64: /opt/hostedtoolcache/Java_Temurin-Hotspot_jdk/21.0.12-1/x64
2026-10-03T05:41:27.2956131Z   GRADLE_ACTION_ID: gradle/actions/setup-gradle
2026-10-03T05:41:27.2956529Z   GRADLE_USER_HOME: /home/runner/.gradle
2026-10-03T05:41:27.2956865Z   GRADLE_BUILD_ACTION_SETUP_COMPLETED: true
2026-10-03T05:41:27.2957211Z   GRADLE_BUILD_ACTION_CACHE_RESTORED: true
2026-10-03T05:41:27.2957714Z   DEVELOCITY_INJECTION_INIT_SCRIPT_NAME: gradle-actions.inject-develocity.init.gradle
2026-10-03T05:41:27.2958275Z   DEVELOCITY_INJECTION_CUSTOM_VALUE: gradle-actions
2026-10-03T05:41:27.2958643Z   GITHUB_DEPENDENCY_GRAPH_ENABLED: false
2026-10-03T05:41:27.2958953Z ##[endgroup]
2026-10-03T05:41:27.4012558Z Piper boxed callback ABI and retired-asset removal verified in APK.
2026-10-03T05:41:27.4104759Z ##[group]Run APK="app/build/outputs/apk/release/app-release.apk"
2026-10-03T05:41:27.4105336Z [36;1mAPK="app/build/outputs/apk/release/app-release.apk"[0m
2026-10-03T05:41:27.4105735Z [36;1mtest -s "$APK"[0m
2026-10-03T05:41:27.4106070Z [36;1mSDK_BUILD_TOOLS="${ANDROID_HOME}/build-tools"[0m
2026-10-03T05:41:27.4106632Z [36;1mAPKSIGNER="$(find "$SDK_BUILD_TOOLS" -type f -name apksigner | sort -V | tail -n 1)"[0m
2026-10-03T05:41:27.4107156Z [36;1mtest -x "$APKSIGNER"[0m
2026-10-03T05:41:27.4107499Z [36;1m"$APKSIGNER" verify --verbose "$APK"[0m
2026-10-03T05:41:27.4170385Z shell: /usr/bin/bash -e {0}
2026-10-03T05:41:27.4170711Z env:
2026-10-03T05:41:27.4171079Z   JAVA_HOME: /opt/hostedtoolcache/Java_Temurin-Hotspot_jdk/21.0.12-1/x64
2026-10-03T05:41:27.4171659Z   JAVA_HOME_21_X64: /opt/hostedtoolcache/Java_Temurin-Hotspot_jdk/21.0.12-1/x64
2026-10-03T05:41:27.4172147Z   GRADLE_ACTION_ID: gradle/actions/setup-gradle
2026-10-03T05:41:27.4172538Z   GRADLE_USER_HOME: /home/runner/.gradle
2026-10-03T05:41:27.4172878Z   GRADLE_BUILD_ACTION_SETUP_COMPLETED: true
2026-10-03T05:41:27.4173224Z   GRADLE_BUILD_ACTION_CACHE_RESTORED: true
2026-10-03T05:41:27.4173717Z   DEVELOCITY_INJECTION_INIT_SCRIPT_NAME: gradle-actions.inject-develocity.init.gradle
2026-10-03T05:41:27.4174258Z   DEVELOCITY_INJECTION_CUSTOM_VALUE: gradle-actions
2026-10-03T05:41:27.4174637Z   GITHUB_DEPENDENCY_GRAPH_ENABLED: false
2026-10-03T05:41:27.4174948Z ##[endgroup]
2026-10-03T05:41:28.3759196Z Verifies
2026-10-03T05:41:28.3760189Z Verified using v1 scheme (JAR signing): false
2026-10-03T05:41:28.3761215Z Verified using v2 scheme (APK Signature Scheme v2): true
2026-10-03T05:41:28.3762379Z Verified using v3 scheme (APK Signature Scheme v3): false
2026-10-03T05:41:28.3763511Z Verified using v3.1 scheme (APK Signature Scheme v3.1): false
2026-10-03T05:41:28.3764824Z Verified using v3.2 scheme (APK Signature Scheme v3.2): false
2026-10-03T05:41:28.3766174Z Verified using v4 scheme (APK Signature Scheme v4): false
2026-10-03T05:41:28.3767266Z Verified for SourceStamp: false
2026-10-03T05:41:28.3768060Z Number of signers: 1
2026-10-03T05:41:28.3905207Z ##[group]Run actions/upload-artifact@v4
2026-10-03T05:41:28.3905600Z with:
2026-10-03T05:41:28.3905868Z   name: jarvis-os-v2-release-r8-reports
2026-10-03T05:41:28.3906234Z   path: app/build/outputs/mapping/release/
2026-10-03T05:41:28.3906779Z   if-no-files-found: error
2026-10-03T05:41:28.3907066Z   compression-level: 6
2026-10-03T05:41:28.3907331Z   overwrite: false
2026-10-03T05:41:28.3907594Z   include-hidden-files: false
2026-10-03T05:41:28.3907874Z env:
2026-10-03T05:41:28.3908220Z   JAVA_HOME: /opt/hostedtoolcache/Java_Temurin-Hotspot_jdk/21.0.12-1/x64
2026-10-03T05:41:28.3908783Z   JAVA_HOME_21_X64: /opt/hostedtoolcache/Java_Temurin-Hotspot_jdk/21.0.12-1/x64
2026-10-03T05:41:28.3909265Z   GRADLE_ACTION_ID: gradle/actions/setup-gradle
2026-10-03T05:41:28.3909983Z   GRADLE_USER_HOME: /home/runner/.gradle
2026-10-03T05:41:28.3910347Z   GRADLE_BUILD_ACTION_SETUP_COMPLETED: true
2026-10-03T05:41:28.3910697Z   GRADLE_BUILD_ACTION_CACHE_RESTORED: true
2026-10-03T05:41:28.3911219Z   DEVELOCITY_INJECTION_INIT_SCRIPT_NAME: gradle-actions.inject-develocity.init.gradle
2026-10-03T05:41:28.3911759Z   DEVELOCITY_INJECTION_CUSTOM_VALUE: gradle-actions
2026-10-03T05:41:28.3912122Z   GITHUB_DEPENDENCY_GRAPH_ENABLED: false
2026-10-03T05:41:28.3912448Z ##[endgroup]
2026-10-03T05:41:28.5598587Z (node:7182) [DEP0040] DeprecationWarning: The `punycode` module is deprecated. Please use a userland alternative instead.
2026-10-03T05:41:28.5600096Z (Use `node --trace-deprecation ...` to show where the warning was created)
2026-10-03T05:41:28.5661399Z With the provided path, there will be 2 files uploaded
2026-10-03T05:41:28.5668242Z Artifact name is valid!
2026-10-03T05:41:28.5668945Z Root directory input is valid!
2026-10-03T05:41:28.7674520Z Beginning upload of artifact content to blob storage
2026-10-03T05:41:29.3896829Z (node:7182) [DEP0169] DeprecationWarning: `url.parse()` behavior is not standardized and prone to errors that have security implications. Use the WHATWG URL API instead. CVEs are not issued for `url.parse()` vulnerabilities.
2026-10-03T05:41:29.5471177Z Uploaded bytes 3816966
2026-10-03T05:41:29.5651564Z Finished uploading artifact content to blob storage!
2026-10-03T05:41:29.5652801Z SHA256 digest of uploaded artifact zip is 3afd3d6e6a6f1749ccc574f76715285bb8b93d891c857eb6b0c8afb2c0f37be9
2026-10-03T05:41:29.5654577Z Finalizing artifact upload
2026-10-03T05:41:29.7950965Z Artifact jarvis-os-v2-release-r8-reports.zip successfully finalized. Artifact ID 11265704456
2026-10-03T05:41:29.7951917Z Artifact jarvis-os-v2-release-r8-reports has been successfully uploaded! Final size is 3816966 bytes. Artifact ID is 11265704456
2026-10-03T05:41:29.7955959Z Artifact download URL: https://github.com/battlesbudz/Jarvis-OS-V2/actions/runs/37099349277/artifacts/11265704456
2026-10-03T05:41:29.8125767Z ##[group]Run mkdir -p artifact
2026-10-03T05:41:29.8126140Z [36;1mmkdir -p artifact[0m
2026-10-03T05:41:29.8126609Z [36;1mcp app/build/outputs/apk/release/app-release.apk artifact/app-release.apk[0m
2026-10-03T05:41:29.8190227Z shell: /usr/bin/bash -e {0}
2026-10-03T05:41:29.8190538Z env:
2026-10-03T05:41:29.8190900Z   JAVA_HOME: /opt/hostedtoolcache/Java_Temurin-Hotspot_jdk/21.0.12-1/x64
2026-10-03T05:41:29.8191475Z   JAVA_HOME_21_X64: /opt/hostedtoolcache/Java_Temurin-Hotspot_jdk/21.0.12-1/x64
2026-10-03T05:41:29.8191985Z   GRADLE_ACTION_ID: gradle/actions/setup-gradle
2026-10-03T05:41:29.8192360Z   GRADLE_USER_HOME: /home/runner/.gradle
2026-10-03T05:41:29.8192705Z   GRADLE_BUILD_ACTION_SETUP_COMPLETED: true
2026-10-03T05:41:29.8193058Z   GRADLE_BUILD_ACTION_CACHE_RESTORED: true
2026-10-03T05:41:29.8193561Z   DEVELOCITY_INJECTION_INIT_SCRIPT_NAME: gradle-actions.inject-develocity.init.gradle
2026-10-03T05:41:29.8194100Z   DEVELOCITY_INJECTION_CUSTOM_VALUE: gradle-actions
2026-10-03T05:41:29.8194497Z   GITHUB_DEPENDENCY_GRAPH_ENABLED: false
2026-10-03T05:41:29.8194816Z ##[endgroup]
2026-10-03T05:41:29.8580350Z ##[group]Run gradle --no-daemon -PcompactApk=true assembleRelease
2026-10-03T05:41:29.8580979Z [36;1mgradle --no-daemon -PcompactApk=true assembleRelease[0m
2026-10-03T05:41:29.8581562Z [36;1mcp app/build/outputs/apk/release/app-release.apk artifact/app-compact.apk[0m
2026-10-03T05:41:29.8582320Z [36;1mpython3 scripts/check_compact_apk.py artifact/app-release.apk artifact/app-compact.apk[0m
2026-10-03T05:41:29.8583148Z [36;1mpython3 scripts/check_asr_apk.py artifact/app-compact.apk[0m
2026-10-03T05:41:29.8583686Z [36;1mpython3 scripts/check_tts_callback.py artifact/app-compact.apk[0m
2026-10-03T05:41:29.8584346Z [36;1mAPKSIGNER="$(find "${ANDROID_HOME}/build-tools" -type f -name apksigner | sort -V | tail -n 1)"[0m
2026-10-03T05:41:29.8584982Z [36;1m"$APKSIGNER" verify --verbose artifact/app-compact.apk[0m
2026-10-03T05:41:29.8585832Z [36;1mpython3 scripts/apk_size_report.py artifact/app-compact.apk --output artifact/compact-size --baseline docs/measurements/build-705-apk-size.json[0m
2026-10-03T05:41:29.8586674Z [36;1mcat artifact/compact-size/apk-size.md >> "$GITHUB_STEP_SUMMARY"[0m
2026-10-03T05:41:29.8650231Z shell: /usr/bin/bash -e {0}
2026-10-03T05:41:29.8650551Z env:
2026-10-03T05:41:29.8650925Z   JAVA_HOME: /opt/hostedtoolcache/Java_Temurin-Hotspot_jdk/21.0.12-1/x64
2026-10-03T05:41:29.8651505Z   JAVA_HOME_21_X64: /opt/hostedtoolcache/Java_Temurin-Hotspot_jdk/21.0.12-1/x64
2026-10-03T05:41:29.8652021Z   GRADLE_ACTION_ID: gradle/actions/setup-gradle
2026-10-03T05:41:29.8652396Z   GRADLE_USER_HOME: /home/runner/.gradle
2026-10-03T05:41:29.8652757Z   GRADLE_BUILD_ACTION_SETUP_COMPLETED: true
2026-10-03T05:41:29.8653127Z   GRADLE_BUILD_ACTION_CACHE_RESTORED: true
2026-10-03T05:41:29.8653657Z   DEVELOCITY_INJECTION_INIT_SCRIPT_NAME: gradle-actions.inject-develocity.init.gradle
2026-10-03T05:41:29.8654215Z   DEVELOCITY_INJECTION_CUSTOM_VALUE: gradle-actions
2026-10-03T05:41:29.8654606Z   GITHUB_DEPENDENCY_GRAPH_ENABLED: false
2026-10-03T05:41:29.8655141Z   ANDROID_KEYSTORE_PATH: /home/runner/work/_temp/***.keystore
2026-10-03T05:41:29.8655712Z   ANDROID_KEYSTORE_PASSWORD: ***
2026-10-03T05:41:29.8656273Z   ANDROID_KEY_ALIAS: ***
2026-10-03T05:41:29.8656952Z   ANDROID_KEY_PASSWORD: ***
2026-10-03T05:41:29.8657412Z   ANDROID_VERSION_CODE: 913
2026-10-03T05:41:29.8668890Z   ANDROID_VERSION_NAME: 0.1.0-build.913
2026-10-03T05:41:29.8669287Z ##[endgroup]
2026-10-03T05:41:30.5081892Z To honour the JVM settings for this build a single-use Daemon process will be forked. For more on this, please refer to https://docs.gradle.org/8.10.2/userguide/gradle_daemon.html#sec:disabling_the_daemon in the Gradle documentation.
2026-10-03T05:41:31.7048843Z Daemon will be stopped at the end of the build 
2026-10-03T05:41:41.2137348Z > Task :app:extractMoonshine UP-TO-DATE
2026-10-03T05:41:41.2140237Z > Task :app:extractSherpa UP-TO-DATE
2026-10-03T05:41:41.2141005Z > Task :app:buildKotlinToolingMetadata UP-TO-DATE
2026-10-03T05:41:41.2162301Z > Task :app:checkKotlinGradlePluginConfigurationErrors SKIPPED
2026-10-03T05:41:41.2200823Z > Task :app:buildSherpa UP-TO-DATE
2026-10-03T05:41:41.2270022Z > Task :app:preBuild UP-TO-DATE
2026-10-03T05:41:41.2323586Z > Task :app:preReleaseBuild UP-TO-DATE
2026-10-03T05:41:41.2350190Z > Task :app:generateReleaseBuildConfig UP-TO-DATE
2026-10-03T05:41:41.7052849Z > Task :app:checkReleaseAarMetadata UP-TO-DATE
2026-10-03T05:41:41.7082156Z > Task :app:generateReleaseResValues UP-TO-DATE
2026-10-03T05:41:41.8054528Z > Task :app:mapReleaseSourceSetPaths UP-TO-DATE
2026-10-03T05:41:41.8062198Z > Task :app:generateReleaseResources UP-TO-DATE
2026-10-03T05:41:41.9073023Z > Task :app:mergeReleaseResources UP-TO-DATE
2026-10-03T05:41:41.9088415Z > Task :app:packageReleaseResources UP-TO-DATE
2026-10-03T05:41:41.9090427Z > Task :app:parseReleaseLocalResources UP-TO-DATE
2026-10-03T05:41:41.9091617Z > Task :app:createReleaseCompatibleScreenManifests UP-TO-DATE
2026-10-03T05:41:41.9092761Z > Task :app:extractDeepLinksRelease UP-TO-DATE
2026-10-03T05:41:42.2054841Z > Task :app:processReleaseMainManifest
2026-10-03T05:41:42.3054957Z > Task :app:processReleaseManifest
2026-10-03T05:41:42.3056198Z > Task :app:javaPreCompileRelease UP-TO-DATE
2026-10-03T05:41:42.3057138Z > Task :app:extractProguardFiles UP-TO-DATE
2026-10-03T05:41:42.6048702Z > Task :app:configureCMakeRelWithDebInfo[arm64-v8a]
2026-10-03T05:41:42.7081590Z > Task :app:buildCMakeRelWithDebInfo[arm64-v8a]
2026-10-03T05:41:42.7104448Z > Task :app:mergeReleaseJniLibFolders UP-TO-DATE
2026-10-03T05:41:42.7105477Z > Task :app:mergeReleaseNativeLibs UP-TO-DATE
2026-10-03T05:41:42.7106535Z > Task :app:stripReleaseDebugSymbols UP-TO-DATE
2026-10-03T05:41:42.8051835Z > Task :app:extractReleaseNativeSymbolTables UP-TO-DATE
2026-10-03T05:41:42.8080615Z > Task :app:mergeReleaseNativeDebugMetadata UP-TO-DATE
2026-10-03T05:41:42.9072660Z > Task :app:checkReleaseDuplicateClasses UP-TO-DATE
2026-10-03T05:41:42.9088953Z > Task :app:mergeReleaseArtProfile UP-TO-DATE
2026-10-03T05:41:42.9090525Z > Task :app:mergeReleaseStartupProfile UP-TO-DATE
2026-10-03T05:41:42.9091660Z > Task :app:mergeReleaseShaders UP-TO-DATE
2026-10-03T05:41:42.9092606Z > Task :app:compileReleaseShaders NO-SOURCE
2026-10-03T05:41:42.9093543Z > Task :app:generateReleaseAssets UP-TO-DATE
2026-10-03T05:41:43.0069709Z > Task :app:mergeReleaseAssets UP-TO-DATE
2026-10-03T05:41:43.0070531Z > Task :app:compressReleaseAssets UP-TO-DATE
2026-10-03T05:41:43.0071509Z > Task :app:extractReleaseVersionControlInfo UP-TO-DATE
2026-10-03T05:41:43.0072282Z > Task :app:collectReleaseDependencies UP-TO-DATE
2026-10-03T05:41:43.0073066Z > Task :app:sdkReleaseDependencyData UP-TO-DATE
2026-10-03T05:41:43.0073833Z > Task :app:validateSigningRelease UP-TO-DATE
2026-10-03T05:41:43.0074556Z > Task :app:writeReleaseAppMetadata UP-TO-DATE
2026-10-03T05:41:43.0075376Z > Task :app:writeReleaseSigningConfigVersions UP-TO-DATE
2026-10-03T05:41:43.0076130Z > Task :app:processReleaseManifestForPackage
2026-10-03T05:41:43.5060731Z > Task :app:processReleaseResources
2026-10-03T05:41:43.8065475Z > Task :app:compileReleaseKotlin UP-TO-DATE
2026-10-03T05:41:43.8091126Z > Task :app:compileReleaseJavaWithJavac UP-TO-DATE
2026-10-03T05:41:44.0051458Z > Task :app:generateReleaseLintVitalReportModel
2026-10-03T05:41:44.2060729Z > Task :app:expandReleaseArtProfileWildcards UP-TO-DATE
2026-10-03T05:41:44.2090278Z > Task :app:mergeReleaseGeneratedProguardFiles UP-TO-DATE
2026-10-03T05:41:44.2120154Z > Task :app:processReleaseJavaRes UP-TO-DATE
2026-10-03T05:41:44.3060704Z > Task :app:mergeReleaseJavaResource UP-TO-DATE
2026-10-03T05:41:44.4060570Z > Task :app:minifyReleaseWithR8 UP-TO-DATE
2026-10-03T05:41:44.4090329Z > Task :app:produceReleaseComposeMapping UP-TO-DATE
2026-10-03T05:41:44.4120187Z > Task :app:reportReleaseComposeMappingErrors
2026-10-03T05:41:44.4121001Z > Task :app:mergeReleaseComposeMapping UP-TO-DATE
2026-10-03T05:41:44.4121726Z > Task :app:compileReleaseArtProfile UP-TO-DATE
2026-10-03T05:41:44.5070828Z > Task :app:convertLinkedResourcesToProtoRelease
2026-10-03T05:41:48.5052528Z > Task :app:shrinkReleaseRes
2026-10-03T05:41:48.5080712Z > Task :app:convertShrunkResourcesToBinaryRelease
2026-10-03T05:41:48.6065059Z > Task :app:optimizeReleaseResources
2026-10-03T05:41:51.4049208Z > Task :app:packageRelease
2026-10-03T05:41:51.4070748Z > Task :app:createReleaseApkListingFileRedirect UP-TO-DATE
2026-10-03T05:42:14.0047874Z > Task :app:lintVitalAnalyzeRelease
2026-10-03T05:42:21.9084749Z > Task :app:lintVitalReportRelease UP-TO-DATE
2026-10-03T05:42:21.9111273Z > Task :app:lintVitalRelease
2026-10-03T05:42:21.9135660Z > Task :app:assembleRelease
2026-10-03T05:42:22.0061309Z gradle/actions: Writing build results to /home/runner/work/_temp/.gradle-actions/build-results/__run_11-1791006093558.json
2026-10-03T05:42:22.0077363Z 
2026-10-03T05:42:22.0107973Z BUILD SUCCESSFUL in 52s
2026-10-03T05:42:22.0140424Z 60 actionable tasks: 15 executed, 45 up-to-date
2026-10-03T05:42:22.5698586Z Compact APK preserves identical native, DEX and asset payloads.
2026-10-03T05:42:22.9319862Z ASR APK native dependency/version checks passed (separate matching ONNX runtimes).
2026-10-03T05:42:23.0510896Z Piper boxed callback ABI and retired-asset removal verified in APK.
2026-10-03T05:42:23.3516868Z Verifies
2026-10-03T05:42:23.3517726Z Verified using v1 scheme (JAR signing): false
2026-10-03T05:42:23.3518782Z Verified using v2 scheme (APK Signature Scheme v2): true
2026-10-03T05:42:23.3520740Z Verified using v3 scheme (APK Signature Scheme v3): false
2026-10-03T05:42:23.3521796Z Verified using v3.1 scheme (APK Signature Scheme v3.1): false
2026-10-03T05:42:23.3522867Z Verified using v3.2 scheme (APK Signature Scheme v3.2): false
2026-10-03T05:42:23.3524370Z Verified using v4 scheme (APK Signature Scheme v4): false
2026-10-03T05:42:23.3527363Z Verified for SourceStamp: false
2026-10-03T05:42:23.3527850Z Number of signers: 1
2026-10-03T05:42:23.3939451Z # APK size report
2026-10-03T05:42:23.3940094Z 
2026-10-03T05:42:23.3940277Z APK: 44,589,617 bytes (44.59 MB).
2026-10-03T05:42:23.3941019Z MB uses 1,000,000 bytes. ZIP bytes measure the download; uncompressed payload is not total installed storage.
2026-10-03T05:42:23.3941591Z 
2026-10-03T05:42:23.3941833Z Change from baseline: -28,646,702 bytes (-28.65 MB).
2026-10-03T05:42:23.3942154Z 
2026-10-03T05:42:23.3942331Z | Component | ZIP bytes | Uncompressed bytes |
2026-10-03T05:42:23.3942751Z | --- | ---: | ---: |
2026-10-03T05:42:23.3943086Z | lib | 27,455,214 | 66,420,072 |
2026-10-03T05:42:23.3943437Z | dex | 10,432,348 | 10,432,348 |
2026-10-03T05:42:23.3943786Z | org | 4,250,182 | 8,490,822 |
2026-10-03T05:42:23.3944133Z | assets | 2,261,959 | 5,469,208 |
2026-10-03T05:42:23.3944498Z | metadata | 95,998 | 110,210 |
2026-10-03T05:42:23.3944848Z | kotlin | 12,342 | 53,381 |
2026-10-03T05:42:23.3945188Z | META-INF | 5,597 | 11,063 |
2026-10-03T05:42:23.3945531Z | res | 1,084 | 2,364 |
2026-10-03T05:42:23.3945722Z 
2026-10-03T05:42:23.3945849Z ## Largest entries
2026-10-03T05:42:23.3946027Z 
2026-10-03T05:42:23.3946228Z | Entry | ZIP bytes | Storage | Delta from baseline |
2026-10-03T05:42:23.3946678Z | --- | ---: | --- | ---: |
2026-10-03T05:42:23.3947058Z | classes.dex | 10,432,348 | stored | +6,489,348 |
2026-10-03T05:42:23.3947625Z | lib/arm64-v8a/liblitertlm_jni.so | 9,392,368 | compressed | -5,275,056 |
2026-10-03T05:42:23.3948289Z | lib/arm64-v8a/libonnxruntime.so | 7,679,731 | compressed | -14,005,141 |
2026-10-03T05:42:23.3948945Z | lib/arm64-v8a/libmoonshine.so | 5,923,345 | compressed | -5,189,111 |
2026-10-03T05:42:23.3949742Z | lib/arm64-v8a/libms_ort_1232.so | 2,241,801 | compressed | -4,050,127 |
2026-10-03T05:42:23.3950510Z | org/bouncycastle/pqc/crypto/picnic/lowmc.properties | 1,570,443 | compressed | +1,570,443 |
2026-10-03T05:42:23.3951231Z | lib/arm64-v8a/libsherpa-onnx-jni.so | 1,493,292 | compressed | -3,040,620 |
2026-10-03T05:42:23.3951858Z | org/bouncycastle/pqc/crypto/sike/p751.properties | 1,107,749 | compressed | +1,107,749 |
2026-10-03T05:42:23.3952503Z | org/bouncycastle/pqc/crypto/sike/p610.properties | 645,762 | compressed | +645,762 |
2026-10-03T05:42:23.3953062Z | assets/voice/silero_vad.onnx | 508,088 | compressed | +0 |
2026-10-03T05:42:23.3953614Z | org/bouncycastle/pqc/crypto/sike/p503.properties | 437,407 | compressed | +437,407 |
2026-10-03T05:42:23.3954196Z | lib/arm64-v8a/libc++_shared.so | 406,563 | compressed | -886,341 |
2026-10-03T05:42:23.3954778Z | org/bouncycastle/pqc/crypto/sike/p434.properties | 376,709 | compressed | +376,709 |
2026-10-03T05:42:23.3955368Z | lib/arm64-v8a/libmicrowakeword.so | 274,315 | compressed | -525,341 |
2026-10-03T05:42:23.3956042Z | assets/com/tom_roush/pdfbox/resources/ttf/LiberationSans-Regular.ttf | 210,865 | compressed | +210,865 |
2026-10-03T05:42:23.3956796Z | assets/com/tom_roush/fontbox/resources/cmap/UniCNS-UCS2-H | 111,812 | compressed | +111,812 |
2026-10-03T05:42:23.3957511Z | assets/com/tom_roush/fontbox/resources/cmap/Adobe-Japan1-UCS2 | 98,471 | compressed | +98,471 |
2026-10-03T05:42:23.3958249Z | assets/com/tom_roush/fontbox/resources/cmap/UniGB-UCS2-H | 95,548 | compressed | +95,548 |
2026-10-03T05:42:23.3959142Z | assets/com/tom_roush/fontbox/resources/cmap/UniCNS-UTF16-H | 94,957 | compressed | +94,957 |
2026-10-03T05:42:23.3960201Z | assets/com/tom_roush/fontbox/resources/cmap/Adobe-CNS1-UCS2 | 93,868 | compressed | +93,868 |
2026-10-03T05:42:23.3960633Z 
2026-10-03T05:42:23.4065230Z ##[group]Run actions/upload-artifact@v4
2026-10-03T05:42:23.4065773Z with:
2026-10-03T05:42:23.4066052Z   name: jarvis-os-v2-compact-apk-size
2026-10-03T05:42:23.4066404Z   path: artifact/compact-size/
2026-10-03T05:42:23.4066730Z   if-no-files-found: error
2026-10-03T05:42:23.4067019Z   compression-level: 6
2026-10-03T05:42:23.4067290Z   overwrite: false
2026-10-03T05:42:23.4067581Z   include-hidden-files: false
2026-10-03T05:42:23.4067875Z env:
2026-10-03T05:42:23.4068243Z   JAVA_HOME: /opt/hostedtoolcache/Java_Temurin-Hotspot_jdk/21.0.12-1/x64
2026-10-03T05:42:23.4068813Z   JAVA_HOME_21_X64: /opt/hostedtoolcache/Java_Temurin-Hotspot_jdk/21.0.12-1/x64
2026-10-03T05:42:23.4069305Z   GRADLE_ACTION_ID: gradle/actions/setup-gradle
2026-10-03T05:42:23.4069948Z   GRADLE_USER_HOME: /home/runner/.gradle
2026-10-03T05:42:23.4070304Z   GRADLE_BUILD_ACTION_SETUP_COMPLETED: true
2026-10-03T05:42:23.4070666Z   GRADLE_BUILD_ACTION_CACHE_RESTORED: true
2026-10-03T05:42:23.4071193Z   DEVELOCITY_INJECTION_INIT_SCRIPT_NAME: gradle-actions.inject-develocity.init.gradle
2026-10-03T05:42:23.4071747Z   DEVELOCITY_INJECTION_CUSTOM_VALUE: gradle-actions
2026-10-03T05:42:23.4072129Z   GITHUB_DEPENDENCY_GRAPH_ENABLED: false
2026-10-03T05:42:23.4072450Z ##[endgroup]
2026-10-03T05:42:23.5787151Z (node:7414) [DEP0040] DeprecationWarning: The `punycode` module is deprecated. Please use a userland alternative instead.
2026-10-03T05:42:23.5787945Z (Use `node --trace-deprecation ...` to show where the warning was created)
2026-10-03T05:42:23.5870345Z With the provided path, there will be 2 files uploaded
2026-10-03T05:42:23.5871652Z Artifact name is valid!
2026-10-03T05:42:23.5872199Z Root directory input is valid!
2026-10-03T05:42:23.7859219Z Beginning upload of artifact content to blob storage
2026-10-03T05:42:23.8088236Z (node:7414) [DEP0169] DeprecationWarning: `url.parse()` behavior is not standardized and prone to errors that have security implications. Use the WHATWG URL API instead. CVEs are not issued for `url.parse()` vulnerabilities.
2026-10-03T05:42:23.8516435Z Uploaded bytes 6770
2026-10-03T05:42:23.8693419Z Finished uploading artifact content to blob storage!
2026-10-03T05:42:23.8694559Z SHA256 digest of uploaded artifact zip is 006d4830e753516a22b94c37d65dbc391ae3b2e3d919076ccda5c89c75934de6
2026-10-03T05:42:23.8696222Z Finalizing artifact upload
2026-10-03T05:42:24.0978821Z Artifact jarvis-os-v2-compact-apk-size.zip successfully finalized. Artifact ID 11266320718
2026-10-03T05:42:24.0980155Z Artifact jarvis-os-v2-compact-apk-size has been successfully uploaded! Final size is 6770 bytes. Artifact ID is 11266320718
2026-10-03T05:42:24.0988247Z Artifact download URL: https://github.com/battlesbudz/Jarvis-OS-V2/actions/runs/37099349277/artifacts/11266320718
2026-10-03T05:42:24.1138396Z ##[group]Run actions/upload-artifact@v4
2026-10-03T05:42:24.1138774Z with:
2026-10-03T05:42:24.1139040Z   name: jarvis-os-v2-release-apk
2026-10-03T05:42:24.1139674Z   path: artifact/*.apk
2026-10-03T05:42:24.1140090Z   if-no-files-found: error
2026-10-03T05:42:24.1140394Z   compression-level: 6
2026-10-03T05:42:24.1140685Z   overwrite: false
2026-10-03T05:42:24.1140963Z   include-hidden-files: false
2026-10-03T05:42:24.1141259Z env:
2026-10-03T05:42:24.1141626Z   JAVA_HOME: /opt/hostedtoolcache/Java_Temurin-Hotspot_jdk/21.0.12-1/x64
2026-10-03T05:42:24.1142200Z   JAVA_HOME_21_X64: /opt/hostedtoolcache/Java_Temurin-Hotspot_jdk/21.0.12-1/x64
2026-10-03T05:42:24.1142703Z   GRADLE_ACTION_ID: gradle/actions/setup-gradle
2026-10-03T05:42:24.1143078Z   GRADLE_USER_HOME: /home/runner/.gradle
2026-10-03T05:42:24.1143432Z   GRADLE_BUILD_ACTION_SETUP_COMPLETED: true
2026-10-03T05:42:24.1143806Z   GRADLE_BUILD_ACTION_CACHE_RESTORED: true
2026-10-03T05:42:24.1144340Z   DEVELOCITY_INJECTION_INIT_SCRIPT_NAME: gradle-actions.inject-develocity.init.gradle
2026-10-03T05:42:24.1144889Z   DEVELOCITY_INJECTION_CUSTOM_VALUE: gradle-actions
2026-10-03T05:42:24.1145277Z   GITHUB_DEPENDENCY_GRAPH_ENABLED: false
2026-10-03T05:42:24.1145604Z ##[endgroup]
2026-10-03T05:42:24.2809512Z (node:7426) [DEP0040] DeprecationWarning: The `punycode` module is deprecated. Please use a userland alternative instead.
2026-10-03T05:42:24.2811007Z (Use `node --trace-deprecation ...` to show where the warning was created)
2026-10-03T05:42:24.2894742Z With the provided path, there will be 2 files uploaded
2026-10-03T05:42:24.2897709Z Artifact name is valid!
2026-10-03T05:42:24.2898641Z Root directory input is valid!
2026-10-03T05:42:24.4935799Z Beginning upload of artifact content to blob storage
2026-10-03T05:42:24.9611779Z (node:7426) [DEP0169] DeprecationWarning: `url.parse()` behavior is not standardized and prone to errors that have security implications. Use the WHATWG URL API instead. CVEs are not issued for `url.parse()` vulnerabilities.
2026-10-03T05:42:25.1846448Z Uploaded bytes 8388608
2026-10-03T05:42:25.3629263Z Uploaded bytes 16777216
2026-10-03T05:42:25.5903561Z Uploaded bytes 25165824
2026-10-03T05:42:25.8536082Z Uploaded bytes 33554432
2026-10-03T05:42:26.3981277Z Uploaded bytes 41943040
2026-10-03T05:42:26.8605641Z Uploaded bytes 50331648
2026-10-03T05:42:27.2879239Z Uploaded bytes 58720256
2026-10-03T05:42:27.8391504Z Uploaded bytes 67108864
2026-10-03T05:42:28.2773734Z Uploaded bytes 75497472
2026-10-03T05:42:28.3230265Z Uploaded bytes 77065050
2026-10-03T05:42:28.3438098Z Finished uploading artifact content to blob storage!
2026-10-03T05:42:28.3442189Z SHA256 digest of uploaded artifact zip is 747f192102260646264b20ea641c73c7ccfb5dc49f855b5bd65fd96ee21b5ac1
2026-10-03T05:42:28.3445189Z Finalizing artifact upload
2026-10-03T05:42:28.5620598Z Artifact jarvis-os-v2-release-apk.zip successfully finalized. Artifact ID 11265479972
2026-10-03T05:42:28.5621616Z Artifact jarvis-os-v2-release-apk has been successfully uploaded! Final size is 77065050 bytes. Artifact ID is 11265479972
2026-10-03T05:42:28.5622549Z Artifact download URL: https://github.com/battlesbudz/Jarvis-OS-V2/actions/runs/37099349277/artifacts/11265479972
2026-10-03T05:42:28.5918204Z Post job cleanup.
2026-10-03T05:42:28.8448283Z In post-action step
2026-10-03T05:42:28.8459667Z Cache is read-only: will not save state for use in subsequent builds.
2026-10-03T05:42:28.8466654Z Generating Job Summary
2026-10-03T05:42:28.8516164Z Completed post-action step
2026-10-03T05:42:28.9431523Z Post job cleanup.
2026-10-03T05:42:29.0571376Z (node:7462) [DEP0040] DeprecationWarning: The `punycode` module is deprecated. Please use a userland alternative instead.
2026-10-03T05:42:29.0573024Z (Use `node --trace-deprecation ...` to show where the warning was created)
2026-10-03T05:42:29.0756202Z [command]/usr/bin/tar --posix -cf cache.tzst --exclude cache.tzst -P -C /home/runner/work/Jarvis-OS-V2/Jarvis-OS-V2 --files-from manifest.txt --use-compress-program zstdmt
2026-10-03T05:42:31.9461113Z (node:7462) [DEP0169] DeprecationWarning: `url.parse()` behavior is not standardized and prone to errors that have security implications. Use the WHATWG URL API instead. CVEs are not issued for `url.parse()` vulnerabilities.
2026-10-03T05:42:32.8842759Z Sent 297108032 of 297108032 (100.0%), 297.3 MBs/sec
2026-10-03T05:42:33.0363157Z Cache saved with key: sherpa-arm64-137-Linux-78f25eb476df0e866c0747850a0401239fded60921575ed32431811002e601c0
2026-10-03T05:42:33.0534508Z Post job cleanup.
2026-10-03T05:42:33.1898582Z (node:7482) [DEP0040] DeprecationWarning: The `punycode` module is deprecated. Please use a userland alternative instead.
2026-10-03T05:42:33.1899761Z (Use `node --trace-deprecation ...` to show where the warning was created)
2026-10-03T05:42:33.2078858Z Post job cleanup.
2026-10-03T05:42:33.3009835Z [command]/usr/bin/git version
2026-10-03T05:42:33.3053956Z git version 2.55.0
2026-10-03T05:42:33.3093682Z Temporarily overriding HOME='/home/runner/work/_temp/0c3f94af-b6db-4fa1-929e-e54c2fbc4fdb' before making global git config changes
2026-10-03T05:42:33.3095265Z Adding repository directory to the temporary git global config as a safe directory
2026-10-03T05:42:33.3098590Z [command]/usr/bin/git config --global --add safe.directory /home/runner/work/Jarvis-OS-V2/Jarvis-OS-V2
2026-10-03T05:42:33.3140737Z [command]/usr/bin/git config --local --name-only --get-regexp core\.sshCommand
2026-10-03T05:42:33.3182348Z [command]/usr/bin/git submodule foreach --recursive sh -c "git config --local --name-only --get-regexp 'core\.sshCommand' && git config --local --unset-all 'core.sshCommand' || :"
2026-10-03T05:42:33.3440927Z [command]/usr/bin/git config --local --name-only --get-regexp http\.https\:\/\/github\.com\/\.extraheader
2026-10-03T05:42:33.3483401Z http.https://github.com/.extraheader
2026-10-03T05:42:33.3493684Z [command]/usr/bin/git config --local --unset-all http.https://github.com/.extraheader
2026-10-03T05:42:33.3538105Z [command]/usr/bin/git submodule foreach --recursive sh -c "git config --local --name-only --get-regexp 'http\.https\:\/\/github\.com\/\.extraheader' && git config --local --unset-all 'http.https://github.com/.extraheader' || :"
2026-10-03T05:42:33.3810742Z [command]/usr/bin/git config --local --name-only --get-regexp ^includeIf\.gitdir:
2026-10-03T05:42:33.3864203Z [command]/usr/bin/git submodule foreach --recursive git config --local --show-origin --name-only --get-regexp remote.origin.url
2026-10-03T05:42:33.4261922Z Cleaning up orphan processes
2026-10-03T05:42:33.4598269Z ##[warning]Node.js 20 is deprecated. The following actions target Node.js 20 but are being forced to run on Node.js 24: actions/cache@v4, actions/checkout@v4, actions/setup-java@v4, actions/upload-artifact@v4, gradle/actions/setup-gradle@v4. For more information see: https://github.blog/changelog/2025-09-19-deprecation-of-node-20-on-github-actions-runners/
