2026-10-03T04:08:42.4495667Z Current runner version: '2.337.0'
2026-10-03T04:08:42.4521967Z ##[group]Runner Image Provisioner
2026-10-03T04:08:42.4522997Z Hosted Compute Agent
2026-10-03T04:08:42.4523655Z Version: 20260901.588
2026-10-03T04:08:42.4524526Z Commit: f88ec8081b781fac6c440065ac7ff9e710ce3d0b
2026-10-03T04:08:42.4525401Z Build Date: 2026-09-01T19:56:44Z
2026-10-03T04:08:42.4526180Z Worker ID: {9f41b89a-eea9-46fb-b4bc-5559232d7c1a}
2026-10-03T04:08:42.4527018Z Azure Region: northcentralus
2026-10-03T04:08:42.4527743Z ##[endgroup]
2026-10-03T04:08:42.4529117Z ##[group]Operating System
2026-10-03T04:08:42.4529878Z Ubuntu
2026-10-03T04:08:42.4530538Z 24.04.5
2026-10-03T04:08:42.4531151Z LTS
2026-10-03T04:08:42.4531736Z ##[endgroup]
2026-10-03T04:08:42.4532337Z ##[group]Runner Image
2026-10-03T04:08:42.4533105Z Image: ubuntu-24.04
2026-10-03T04:08:42.4533771Z Version: 20260927.320.1
2026-10-03T04:08:42.4535339Z Included Software: https://github.com/actions/runner-images/blob/ubuntu24/20260927.320/images/ubuntu/Ubuntu2404-Readme.md
2026-10-03T04:08:42.4536961Z Image Release: https://github.com/actions/runner-images/releases/tag/ubuntu24%2F20260927.320
2026-10-03T04:08:42.4538078Z ##[endgroup]
2026-10-03T04:08:42.4539516Z ##[group]GITHUB_TOKEN Permissions
2026-10-03T04:08:42.4541490Z Contents: read
2026-10-03T04:08:42.4542248Z Metadata: read
2026-10-03T04:08:42.4542857Z ##[endgroup]
2026-10-03T04:08:42.4545336Z Secret source: Actions
2026-10-03T04:08:42.4546458Z Cache mode: write
2026-10-03T04:08:42.4547189Z Prepare workflow directory
2026-10-03T04:08:42.5621200Z Prepare all required actions
2026-10-03T04:08:42.5688992Z Getting action download info
2026-10-03T04:08:42.8094484Z Download action repository 'actions/checkout@v4' (SHA:11d5960a326750d5838078e36cf38b85af677262)
2026-10-03T04:08:43.2809182Z Download action repository 'actions/setup-java@v4' (SHA:cf277c60eb25467037889841efdb72551f06f6c3)
2026-10-03T04:08:43.7195859Z Download action repository 'actions/cache@v4' (SHA:0057852bfaa89a56745cba8c7296529d2fc39830)
2026-10-03T04:08:43.8203420Z Download action repository 'gradle/actions@v4' (SHA:ed408507eac070d1f99cc633dbcf757c94c7933a)
2026-10-03T04:08:44.7916892Z Download action repository 'actions/upload-artifact@v4' (SHA:ea165f8d65b6e75b540449e92b4886f43607fa02)
2026-10-03T04:08:45.0482109Z Complete job name: Build signed release APK
2026-10-03T04:08:45.1272324Z ##[group]Run actions/checkout@v4
2026-10-03T04:08:45.1273049Z with:
2026-10-03T04:08:45.1273450Z   repository: battlesbudz/Jarvis-OS-V2
2026-10-03T04:08:45.1276789Z   token: ***
2026-10-03T04:08:45.1277156Z   ssh-strict: true
2026-10-03T04:08:45.1277512Z   ssh-user: git
2026-10-03T04:08:45.1277883Z   persist-credentials: true
2026-10-03T04:08:45.1278266Z   clean: true
2026-10-03T04:08:45.1278648Z   sparse-checkout-cone-mode: true
2026-10-03T04:08:45.1279056Z   fetch-depth: 1
2026-10-03T04:08:45.1279402Z   fetch-tags: false
2026-10-03T04:08:45.1279763Z   show-progress: true
2026-10-03T04:08:45.1280121Z   lfs: false
2026-10-03T04:08:45.1280460Z   submodules: false
2026-10-03T04:08:45.1280852Z   set-safe-directory: true
2026-10-03T04:08:45.1281262Z   allow-unsafe-pr-checkout: false
2026-10-03T04:08:45.1281960Z ##[endgroup]
2026-10-03T04:08:45.2283787Z Syncing repository: battlesbudz/Jarvis-OS-V2
2026-10-03T04:08:45.2286369Z ##[group]Getting Git version info
2026-10-03T04:08:45.2287478Z Working directory is '/home/runner/work/Jarvis-OS-V2/Jarvis-OS-V2'
2026-10-03T04:08:45.2288843Z [command]/usr/bin/git version
2026-10-03T04:08:45.2309405Z git version 2.55.0
2026-10-03T04:08:45.2328928Z ##[endgroup]
2026-10-03T04:08:45.2343200Z Temporarily overriding HOME='/home/runner/work/_temp/065c54c1-6c1b-4159-a471-522d6cc125d9' before making global git config changes
2026-10-03T04:08:45.2345315Z Adding repository directory to the temporary git global config as a safe directory
2026-10-03T04:08:45.2348489Z [command]/usr/bin/git config --global --add safe.directory /home/runner/work/Jarvis-OS-V2/Jarvis-OS-V2
2026-10-03T04:08:45.2395681Z Deleting the contents of '/home/runner/work/Jarvis-OS-V2/Jarvis-OS-V2'
2026-10-03T04:08:45.2399923Z ##[group]Initializing the repository
2026-10-03T04:08:45.2403835Z [command]/usr/bin/git init /home/runner/work/Jarvis-OS-V2/Jarvis-OS-V2
2026-10-03T04:08:45.2495783Z hint: Using 'master' as the name for the initial branch. This default branch name
2026-10-03T04:08:45.2497198Z hint: will change to "main" in Git 3.0. To configure the initial branch name
2026-10-03T04:08:45.2498402Z hint: to use in all of your new repositories, which will suppress this warning,
2026-10-03T04:08:45.2499402Z hint: call:
2026-10-03T04:08:45.2500005Z hint:
2026-10-03T04:08:45.2500757Z hint: 	git config --global init.defaultBranch <name>
2026-10-03T04:08:45.2501586Z hint:
2026-10-03T04:08:45.2502399Z hint: Names commonly chosen instead of 'master' are 'main', 'trunk' and
2026-10-03T04:08:45.2503576Z hint: 'development'. The just-created branch can be renamed via this command:
2026-10-03T04:08:45.2504705Z hint:
2026-10-03T04:08:45.2505352Z hint: 	git branch -m <name>
2026-10-03T04:08:45.2506015Z hint:
2026-10-03T04:08:45.2506881Z hint: Disable this message with "git config set advice.defaultBranchName false"
2026-10-03T04:08:45.2512963Z Initialized empty Git repository in /home/runner/work/Jarvis-OS-V2/Jarvis-OS-V2/.git/
2026-10-03T04:08:45.2522313Z [command]/usr/bin/git remote add origin https://github.com/battlesbudz/Jarvis-OS-V2
2026-10-03T04:08:45.2574335Z ##[endgroup]
2026-10-03T04:08:45.2575369Z ##[group]Disabling automatic garbage collection
2026-10-03T04:08:45.2578746Z [command]/usr/bin/git config --local gc.auto 0
2026-10-03T04:08:45.2611900Z ##[endgroup]
2026-10-03T04:08:45.2612803Z ##[group]Setting up auth
2026-10-03T04:08:45.2619736Z [command]/usr/bin/git config --local --name-only --get-regexp core\.sshCommand
2026-10-03T04:08:45.2656819Z [command]/usr/bin/git submodule foreach --recursive sh -c "git config --local --name-only --get-regexp 'core\.sshCommand' && git config --local --unset-all 'core.sshCommand' || :"
2026-10-03T04:08:45.2995001Z [command]/usr/bin/git config --local --name-only --get-regexp http\.https\:\/\/github\.com\/\.extraheader
2026-10-03T04:08:45.3042225Z [command]/usr/bin/git submodule foreach --recursive sh -c "git config --local --name-only --get-regexp 'http\.https\:\/\/github\.com\/\.extraheader' && git config --local --unset-all 'http.https://github.com/.extraheader' || :"
2026-10-03T04:08:45.3301327Z [command]/usr/bin/git config --local --name-only --get-regexp ^includeIf\.gitdir:
2026-10-03T04:08:45.3340511Z [command]/usr/bin/git submodule foreach --recursive git config --local --show-origin --name-only --get-regexp remote.origin.url
2026-10-03T04:08:45.3581823Z [command]/usr/bin/git config --local http.https://github.com/.extraheader AUTHORIZATION: basic ***
2026-10-03T04:08:45.3623992Z ##[endgroup]
2026-10-03T04:08:45.3625240Z ##[group]Fetching the repository
2026-10-03T04:08:45.3635373Z [command]/usr/bin/git -c protocol.version=2 fetch --no-tags --prune --no-recurse-submodules --depth=1 origin +73abb16b085e411f4cb50e3f059706a14930f86a:refs/remotes/origin/feature/memory-os-overnight-candidate-extraction-20261002-4
2026-10-03T04:08:45.8079556Z From https://github.com/battlesbudz/Jarvis-OS-V2
2026-10-03T04:08:45.8082356Z  * [new ref]         73abb16b085e411f4cb50e3f059706a14930f86a -> origin/feature/memory-os-overnight-candidate-extraction-20261002-4
2026-10-03T04:08:45.8088256Z ##[endgroup]
2026-10-03T04:08:45.8089472Z ##[group]Determining the checkout info
2026-10-03T04:08:45.8090997Z ##[endgroup]
2026-10-03T04:08:45.8098162Z [command]/usr/bin/git sparse-checkout disable
2026-10-03T04:08:45.8154698Z [command]/usr/bin/git config --local --unset-all extensions.worktreeConfig
2026-10-03T04:08:45.8194414Z ##[group]Checking out the ref
2026-10-03T04:08:45.8195982Z [command]/usr/bin/git checkout --progress --force -B feature/memory-os-overnight-candidate-extraction-20261002-4 refs/remotes/origin/feature/memory-os-overnight-candidate-extraction-20261002-4
2026-10-03T04:08:45.8645704Z Switched to a new branch 'feature/memory-os-overnight-candidate-extraction-20261002-4'
2026-10-03T04:08:45.8648646Z branch 'feature/memory-os-overnight-candidate-extraction-20261002-4' set up to track 'origin/feature/memory-os-overnight-candidate-extraction-20261002-4'.
2026-10-03T04:08:45.8656144Z ##[endgroup]
2026-10-03T04:08:45.8708385Z [command]/usr/bin/git log -1 --format=%H
2026-10-03T04:08:45.8739316Z 73abb16b085e411f4cb50e3f059706a14930f86a
2026-10-03T04:08:45.9034410Z ##[group]Run actions/setup-java@v4
2026-10-03T04:08:45.9034791Z with:
2026-10-03T04:08:45.9035071Z   distribution: temurin
2026-10-03T04:08:45.9035378Z   java-version: 21
2026-10-03T04:08:45.9035665Z   java-package: jdk
2026-10-03T04:08:45.9035948Z   check-latest: false
2026-10-03T04:08:45.9036239Z   server-id: github
2026-10-03T04:08:45.9065517Z   server-username: GITHUB_ACTOR
2026-10-03T04:08:45.9066082Z   server-password: GITHUB_TOKEN
2026-10-03T04:08:45.9066567Z   overwrite-settings: true
2026-10-03T04:08:45.9067051Z   job-status: success
2026-10-03T04:08:45.9071457Z   token: ***
2026-10-03T04:08:45.9071928Z ##[endgroup]
2026-10-03T04:08:46.0735262Z ##[warning]setup-java v4 is deprecated and will no longer receive updates. Please migrate to actions/setup-java@v5.
2026-10-03T04:08:46.0745790Z ##[group]Installed distributions
2026-10-03T04:08:46.0778036Z Resolved Java 21.0.12+1 from tool-cache
2026-10-03T04:08:46.0778566Z Setting Java 21.0.12+1 as the default
2026-10-03T04:08:46.0788711Z (node:2298) [DEP0040] DeprecationWarning: The `punycode` module is deprecated. Please use a userland alternative instead.
2026-10-03T04:08:46.0789646Z (Use `node --trace-deprecation ...` to show where the warning was created)
2026-10-03T04:08:46.0791801Z Creating toolchains.xml for JDK version 21 from temurin
2026-10-03T04:08:46.0860356Z Writing to /home/runner/.m2/toolchains.xml
2026-10-03T04:08:46.0860801Z 
2026-10-03T04:08:46.0861003Z Java configuration:
2026-10-03T04:08:46.0861329Z   Distribution: temurin
2026-10-03T04:08:46.0861739Z   Version: 21.0.12+1
2026-10-03T04:08:46.0862273Z   Path: /opt/hostedtoolcache/Java_Temurin-Hotspot_jdk/21.0.12-1/x64
2026-10-03T04:08:46.0862644Z 
2026-10-03T04:08:46.0863049Z ##[endgroup]
2026-10-03T04:08:46.0879552Z Creating settings.xml with server-id: github
2026-10-03T04:08:46.0925427Z Writing to /home/runner/.m2/settings.xml
2026-10-03T04:08:46.1099563Z ##[group]Run "${ANDROID_HOME}/cmdline-tools/latest/bin/sdkmanager" "ndk;27.2.12479018"
2026-10-03T04:08:46.1100767Z [36;1m"${ANDROID_HOME}/cmdline-tools/latest/bin/sdkmanager" "ndk;27.2.12479018"[0m
2026-10-03T04:08:46.1383449Z shell: /usr/bin/bash -e {0}
2026-10-03T04:08:46.1383941Z env:
2026-10-03T04:08:46.1384617Z   JAVA_HOME: /opt/hostedtoolcache/Java_Temurin-Hotspot_jdk/21.0.12-1/x64
2026-10-03T04:08:46.1385258Z   JAVA_HOME_21_X64: /opt/hostedtoolcache/Java_Temurin-Hotspot_jdk/21.0.12-1/x64
2026-10-03T04:08:46.1385780Z ##[endgroup]
2026-10-03T04:08:51.9578681Z Loading package information...                                                  
2026-10-03T04:08:52.0476966Z Loading local repository...                                                     
2026-10-03T04:08:52.0478505Z [                                       ] 3% Loading local repository...        
2026-10-03T04:08:53.5983110Z [                                       ] 3% Fetch remote repository...         
2026-10-03T04:08:54.0145747Z [=                                      ] 3% Fetch remote repository...         
2026-10-03T04:08:54.1102197Z [=                                      ] 4% Fetch remote repository...         
2026-10-03T04:08:54.1524019Z [=                                      ] 5% Fetch remote repository...         
2026-10-03T04:08:54.2253566Z [==                                     ] 5% Fetch remote repository...         
2026-10-03T04:08:54.3603020Z [==                                     ] 6% Fetch remote repository...         
2026-10-03T04:08:54.4766112Z [==                                     ] 7% Fetch remote repository...         
2026-10-03T04:08:54.4775127Z [==                                     ] 7% Computing updates...               
2026-10-03T04:08:54.4865033Z [===                                    ] 8% Computing updates...               
2026-10-03T04:08:54.5359851Z [===                                    ] 10% Computing updates...              
2026-10-03T04:08:54.5816871Z [===                                    ] 10% Installing NDK (Side by side) 27.2
2026-10-03T04:08:54.6978911Z [===                                    ] 10% Downloading android-ndk-r27c-linux
2026-10-03T04:08:54.8119331Z [====                                   ] 10% Downloading android-ndk-r27c-linux
2026-10-03T04:08:55.0182546Z [====                                   ] 11% Downloading android-ndk-r27c-linux
2026-10-03T04:08:55.3003164Z [====                                   ] 12% Downloading android-ndk-r27c-linux
2026-10-03T04:08:55.5297160Z [=====                                  ] 13% Downloading android-ndk-r27c-linux
2026-10-03T04:08:55.7259845Z [=====                                  ] 14% Downloading android-ndk-r27c-linux
2026-10-03T04:08:55.9516223Z [=====                                  ] 15% Downloading android-ndk-r27c-linux
2026-10-03T04:08:56.0889502Z [======                                 ] 15% Downloading android-ndk-r27c-linux
2026-10-03T04:08:56.3445690Z [======                                 ] 16% Downloading android-ndk-r27c-linux
2026-10-03T04:08:56.5936777Z [======                                 ] 17% Downloading android-ndk-r27c-linux
2026-10-03T04:08:56.7862738Z [=======                                ] 18% Downloading android-ndk-r27c-linux
2026-10-03T04:08:57.0232160Z [=======                                ] 19% Downloading android-ndk-r27c-linux
2026-10-03T04:08:57.1337889Z [=======                                ] 20% Downloading android-ndk-r27c-linux
2026-10-03T04:08:57.2246262Z [========                               ] 20% Downloading android-ndk-r27c-linux
2026-10-03T04:08:57.5035990Z [========                               ] 21% Downloading android-ndk-r27c-linux
2026-10-03T04:08:57.7002785Z [========                               ] 22% Downloading android-ndk-r27c-linux
2026-10-03T04:08:57.9098004Z [=========                              ] 23% Downloading android-ndk-r27c-linux
2026-10-03T04:08:58.1439695Z [=========                              ] 24% Downloading android-ndk-r27c-linux
2026-10-03T04:08:58.2337679Z [=========                              ] 25% Downloading android-ndk-r27c-linux
2026-10-03T04:08:58.3524706Z [==========                             ] 25% Downloading android-ndk-r27c-linux
2026-10-03T04:08:58.6445651Z [==========                             ] 26% Downloading android-ndk-r27c-linux
2026-10-03T04:08:58.8349498Z [==========                             ] 27% Downloading android-ndk-r27c-linux
2026-10-03T04:08:59.0764815Z [===========                            ] 28% Downloading android-ndk-r27c-linux
2026-10-03T04:08:59.2763700Z [===========                            ] 29% Downloading android-ndk-r27c-linux
2026-10-03T04:08:59.3842582Z [===========                            ] 30% Downloading android-ndk-r27c-linux
2026-10-03T04:08:59.5308105Z [============                           ] 30% Downloading android-ndk-r27c-linux
2026-10-03T04:08:59.8037046Z [============                           ] 31% Downloading android-ndk-r27c-linux
2026-10-03T04:08:59.9834557Z [============                           ] 32% Downloading android-ndk-r27c-linux
2026-10-03T04:08:59.9838007Z [============                           ] 33% Downloading android-ndk-r27c-linux
2026-10-03T04:09:00.4285645Z [============                           ] 33% Unzipping...                      
2026-10-03T04:09:00.4286695Z [============                           ] 33% Unzipping... android-ndk-r27c/    
2026-10-03T04:09:00.4315062Z [============                           ] 33% Unzipping... android-ndk-r27c/READ
2026-10-03T04:09:00.4317542Z [=============                          ] 33% Unzipping... android-ndk-r27c/READ
2026-10-03T04:09:00.4321269Z [=============                          ] 33% Unzipping... android-ndk-r27c/meta
2026-10-03T04:09:00.5926185Z [=============                          ] 33% Unzipping... android-ndk-r27c/shad
2026-10-03T04:09:00.5942303Z [=============                          ] 33% Unzipping... android-ndk-r27c/ndk-
2026-10-03T04:09:00.5943356Z [=============                          ] 33% Unzipping... android-ndk-r27c/wrap
2026-10-03T04:09:00.5944525Z [=============                          ] 33% Unzipping... android-ndk-r27c/ndk-
2026-10-03T04:09:01.0056466Z [=============                          ] 33% Unzipping... android-ndk-r27c/tool
2026-10-03T04:09:01.4974058Z [=============                          ] 34% Unzipping... android-ndk-r27c/tool
2026-10-03T04:09:01.7799715Z [=============                          ] 35% Unzipping... android-ndk-r27c/tool
2026-10-03T04:09:01.9295915Z [==============                         ] 35% Unzipping... android-ndk-r27c/tool
2026-10-03T04:09:02.3493752Z [==============                         ] 36% Unzipping... android-ndk-r27c/tool
2026-10-03T04:09:02.8112283Z [==============                         ] 37% Unzipping... android-ndk-r27c/tool
2026-10-03T04:09:03.2598815Z [===============                        ] 38% Unzipping... android-ndk-r27c/tool
2026-10-03T04:09:03.9441402Z [===============                        ] 39% Unzipping... android-ndk-r27c/tool
2026-10-03T04:09:04.1475372Z [===============                        ] 40% Unzipping... android-ndk-r27c/tool
2026-10-03T04:09:04.3708279Z [================                       ] 40% Unzipping... android-ndk-r27c/tool
2026-10-03T04:09:04.8758882Z [================                       ] 41% Unzipping... android-ndk-r27c/tool
2026-10-03T04:09:05.3642842Z [================                       ] 42% Unzipping... android-ndk-r27c/tool
2026-10-03T04:09:06.1354775Z [=================                      ] 43% Unzipping... android-ndk-r27c/tool
2026-10-03T04:09:06.6799020Z [=================                      ] 44% Unzipping... android-ndk-r27c/tool
2026-10-03T04:09:07.2160203Z [=================                      ] 45% Unzipping... android-ndk-r27c/tool
2026-10-03T04:09:07.4260825Z [==================                     ] 45% Unzipping... android-ndk-r27c/tool
2026-10-03T04:09:07.8257789Z [==================                     ] 46% Unzipping... android-ndk-r27c/tool
2026-10-03T04:09:08.2526181Z [==================                     ] 47% Unzipping... android-ndk-r27c/tool
2026-10-03T04:09:08.6886938Z [===================                    ] 48% Unzipping... android-ndk-r27c/tool
2026-10-03T04:09:09.0772546Z [===================                    ] 49% Unzipping... android-ndk-r27c/tool
2026-10-03T04:09:09.2884611Z [===================                    ] 50% Unzipping... android-ndk-r27c/tool
2026-10-03T04:09:09.5135259Z [====================                   ] 50% Unzipping... android-ndk-r27c/tool
2026-10-03T04:09:09.9113871Z [====================                   ] 51% Unzipping... android-ndk-r27c/tool
2026-10-03T04:09:10.3466038Z [====================                   ] 52% Unzipping... android-ndk-r27c/tool
2026-10-03T04:09:10.7888737Z [=====================                  ] 53% Unzipping... android-ndk-r27c/tool
2026-10-03T04:09:11.0359248Z [=====================                  ] 54% Unzipping... android-ndk-r27c/tool
2026-10-03T04:09:11.0516391Z [=====================                  ] 54% Unzipping... android-ndk-r27c/buil
2026-10-03T04:09:11.2629062Z [=====================                  ] 54% Unzipping... android-ndk-r27c/sour
2026-10-03T04:09:11.2652606Z [=====================                  ] 54% Unzipping... android-ndk-r27c/NOTI
2026-10-03T04:09:11.2653717Z [=====================                  ] 54% Unzipping... android-ndk-r27c/ndk-
2026-10-03T04:09:11.2668178Z [=====================                  ] 54% Unzipping... android-ndk-r27c/NOTI
2026-10-03T04:09:11.2701528Z [=====================                  ] 54% Unzipping... android-ndk-r27c/pyth
2026-10-03T04:09:11.3140742Z [=====================                  ] 54% Unzipping... android-ndk-r27c/preb
2026-10-03T04:09:11.3143766Z [=====================                  ] 54% Unzipping... android-ndk-r27c/ndk-
2026-10-03T04:09:11.3145036Z [=====================                  ] 54% Unzipping... android-ndk-r27c/sour
2026-10-03T04:09:11.3712516Z [=====================                  ] 54% Unzipping... android-ndk-r27c/simp
2026-10-03T04:09:11.5254445Z [=====================                  ] 55% Unzipping... android-ndk-r27c/simp
2026-10-03T04:09:11.6524128Z [=====================                  ] 55% Unzipping... android-ndk-r27c/CHAN
2026-10-03T04:09:11.6525402Z [=======================================] 100% Unzipping... android-ndk-r27c/CHA
2026-10-03T04:09:12.1292571Z 
2026-10-03T04:09:12.2321456Z ##[group]Run actions/cache@v4
2026-10-03T04:09:12.2321754Z with:
2026-10-03T04:09:12.2321985Z   path: app/build/sherpa-native
2026-10-03T04:09:12.2322468Z   key: sherpa-arm64-137-Linux-78f25eb476df0e866c0747850a0401239fded60921575ed32431811002e601c0
2026-10-03T04:09:12.2322993Z   enableCrossOsArchive: false
2026-10-03T04:09:12.2323270Z   fail-on-cache-miss: false
2026-10-03T04:09:12.2323525Z   lookup-only: false
2026-10-03T04:09:12.2323779Z   save-always: false
2026-10-03T04:09:12.2324013Z env:
2026-10-03T04:09:12.2324658Z   JAVA_HOME: /opt/hostedtoolcache/Java_Temurin-Hotspot_jdk/21.0.12-1/x64
2026-10-03T04:09:12.2325177Z   JAVA_HOME_21_X64: /opt/hostedtoolcache/Java_Temurin-Hotspot_jdk/21.0.12-1/x64
2026-10-03T04:09:12.2325580Z ##[endgroup]
2026-10-03T04:09:12.3407714Z (node:2469) [DEP0040] DeprecationWarning: The `punycode` module is deprecated. Please use a userland alternative instead.
2026-10-03T04:09:12.3408726Z (Use `node --trace-deprecation ...` to show where the warning was created)
2026-10-03T04:09:12.4400686Z Cache not found for input keys: sherpa-arm64-137-Linux-78f25eb476df0e866c0747850a0401239fded60921575ed32431811002e601c0
2026-10-03T04:09:12.4586277Z ##[group]Run gradle/actions/setup-gradle@v4
2026-10-03T04:09:12.4586610Z with:
2026-10-03T04:09:12.4586849Z   gradle-version: 8.10.2
2026-10-03T04:09:12.4587116Z   cache-disabled: false
2026-10-03T04:09:12.4587360Z   cache-read-only: true
2026-10-03T04:09:12.4587620Z   cache-write-only: false
2026-10-03T04:09:12.4587893Z   cache-overwrite-existing: false
2026-10-03T04:09:12.4588179Z   cache-cleanup: on-success
2026-10-03T04:09:12.4588487Z   gradle-home-cache-includes: caches
notifications

2026-10-03T04:09:12.4588832Z   add-job-summary: always
2026-10-03T04:09:12.4589103Z   add-job-summary-as-pr-comment: never
2026-10-03T04:09:12.4589403Z   dependency-graph: disabled
2026-10-03T04:09:12.4589735Z   dependency-graph-report-dir: dependency-graph-reports
2026-10-03T04:09:12.4590115Z   dependency-graph-continue-on-failure: true
2026-10-03T04:09:12.4590441Z   build-scan-publish: false
2026-10-03T04:09:12.4590710Z   validate-wrappers: true
2026-10-03T04:09:12.4591024Z   allow-snapshot-wrappers: false
2026-10-03T04:09:12.4591322Z   gradle-home-cache-strict-match: false
2026-10-03T04:09:12.4591625Z   workflow-job-context: null
2026-10-03T04:09:12.4594099Z   github-token: ***
2026-10-03T04:09:12.4594577Z env:
2026-10-03T04:09:12.4594897Z   JAVA_HOME: /opt/hostedtoolcache/Java_Temurin-Hotspot_jdk/21.0.12-1/x64
2026-10-03T04:09:12.4595421Z   JAVA_HOME_21_X64: /opt/hostedtoolcache/Java_Temurin-Hotspot_jdk/21.0.12-1/x64
2026-10-03T04:09:12.4595815Z ##[endgroup]
2026-10-03T04:09:12.7859526Z Merged default JDK locations into /home/runner/.m2/toolchains.xml
2026-10-03T04:09:12.7862585Z ##[group]Restore Gradle state from cache
2026-10-03T04:09:12.8922098Z Cache hit for restore-key: gradle-home-v1|Linux-X64|build-release[950eaec8589fb4acbb839cd2eb2eeef7]-780c40c4d70ac3171a673b22491dc3a703f16d55
2026-10-03T04:09:13.0858519Z Received 8975 of 8975 (100.0%), 0.1 MBs/sec
2026-10-03T04:09:13.0860726Z Cache Size: ~0 MB (8975 B)
2026-10-03T04:09:13.0894007Z [command]/usr/bin/tar -xf /home/runner/work/_temp/33b72cab-cfa0-46b9-883b-1328719bd45d/cache.tzst -P -C /home/runner/work/Jarvis-OS-V2/Jarvis-OS-V2 --use-compress-program unzstd
2026-10-03T04:09:13.0983170Z Cache restored successfully
2026-10-03T04:09:13.0988608Z Restored cache entry with key gradle-home-v1|Linux-X64|build-release[950eaec8589fb4acbb839cd2eb2eeef7]-73abb16b085e411f4cb50e3f059706a14930f86a to /home/runner/.gradle/caches,/home/runner/.gradle/notifications,/home/runner/.gradle/.setup-gradle in 311ms
2026-10-03T04:09:13.1887369Z Cache hit for: gradle-instrumented-jars-v1-3a8bc95e5f3fc33f7559043af89006e9
2026-10-03T04:09:13.1973584Z Cache hit for: gradle-groovy-dsl-v1-61a76c5b6d5e4b5c4e7b8de115d50879
2026-10-03T04:09:13.2661521Z Received 70743 of 70743 (100.0%), 1.2 MBs/sec
2026-10-03T04:09:13.2662481Z Cache Size: ~0 MB (70743 B)
2026-10-03T04:09:13.2683301Z [command]/usr/bin/tar -xf /home/runner/work/_temp/bc045673-8893-457e-bd1a-8591ecf84b1f/cache.tzst -P -C /home/runner/work/Jarvis-OS-V2/Jarvis-OS-V2 --use-compress-program unzstd
2026-10-03T04:09:13.2791808Z Cache restored successfully
2026-10-03T04:09:13.2795034Z Restored cache entry with key gradle-instrumented-jars-v1-3a8bc95e5f3fc33f7559043af89006e9 to /home/runner/.gradle/caches/jars-*/*/ in 180ms
2026-10-03T04:09:13.4257008Z Received 109261 of 109261 (100.0%), 0.7 MBs/sec
2026-10-03T04:09:13.4257596Z Cache Size: ~0 MB (109261 B)
2026-10-03T04:09:13.4278040Z [command]/usr/bin/tar -xf /home/runner/work/_temp/628dafc0-7f8a-451a-b411-c128fbbd81f8/cache.tzst -P -C /home/runner/work/Jarvis-OS-V2/Jarvis-OS-V2 --use-compress-program unzstd
2026-10-03T04:09:13.4416604Z Cache restored successfully
2026-10-03T04:09:13.4418999Z Restored cache entry with key gradle-groovy-dsl-v1-61a76c5b6d5e4b5c4e7b8de115d50879 to /home/runner/.gradle/caches/*/groovy-dsl/*/ in 342ms
2026-10-03T04:09:13.4500085Z ##[endgroup]
2026-10-03T04:09:13.4665422Z ##[group]All Gradle Wrapper jars are valid
2026-10-03T04:09:13.4695029Z 
2026-10-03T04:09:13.4707683Z ##[endgroup]
2026-10-03T04:09:13.5166792Z ##[group]Provision Gradle 8.10.2
2026-10-03T04:09:17.0955484Z Cache hit for: gradle-8.10.2
2026-10-03T04:09:18.1928855Z Received 134217728 of 136494016 (98.3%), 128.1 MBs/sec
2026-10-03T04:09:18.2785290Z Received 136494016 of 136494016 (100.0%), 120.0 MBs/sec
2026-10-03T04:09:18.2787375Z Cache Size: ~130 MB (136494016 B)
2026-10-03T04:09:18.2812616Z [command]/usr/bin/tar -xf /home/runner/work/_temp/5da868e0-964a-402e-899e-55cb9c57dec9/cache.tzst -P -C /home/runner/work/Jarvis-OS-V2/Jarvis-OS-V2 --use-compress-program unzstd
2026-10-03T04:09:18.4450322Z Cache restored successfully
2026-10-03T04:09:18.4516568Z Restored Gradle distribution gradle-8.10.2 from cache to /home/runner/work/_temp/.gradle-actions/gradle-installations/downloads/gradle-8.10.2-bin.zip
2026-10-03T04:09:18.4532232Z [command]/usr/bin/unzip -o -q /home/runner/work/_temp/.gradle-actions/gradle-installations/downloads/gradle-8.10.2-bin.zip
2026-10-03T04:09:19.5252778Z Extracted Gradle 8.10.2 to /home/runner/work/_temp/.gradle-actions/gradle-installations/installs/gradle-8.10.2
2026-10-03T04:09:19.5254706Z Provisioned Gradle executable /home/runner/work/_temp/.gradle-actions/gradle-installations/installs/gradle-8.10.2/bin/gradle
2026-10-03T04:09:19.5255796Z ##[endgroup]
2026-10-03T04:09:19.5410179Z ##[group]Run cmake -S app/src/main/cpp/microwakeword -B /tmp/keyword-native -DCMAKE_BUILD_TYPE=Release
2026-10-03T04:09:19.5411008Z [36;1mcmake -S app/src/main/cpp/microwakeword -B /tmp/keyword-native -DCMAKE_BUILD_TYPE=Release[0m
2026-10-03T04:09:19.5411607Z [36;1mcmake --build /tmp/keyword-native --parallel 2[0m
2026-10-03T04:09:19.5412134Z [36;1mpython3 scripts/check_keyword_models.py /tmp/keyword-native/microwakeword_test[0m
2026-10-03T04:09:19.5481700Z shell: /usr/bin/bash -e {0}
2026-10-03T04:09:19.5482004Z env:
2026-10-03T04:09:19.5482377Z   JAVA_HOME: /opt/hostedtoolcache/Java_Temurin-Hotspot_jdk/21.0.12-1/x64
2026-10-03T04:09:19.5482938Z   JAVA_HOME_21_X64: /opt/hostedtoolcache/Java_Temurin-Hotspot_jdk/21.0.12-1/x64
2026-10-03T04:09:19.5483414Z   GRADLE_ACTION_ID: gradle/actions/setup-gradle
2026-10-03T04:09:19.5483762Z   GRADLE_USER_HOME: /home/runner/.gradle
2026-10-03T04:09:19.5484109Z   GRADLE_BUILD_ACTION_SETUP_COMPLETED: true
2026-10-03T04:09:19.5484708Z   GRADLE_BUILD_ACTION_CACHE_RESTORED: true
2026-10-03T04:09:19.5485199Z   DEVELOCITY_INJECTION_INIT_SCRIPT_NAME: gradle-actions.inject-develocity.init.gradle
2026-10-03T04:09:19.5485953Z   DEVELOCITY_INJECTION_CUSTOM_VALUE: gradle-actions
2026-10-03T04:09:19.5486335Z   GITHUB_DEPENDENCY_GRAPH_ENABLED: false
2026-10-03T04:09:19.5486664Z ##[endgroup]
2026-10-03T04:09:20.3893632Z -- The C compiler identification is GNU 13.3.0
2026-10-03T04:09:20.5407321Z -- The CXX compiler identification is GNU 13.3.0
2026-10-03T04:09:20.6394916Z -- Detecting C compiler ABI info
2026-10-03T04:09:20.8322639Z -- Detecting C compiler ABI info - done
2026-10-03T04:09:20.8493409Z -- Check for working C compiler: /usr/bin/cc - skipped
2026-10-03T04:09:20.8548495Z -- Detecting C compile features
2026-10-03T04:09:20.8605889Z -- Detecting C compile features - done
2026-10-03T04:09:20.8861927Z -- Detecting CXX compiler ABI info
2026-10-03T04:09:20.9679563Z -- Detecting CXX compiler ABI info - done
2026-10-03T04:09:20.9854512Z -- Check for working CXX compiler: /usr/bin/c++ - skipped
2026-10-03T04:09:20.9858337Z -- Detecting CXX compile features
2026-10-03T04:09:20.9865218Z -- Detecting CXX compile features - done
2026-10-03T04:09:21.0301475Z CMake Warning (dev) at /usr/local/share/cmake-3.31/Modules/FetchContent.cmake:1373 (message):
2026-10-03T04:09:21.0302154Z   The DOWNLOAD_EXTRACT_TIMESTAMP option was not given and policy CMP0135 is
2026-10-03T04:09:21.0302719Z   not set.  The policy's OLD behavior will be used.  When using a URL
2026-10-03T04:09:21.0303239Z   download, the timestamps of extracted files should preferably be that of
2026-10-03T04:09:21.0303752Z   the time of extraction, otherwise code that depends on the extracted
2026-10-03T04:09:21.0304408Z   contents might not be rebuilt if the URL changes.  The OLD behavior
2026-10-03T04:09:21.0304955Z   preserves the timestamps from the archive instead, but this is usually not
2026-10-03T04:09:21.0305616Z   what you want.  Update your project to the NEW behavior or specify the
2026-10-03T04:09:21.0306450Z   DOWNLOAD_EXTRACT_TIMESTAMP option with a value of true to avoid this
2026-10-03T04:09:21.0307110Z   robustness issue.
2026-10-03T04:09:21.0307496Z Call Stack (most recent call first):
2026-10-03T04:09:21.0307838Z   CMakeLists.txt:14 (FetchContent_Declare)
2026-10-03T04:09:21.0308291Z This warning is for project developers.  Use -Wno-dev to suppress it.
2026-10-03T04:09:21.0308601Z 
2026-10-03T04:09:21.0308914Z CMake Warning (dev) at /usr/local/share/cmake-3.31/Modules/FetchContent.cmake:1373 (message):
2026-10-03T04:09:21.0309520Z   The DOWNLOAD_EXTRACT_TIMESTAMP option was not given and policy CMP0135 is
2026-10-03T04:09:21.0310064Z   not set.  The policy's OLD behavior will be used.  When using a URL
2026-10-03T04:09:21.0310571Z   download, the timestamps of extracted files should preferably be that of
2026-10-03T04:09:21.0311089Z   the time of extraction, otherwise code that depends on the extracted
2026-10-03T04:09:21.0312100Z   contents might not be rebuilt if the URL changes.  The OLD behavior
2026-10-03T04:09:21.0312966Z   preserves the timestamps from the archive instead, but this is usually not
2026-10-03T04:09:21.0313591Z   what you want.  Update your project to the NEW behavior or specify the
2026-10-03T04:09:21.0314099Z   DOWNLOAD_EXTRACT_TIMESTAMP option with a value of true to avoid this
2026-10-03T04:09:21.0314645Z   robustness issue.
2026-10-03T04:09:21.0314928Z Call Stack (most recent call first):
2026-10-03T04:09:21.0315258Z   CMakeLists.txt:28 (FetchContent_Declare)
2026-10-03T04:09:21.0315677Z This warning is for project developers.  Use -Wno-dev to suppress it.
2026-10-03T04:09:21.0315969Z 
2026-10-03T04:09:21.0316272Z CMake Warning (dev) at /usr/local/share/cmake-3.31/Modules/FetchContent.cmake:1373 (message):
2026-10-03T04:09:21.0317038Z   The DOWNLOAD_EXTRACT_TIMESTAMP option was not given and policy CMP0135 is
2026-10-03T04:09:21.0317712Z   not set.  The policy's OLD behavior will be used.  When using a URL
2026-10-03T04:09:21.0318212Z   download, the timestamps of extracted files should preferably be that of
2026-10-03T04:09:21.0318904Z   the time of extraction, otherwise code that depends on the extracted
2026-10-03T04:09:21.0319383Z   contents might not be rebuilt if the URL changes.  The OLD behavior
2026-10-03T04:09:21.0319896Z   preserves the timestamps from the archive instead, but this is usually not
2026-10-03T04:09:21.0320419Z   what you want.  Update your project to the NEW behavior or specify the
2026-10-03T04:09:21.0320913Z   DOWNLOAD_EXTRACT_TIMESTAMP option with a value of true to avoid this
2026-10-03T04:09:21.0321379Z   robustness issue.
2026-10-03T04:09:21.0321813Z Call Stack (most recent call first):
2026-10-03T04:09:21.0322190Z   CMakeLists.txt:35 (FetchContent_Declare)
2026-10-03T04:09:21.0322606Z This warning is for project developers.  Use -Wno-dev to suppress it.
2026-10-03T04:09:21.0322895Z 
2026-10-03T04:09:21.0323182Z CMake Warning (dev) at /usr/local/share/cmake-3.31/Modules/FetchContent.cmake:1373 (message):
2026-10-03T04:09:21.0323779Z   The DOWNLOAD_EXTRACT_TIMESTAMP option was not given and policy CMP0135 is
2026-10-03T04:09:21.0324416Z   not set.  The policy's OLD behavior will be used.  When using a URL
2026-10-03T04:09:21.0324913Z   download, the timestamps of extracted files should preferably be that of
2026-10-03T04:09:21.0325413Z   the time of extraction, otherwise code that depends on the extracted
2026-10-03T04:09:21.0325927Z   contents might not be rebuilt if the URL changes.  The OLD behavior
2026-10-03T04:09:21.0326778Z   preserves the timestamps from the archive instead, but this is usually not
2026-10-03T04:09:21.0327325Z   what you want.  Update your project to the NEW behavior or specify the
2026-10-03T04:09:21.0327838Z   DOWNLOAD_EXTRACT_TIMESTAMP option with a value of true to avoid this
2026-10-03T04:09:21.0328247Z   robustness issue.
2026-10-03T04:09:21.0328525Z Call Stack (most recent call first):
2026-10-03T04:09:21.0328856Z   CMakeLists.txt:46 (FetchContent_Declare)
2026-10-03T04:09:21.0329283Z This warning is for project developers.  Use -Wno-dev to suppress it.
2026-10-03T04:09:21.0329607Z 
2026-10-03T04:09:21.0329891Z CMake Warning (dev) at /usr/local/share/cmake-3.31/Modules/FetchContent.cmake:1373 (message):
2026-10-03T04:09:21.0330490Z   The DOWNLOAD_EXTRACT_TIMESTAMP option was not given and policy CMP0135 is
2026-10-03T04:09:21.0330992Z   not set.  The policy's OLD behavior will be used.  When using a URL
2026-10-03T04:09:21.0331486Z   download, the timestamps of extracted files should preferably be that of
2026-10-03T04:09:21.0332148Z   the time of extraction, otherwise code that depends on the extracted
2026-10-03T04:09:21.0332675Z   contents might not be rebuilt if the URL changes.  The OLD behavior
2026-10-03T04:09:21.0333193Z   preserves the timestamps from the archive instead, but this is usually not
2026-10-03T04:09:21.0333721Z   what you want.  Update your project to the NEW behavior or specify the
2026-10-03T04:09:21.0334336Z   DOWNLOAD_EXTRACT_TIMESTAMP option with a value of true to avoid this
2026-10-03T04:09:21.0334912Z   robustness issue.
2026-10-03T04:09:21.0335190Z Call Stack (most recent call first):
2026-10-03T04:09:21.0335526Z   CMakeLists.txt:53 (FetchContent_Declare)
2026-10-03T04:09:21.0335942Z This warning is for project developers.  Use -Wno-dev to suppress it.
2026-10-03T04:09:21.0336224Z 
2026-10-03T04:09:21.0336594Z CMake Warning (dev) at /usr/local/share/cmake-3.31/Modules/FetchContent.cmake:1953 (message):
2026-10-03T04:09:21.0337150Z   Calling FetchContent_Populate(kissfft) is deprecated, call
2026-10-03T04:09:21.0337667Z   FetchContent_MakeAvailable(kissfft) instead.  Policy CMP0169 can be set to
2026-10-03T04:09:21.0338219Z   OLD to allow FetchContent_Populate(kissfft) to be called directly for now,
2026-10-03T04:09:21.0338744Z   but the ability to call it with declared details will be removed completely
2026-10-03T04:09:21.0339161Z   in a future version.
2026-10-03T04:09:21.0339499Z Call Stack (most recent call first):
2026-10-03T04:09:21.0339843Z   CMakeLists.txt:64 (FetchContent_Populate)
2026-10-03T04:09:21.0340277Z This warning is for project developers.  Use -Wno-dev to suppress it.
2026-10-03T04:09:21.0340713Z 
2026-10-03T04:09:21.6217483Z CMake Warning (dev) at /usr/local/share/cmake-3.31/Modules/FetchContent.cmake:1953 (message):
2026-10-03T04:09:21.6218159Z   Calling FetchContent_Populate(tflite_micro) is deprecated, call
2026-10-03T04:09:21.6218707Z   FetchContent_MakeAvailable(tflite_micro) instead.  Policy CMP0169 can be
2026-10-03T04:09:21.6219246Z   set to OLD to allow FetchContent_Populate(tflite_micro) to be called
2026-10-03T04:09:21.6219786Z   directly for now, but the ability to call it with declared details will be
2026-10-03T04:09:21.6220239Z   removed completely in a future version.
2026-10-03T04:09:21.6220584Z Call Stack (most recent call first):
2026-10-03T04:09:21.6220922Z   CMakeLists.txt:64 (FetchContent_Populate)
2026-10-03T04:09:21.6221363Z This warning is for project developers.  Use -Wno-dev to suppress it.
2026-10-03T04:09:21.6221667Z 
2026-10-03T04:09:22.7377989Z CMake Warning (dev) at /usr/local/share/cmake-3.31/Modules/FetchContent.cmake:1953 (message):
2026-10-03T04:09:22.7378678Z   Calling FetchContent_Populate(flatbuffers) is deprecated, call
2026-10-03T04:09:22.7379238Z   FetchContent_MakeAvailable(flatbuffers) instead.  Policy CMP0169 can be set
2026-10-03T04:09:22.7379804Z   to OLD to allow FetchContent_Populate(flatbuffers) to be called directly
2026-10-03T04:09:22.7380341Z   for now, but the ability to call it with declared details will be removed
2026-10-03T04:09:22.7380769Z   completely in a future version.
2026-10-03T04:09:22.7381098Z Call Stack (most recent call first):
2026-10-03T04:09:22.7381443Z   CMakeLists.txt:64 (FetchContent_Populate)
2026-10-03T04:09:22.7381877Z This warning is for project developers.  Use -Wno-dev to suppress it.
2026-10-03T04:09:22.7382190Z 
2026-10-03T04:09:23.5478799Z CMake Warning (dev) at /usr/local/share/cmake-3.31/Modules/FetchContent.cmake:1953 (message):
2026-10-03T04:09:23.5479525Z   Calling FetchContent_Populate(gemmlowp) is deprecated, call
2026-10-03T04:09:23.5480075Z   FetchContent_MakeAvailable(gemmlowp) instead.  Policy CMP0169 can be set to
2026-10-03T04:09:23.5480672Z   OLD to allow FetchContent_Populate(gemmlowp) to be called directly for now,
2026-10-03T04:09:23.5481203Z   but the ability to call it with declared details will be removed completely
2026-10-03T04:09:23.5481643Z   in a future version.
2026-10-03T04:09:23.5481939Z Call Stack (most recent call first):
2026-10-03T04:09:23.5482286Z   CMakeLists.txt:64 (FetchContent_Populate)
2026-10-03T04:09:23.5482731Z This warning is for project developers.  Use -Wno-dev to suppress it.
2026-10-03T04:09:23.5483038Z 
2026-10-03T04:09:24.0248866Z CMake Warning (dev) at /usr/local/share/cmake-3.31/Modules/FetchContent.cmake:1953 (message):
2026-10-03T04:09:24.0249516Z   Calling FetchContent_Populate(ruy) is deprecated, call
2026-10-03T04:09:24.0250053Z   FetchContent_MakeAvailable(ruy) instead.  Policy CMP0169 can be set to OLD
2026-10-03T04:09:24.0251012Z   to allow FetchContent_Populate(ruy) to be called directly for now, but the
2026-10-03T04:09:24.0251581Z   ability to call it with declared details will be removed completely in a
2026-10-03T04:09:24.0252007Z   future version.
2026-10-03T04:09:24.0252284Z Call Stack (most recent call first):
2026-10-03T04:09:24.0252632Z   CMakeLists.txt:64 (FetchContent_Populate)
2026-10-03T04:09:24.0253079Z This warning is for project developers.  Use -Wno-dev to suppress it.
2026-10-03T04:09:24.0253382Z 
2026-10-03T04:09:24.4331240Z -- Configuring done (4.4s)
2026-10-03T04:09:24.4583609Z -- Generating done (0.0s)
2026-10-03T04:09:24.4586960Z -- Build files have been written to: /tmp/keyword-native
2026-10-03T04:09:24.4837681Z [  1%] Building CXX object CMakeFiles/tflite_micro_frontend.dir/_deps/tflite_micro-src/tensorflow/lite/experimental/microfrontend/lib/fft.cc.o
2026-10-03T04:09:24.4873090Z [  2%] Building CXX object CMakeFiles/tflite_micro_interpreter.dir/_deps/tflite_micro-src/tensorflow/lite/micro/micro_interpreter.cc.o
2026-10-03T04:09:24.6777748Z [  3%] Building CXX object CMakeFiles/tflite_micro_frontend.dir/_deps/tflite_micro-src/tensorflow/lite/experimental/microfrontend/lib/fft_util.cc.o
2026-10-03T04:09:24.8215057Z [  4%] Building CXX object CMakeFiles/tflite_micro_frontend.dir/_deps/tflite_micro-src/tensorflow/lite/experimental/microfrontend/lib/kiss_fft_int16.cc.o
2026-10-03T04:09:25.4183920Z [  5%] Building C object CMakeFiles/tflite_micro_frontend.dir/_deps/tflite_micro-src/tensorflow/lite/experimental/microfrontend/lib/filterbank.c.o
2026-10-03T04:09:25.5115500Z [  6%] Building C object CMakeFiles/tflite_micro_frontend.dir/_deps/tflite_micro-src/tensorflow/lite/experimental/microfrontend/lib/filterbank_util.c.o
2026-10-03T04:09:25.6097887Z [  7%] Building C object CMakeFiles/tflite_micro_frontend.dir/_deps/tflite_micro-src/tensorflow/lite/experimental/microfrontend/lib/frontend.c.o
2026-10-03T04:09:25.6399661Z [  8%] Building C object CMakeFiles/tflite_micro_frontend.dir/_deps/tflite_micro-src/tensorflow/lite/experimental/microfrontend/lib/frontend_util.c.o
2026-10-03T04:09:25.6800774Z [  9%] Building C object CMakeFiles/tflite_micro_frontend.dir/_deps/tflite_micro-src/tensorflow/lite/experimental/microfrontend/lib/log_lut.c.o
2026-10-03T04:09:25.6930505Z [ 10%] Building C object CMakeFiles/tflite_micro_frontend.dir/_deps/tflite_micro-src/tensorflow/lite/experimental/microfrontend/lib/log_scale.c.o
2026-10-03T04:09:25.7387385Z [ 11%] Building C object CMakeFiles/tflite_micro_frontend.dir/_deps/tflite_micro-src/tensorflow/lite/experimental/microfrontend/lib/log_scale_util.c.o
2026-10-03T04:09:25.7624563Z [ 12%] Building C object CMakeFiles/tflite_micro_frontend.dir/_deps/tflite_micro-src/tensorflow/lite/experimental/microfrontend/lib/noise_reduction.c.o
2026-10-03T04:09:25.7957473Z [ 13%] Building C object CMakeFiles/tflite_micro_frontend.dir/_deps/tflite_micro-src/tensorflow/lite/experimental/microfrontend/lib/noise_reduction_util.c.o
2026-10-03T04:09:25.8275142Z [ 14%] Building C object CMakeFiles/tflite_micro_frontend.dir/_deps/tflite_micro-src/tensorflow/lite/experimental/microfrontend/lib/pcan_gain_control.c.o
2026-10-03T04:09:25.8617352Z [ 15%] Building C object CMakeFiles/tflite_micro_frontend.dir/_deps/tflite_micro-src/tensorflow/lite/experimental/microfrontend/lib/pcan_gain_control_util.c.o
2026-10-03T04:09:25.9106763Z [ 16%] Building C object CMakeFiles/tflite_micro_frontend.dir/_deps/tflite_micro-src/tensorflow/lite/experimental/microfrontend/lib/window.c.o
2026-10-03T04:09:25.9611734Z [ 17%] Building C object CMakeFiles/tflite_micro_frontend.dir/_deps/tflite_micro-src/tensorflow/lite/experimental/microfrontend/lib/window_util.c.o
2026-10-03T04:09:26.0072340Z [ 18%] Linking CXX static library libtflite_micro_frontend.a
2026-10-03T04:09:26.5831116Z [ 18%] Built target tflite_micro_frontend
2026-10-03T04:09:26.5857515Z [ 19%] Building CXX object CMakeFiles/tflite_micro_interpreter.dir/_deps/tflite_micro-src/tensorflow/lite/micro/micro_allocator.cc.o
2026-10-03T04:09:26.9410623Z [ 20%] Building CXX object CMakeFiles/tflite_micro_interpreter.dir/_deps/tflite_micro-src/tensorflow/lite/micro/micro_context.cc.o
2026-10-03T04:09:29.0708897Z [ 21%] Building CXX object CMakeFiles/tflite_micro_interpreter.dir/_deps/tflite_micro-src/tensorflow/lite/micro/micro_op_resolver.cc.o
2026-10-03T04:09:29.2287595Z [ 22%] Building CXX object CMakeFiles/tflite_micro_interpreter.dir/_deps/tflite_micro-src/tensorflow/lite/micro/micro_utils.cc.o
2026-10-03T04:09:31.2213055Z [ 23%] Building CXX object CMakeFiles/tflite_micro_interpreter.dir/_deps/tflite_micro-src/tensorflow/lite/micro/micro_log.cc.o
2026-10-03T04:09:31.2512734Z [ 24%] Building CXX object CMakeFiles/tflite_micro_interpreter.dir/_deps/tflite_micro-src/tensorflow/lite/micro/flatbuffer_utils.cc.o
2026-10-03T04:09:31.5533930Z [ 25%] Building CXX object CMakeFiles/tflite_micro_interpreter.dir/_deps/tflite_micro-src/tensorflow/lite/micro/memory_helpers.cc.o
2026-10-03T04:09:33.6603425Z [ 26%] Building CXX object CMakeFiles/tflite_micro_interpreter.dir/_deps/tflite_micro-src/tensorflow/lite/micro/micro_allocation_info.cc.o
2026-10-03T04:09:33.6654830Z [ 27%] Building CXX object CMakeFiles/tflite_micro_interpreter.dir/_deps/tflite_micro-src/tensorflow/lite/micro/micro_interpreter_context.cc.o
2026-10-03T04:09:35.9582304Z [ 28%] Building CXX object CMakeFiles/tflite_micro_interpreter.dir/_deps/tflite_micro-src/tensorflow/lite/micro/micro_interpreter_graph.cc.o
2026-10-03T04:09:36.0952809Z [ 29%] Building CXX object CMakeFiles/tflite_micro_interpreter.dir/_deps/tflite_micro-src/tensorflow/lite/micro/micro_resource_variable.cc.o
2026-10-03T04:09:38.3616904Z [ 30%] Building CXX object CMakeFiles/tflite_micro_interpreter.dir/_deps/tflite_micro-src/tensorflow/lite/micro/micro_profiler.cc.o
2026-10-03T04:09:38.3628262Z [ 31%] Building CXX object CMakeFiles/tflite_micro_interpreter.dir/_deps/tflite_micro-src/tensorflow/lite/micro/micro_time.cc.o
2026-10-03T04:09:38.3834048Z [ 32%] Building CXX object CMakeFiles/tflite_micro_interpreter.dir/_deps/tflite_micro-src/tensorflow/lite/micro/system_setup.cc.o
2026-10-03T04:09:38.3992408Z [ 33%] Building CXX object CMakeFiles/tflite_micro_interpreter.dir/_deps/tflite_micro-src/tensorflow/lite/micro/fake_micro_context.cc.o
2026-10-03T04:09:38.5962408Z [ 34%] Building CXX object CMakeFiles/tflite_micro_interpreter.dir/_deps/tflite_micro-src/tensorflow/lite/micro/debug_log.cc.o
2026-10-03T04:09:38.6246037Z [ 35%] Building CXX object CMakeFiles/tflite_micro_interpreter.dir/_deps/tflite_micro-src/tensorflow/lite/micro/arena_allocator/single_arena_buffer_allocator.cc.o
2026-10-03T04:09:40.6963288Z [ 36%] Building CXX object CMakeFiles/tflite_micro_interpreter.dir/_deps/tflite_micro-src/tensorflow/lite/micro/arena_allocator/non_persistent_arena_buffer_allocator.cc.o
2026-10-03T04:09:40.7151572Z [ 37%] Building CXX object CMakeFiles/tflite_micro_interpreter.dir/_deps/tflite_micro-src/tensorflow/lite/micro/arena_allocator/persistent_arena_buffer_allocator.cc.o
2026-10-03T04:09:42.7686517Z [ 38%] Building CXX object CMakeFiles/tflite_micro_interpreter.dir/_deps/tflite_micro-src/tensorflow/lite/micro/memory_planner/greedy_memory_planner.cc.o
2026-10-03T04:09:42.7707475Z [ 39%] Building CXX object CMakeFiles/tflite_micro_interpreter.dir/_deps/tflite_micro-src/tensorflow/lite/micro/memory_planner/linear_memory_planner.cc.o
2026-10-03T04:09:42.8185062Z [ 40%] Building CXX object CMakeFiles/tflite_micro_interpreter.dir/_deps/tflite_micro-src/tensorflow/lite/micro/memory_planner/non_persistent_buffer_planner_shim.cc.o
2026-10-03T04:09:42.9282354Z [ 41%] Building CXX object CMakeFiles/tflite_micro_interpreter.dir/_deps/tflite_micro-src/tensorflow/lite/micro/tflite_bridge/micro_error_reporter.cc.o
2026-10-03T04:09:42.9553244Z [ 42%] Building CXX object CMakeFiles/tflite_micro_interpreter.dir/_deps/tflite_micro-src/tensorflow/lite/micro/tflite_bridge/flatbuffer_conversions_bridge.cc.o
2026-10-03T04:09:42.9725502Z [ 43%] Building CXX object CMakeFiles/tflite_micro_interpreter.dir/_deps/tflite_micro-src/tensorflow/compiler/mlir/lite/core/api/error_reporter.cc.o
2026-10-03T04:09:42.9961597Z [ 44%] Building CXX object CMakeFiles/tflite_micro_interpreter.dir/_deps/tflite_micro-src/tensorflow/lite/core/c/common.cc.o
2026-10-03T04:09:43.0580142Z [ 45%] Building CXX object CMakeFiles/tflite_micro_interpreter.dir/_deps/tflite_micro-src/tensorflow/lite/core/api/flatbuffer_conversions.cc.o
2026-10-03T04:09:45.0097125Z [ 46%] Building CXX object CMakeFiles/tflite_micro_interpreter.dir/_deps/tflite_micro-src/tensorflow/lite/core/api/tensor_utils.cc.o
2026-10-03T04:09:45.0508904Z [ 47%] Building CXX object CMakeFiles/tflite_micro_interpreter.dir/_deps/tflite_micro-src/tensorflow/lite/kernels/kernel_util.cc.o
2026-10-03T04:09:45.4880105Z [ 48%] Building CXX object CMakeFiles/tflite_micro_interpreter.dir/_deps/tflite_micro-src/tensorflow/lite/kernels/internal/common.cc.o
2026-10-03T04:09:45.7550381Z [ 49%] Building CXX object CMakeFiles/tflite_micro_interpreter.dir/_deps/tflite_micro-src/tensorflow/lite/kernels/internal/quantization_util.cc.o
2026-10-03T04:09:45.9598750Z [ 50%] Building CXX object CMakeFiles/tflite_micro_interpreter.dir/_deps/tflite_micro-src/tensorflow/lite/kernels/internal/portable_tensor_utils.cc.o
2026-10-03T04:09:46.2197806Z [ 51%] Building CXX object CMakeFiles/tflite_micro_interpreter.dir/_deps/tflite_micro-src/tensorflow/lite/kernels/internal/tensor_ctypes.cc.o
2026-10-03T04:09:46.3496630Z [ 52%] Building CXX object CMakeFiles/tflite_micro_interpreter.dir/_deps/tflite_micro-src/tensorflow/lite/kernels/internal/runtime_shape.cc.o
2026-10-03T04:09:46.3795986Z [ 53%] Building CXX object CMakeFiles/tflite_micro_interpreter.dir/_deps/tflite_micro-src/tensorflow/lite/kernels/internal/reference/portable_tensor_utils.cc.o
2026-10-03T04:09:46.6042505Z [ 54%] Building CXX object CMakeFiles/tflite_micro_interpreter.dir/_deps/tflite_micro-src/tensorflow/compiler/mlir/lite/schema/schema_utils.cc.o
2026-10-03T04:09:47.4973744Z [ 55%] Building CXX object CMakeFiles/tflite_micro_interpreter.dir/_deps/tflite_micro-src/tensorflow/lite/micro/kernels/conv.cc.o
2026-10-03T04:09:48.7871435Z [ 56%] Building CXX object CMakeFiles/tflite_micro_interpreter.dir/_deps/tflite_micro-src/tensorflow/lite/micro/kernels/conv_common.cc.o
2026-10-03T04:09:50.1342019Z [ 57%] Building CXX object CMakeFiles/tflite_micro_interpreter.dir/_deps/tflite_micro-src/tensorflow/lite/micro/kernels/depthwise_conv.cc.o
2026-10-03T04:09:51.1262494Z [ 58%] Building CXX object CMakeFiles/tflite_micro_interpreter.dir/_deps/tflite_micro-src/tensorflow/lite/micro/kernels/depthwise_conv_common.cc.o
2026-10-03T04:09:52.6334451Z [ 59%] Building CXX object CMakeFiles/tflite_micro_interpreter.dir/_deps/tflite_micro-src/tensorflow/lite/micro/kernels/fully_connected.cc.o
2026-10-03T04:09:53.5190446Z [ 60%] Building CXX object CMakeFiles/tflite_micro_interpreter.dir/_deps/tflite_micro-src/tensorflow/lite/micro/kernels/fully_connected_common.cc.o
2026-10-03T04:09:55.2779173Z [ 61%] Building CXX object CMakeFiles/tflite_micro_interpreter.dir/_deps/tflite_micro-src/tensorflow/lite/micro/kernels/pooling.cc.o
2026-10-03T04:09:55.8485306Z [ 62%] Building CXX object CMakeFiles/tflite_micro_interpreter.dir/_deps/tflite_micro-src/tensorflow/lite/micro/kernels/pooling_common.cc.o
2026-10-03T04:09:57.7262713Z [ 63%] Building CXX object CMakeFiles/tflite_micro_interpreter.dir/_deps/tflite_micro-src/tensorflow/lite/micro/kernels/reshape.cc.o
2026-10-03T04:09:58.2566445Z [ 64%] Building CXX object CMakeFiles/tflite_micro_interpreter.dir/_deps/tflite_micro-src/tensorflow/lite/micro/kernels/reshape_common.cc.o
2026-10-03T04:10:00.0176077Z [ 65%] Building CXX object CMakeFiles/tflite_micro_interpreter.dir/_deps/tflite_micro-src/tensorflow/lite/micro/kernels/softmax.cc.o
2026-10-03T04:10:00.5910352Z [ 66%] Building CXX object CMakeFiles/tflite_micro_interpreter.dir/_deps/tflite_micro-src/tensorflow/lite/micro/kernels/softmax_common.cc.o
2026-10-03T04:10:02.5880471Z [ 67%] Building CXX object CMakeFiles/tflite_micro_interpreter.dir/_deps/tflite_micro-src/tensorflow/lite/micro/kernels/logistic.cc.o
2026-10-03T04:10:02.9453714Z [ 68%] Building CXX object CMakeFiles/tflite_micro_interpreter.dir/_deps/tflite_micro-src/tensorflow/lite/micro/kernels/logistic_common.cc.o
2026-10-03T04:10:05.0320033Z [ 69%] Building CXX object CMakeFiles/tflite_micro_interpreter.dir/_deps/tflite_micro-src/tensorflow/lite/micro/kernels/add.cc.o
2026-10-03T04:10:05.2949316Z [ 70%] Building CXX object CMakeFiles/tflite_micro_interpreter.dir/_deps/tflite_micro-src/tensorflow/lite/micro/kernels/add_common.cc.o
2026-10-03T04:10:07.5949315Z [ 71%] Building CXX object CMakeFiles/tflite_micro_interpreter.dir/_deps/tflite_micro-src/tensorflow/lite/micro/kernels/mul.cc.o
2026-10-03T04:10:07.9626500Z [ 72%] Building CXX object CMakeFiles/tflite_micro_interpreter.dir/_deps/tflite_micro-src/tensorflow/lite/micro/kernels/mul_common.cc.o
2026-10-03T04:10:09.9075161Z [ 73%] Building CXX object CMakeFiles/tflite_micro_interpreter.dir/_deps/tflite_micro-src/tensorflow/lite/micro/kernels/quantize.cc.o
2026-10-03T04:10:10.7354985Z [ 74%] Building CXX object CMakeFiles/tflite_micro_interpreter.dir/_deps/tflite_micro-src/tensorflow/lite/micro/kernels/quantize_common.cc.o
2026-10-03T04:10:12.1922303Z [ 75%] Building CXX object CMakeFiles/tflite_micro_interpreter.dir/_deps/tflite_micro-src/tensorflow/lite/micro/kernels/dequantize.cc.o
2026-10-03T04:10:13.1347528Z [ 76%] Building CXX object CMakeFiles/tflite_micro_interpreter.dir/_deps/tflite_micro-src/tensorflow/lite/micro/kernels/dequantize_common.cc.o
2026-10-03T04:10:14.5659174Z [ 77%] Building CXX object CMakeFiles/tflite_micro_interpreter.dir/_deps/tflite_micro-src/tensorflow/lite/micro/kernels/activations.cc.o
2026-10-03T04:10:15.4747918Z [ 78%] Building CXX object CMakeFiles/tflite_micro_interpreter.dir/_deps/tflite_micro-src/tensorflow/lite/micro/kernels/activations_common.cc.o
2026-10-03T04:10:16.9521526Z [ 79%] Building CXX object CMakeFiles/tflite_micro_interpreter.dir/_deps/tflite_micro-src/tensorflow/lite/micro/kernels/pad.cc.o
2026-10-03T04:10:17.8715924Z [ 80%] Building CXX object CMakeFiles/tflite_micro_interpreter.dir/_deps/tflite_micro-src/tensorflow/lite/micro/kernels/pad_common.cc.o
2026-10-03T04:10:19.5706570Z [ 81%] Building CXX object CMakeFiles/tflite_micro_interpreter.dir/_deps/tflite_micro-src/tensorflow/lite/micro/kernels/concatenation.cc.o
2026-10-03T04:10:20.2051324Z [ 82%] Building CXX object CMakeFiles/tflite_micro_interpreter.dir/_deps/tflite_micro-src/tensorflow/lite/micro/kernels/strided_slice.cc.o
2026-10-03T04:10:22.0785133Z [ 83%] Building CXX object CMakeFiles/tflite_micro_interpreter.dir/_deps/tflite_micro-src/tensorflow/lite/micro/kernels/strided_slice_common.cc.o
2026-10-03T04:10:23.1810890Z [ 84%] Building CXX object CMakeFiles/tflite_micro_interpreter.dir/_deps/tflite_micro-src/tensorflow/lite/micro/kernels/pack.cc.o
2026-10-03T04:10:24.4781298Z [ 85%] Building CXX object CMakeFiles/tflite_micro_interpreter.dir/_deps/tflite_micro-src/tensorflow/lite/micro/kernels/unpack.cc.o
2026-10-03T04:10:25.5967913Z [ 86%] Building CXX object CMakeFiles/tflite_micro_interpreter.dir/_deps/tflite_micro-src/tensorflow/lite/micro/kernels/kernel_util.cc.o
2026-10-03T04:10:26.9000883Z [ 87%] Building CXX object CMakeFiles/tflite_micro_interpreter.dir/_deps/tflite_micro-src/tensorflow/lite/micro/kernels/micro_tensor_utils.cc.o
2026-10-03T04:10:27.1885737Z [ 88%] Building CXX object CMakeFiles/tflite_micro_interpreter.dir/_deps/tflite_micro-src/tensorflow/lite/micro/kernels/call_once.cc.o
2026-10-03T04:10:27.9359079Z [ 89%] Building CXX object CMakeFiles/tflite_micro_interpreter.dir/_deps/tflite_micro-src/tensorflow/lite/micro/kernels/var_handle.cc.o
2026-10-03T04:10:29.4688993Z [ 90%] Building CXX object CMakeFiles/tflite_micro_interpreter.dir/_deps/tflite_micro-src/tensorflow/lite/micro/kernels/read_variable.cc.o
2026-10-03T04:10:30.2689698Z [ 91%] Building CXX object CMakeFiles/tflite_micro_interpreter.dir/_deps/tflite_micro-src/tensorflow/lite/micro/kernels/assign_variable.cc.o
2026-10-03T04:10:31.7767299Z [ 92%] Building CXX object CMakeFiles/tflite_micro_interpreter.dir/_deps/tflite_micro-src/tensorflow/lite/micro/kernels/split_v.cc.o
2026-10-03T04:10:32.5700937Z [ 93%] Building CXX object CMakeFiles/tflite_micro_interpreter.dir/_deps/tflite_micro-src/tensorflow/lite/micro/kernels/reduce.cc.o
2026-10-03T04:10:34.1800392Z [ 94%] Building CXX object CMakeFiles/tflite_micro_interpreter.dir/_deps/tflite_micro-src/tensorflow/lite/micro/kernels/reduce_common.cc.o
2026-10-03T04:10:36.8354716Z [ 95%] Linking CXX static library libtflite_micro_interpreter.a
2026-10-03T04:10:36.9914524Z [ 95%] Built target tflite_micro_interpreter
2026-10-03T04:10:36.9992796Z [ 96%] Building CXX object CMakeFiles/microwakeword_test.dir/home/runner/work/Jarvis-OS-V2/Jarvis-OS-V2/scripts/microwakeword_test.cpp.o
2026-10-03T04:10:36.9995458Z [ 97%] Building CXX object CMakeFiles/microwakeword_test.dir/MicroWakeWordEngine.cpp.o
2026-10-03T04:10:39.4611899Z [ 98%] Building CXX object CMakeFiles/microwakeword_test.dir/MicroFrontendWrapper.cpp.o
2026-10-03T04:10:40.9715268Z [100%] Linking CXX executable microwakeword_test
2026-10-03T04:10:41.0459464Z [100%] Built target microwakeword_test
2026-10-03T04:10:41.1073095Z hey_jarvis: native model initialized, 5 seconds processed, no silence trigger
2026-10-03T04:10:41.1074621Z stop: native model initialized, 5 seconds processed, no silence trigger
2026-10-03T04:10:41.1176047Z ##[group]Run python3 -m unittest discover -s scripts -p 'test_*.py'
2026-10-03T04:10:41.1176972Z [36;1mpython3 -m unittest discover -s scripts -p 'test_*.py'[0m
2026-10-03T04:10:41.1274015Z shell: /usr/bin/bash -e {0}
2026-10-03T04:10:41.1274871Z env:
2026-10-03T04:10:41.1275256Z   JAVA_HOME: /opt/hostedtoolcache/Java_Temurin-Hotspot_jdk/21.0.12-1/x64
2026-10-03T04:10:41.1275822Z   JAVA_HOME_21_X64: /opt/hostedtoolcache/Java_Temurin-Hotspot_jdk/21.0.12-1/x64
2026-10-03T04:10:41.1276297Z   GRADLE_ACTION_ID: gradle/actions/setup-gradle
2026-10-03T04:10:41.1276650Z   GRADLE_USER_HOME: /home/runner/.gradle
2026-10-03T04:10:41.1276992Z   GRADLE_BUILD_ACTION_SETUP_COMPLETED: true
2026-10-03T04:10:41.1277357Z   GRADLE_BUILD_ACTION_CACHE_RESTORED: true
2026-10-03T04:10:41.1277851Z   DEVELOCITY_INJECTION_INIT_SCRIPT_NAME: gradle-actions.inject-develocity.init.gradle
2026-10-03T04:10:41.1278392Z   DEVELOCITY_INJECTION_CUSTOM_VALUE: gradle-actions
2026-10-03T04:10:41.1278806Z   GITHUB_DEPENDENCY_GRAPH_ENABLED: false
2026-10-03T04:10:41.1279118Z ##[endgroup]
2026-10-03T04:10:42.4036474Z .......................
2026-10-03T04:10:42.4037118Z ----------------------------------------------------------------------
2026-10-03T04:10:42.4037742Z Ran 23 tests in 1.175s
2026-10-03T04:10:42.4037999Z 
2026-10-03T04:10:42.4038143Z OK
2026-10-03T04:10:42.4038652Z Compact APK preserves identical native, DEX and asset payloads.
2026-10-03T04:10:42.4186068Z ##[group]Run test -n "$ANDROID_KEYSTORE_BASE64"
2026-10-03T04:10:42.4186509Z [36;1mtest -n "$ANDROID_KEYSTORE_BASE64"[0m
2026-10-03T04:10:42.4186889Z [36;1mtest -n "$ANDROID_KEYSTORE_PASSWORD"[0m
2026-10-03T04:10:42.4187251Z [36;1mtest -n "$ANDROID_KEY_ALIAS"[0m
2026-10-03T04:10:42.4187575Z [36;1mtest -n "$ANDROID_KEY_PASSWORD"[0m
2026-10-03T04:10:42.4188415Z [36;1mecho "$ANDROID_KEYSTORE_BASE64" | base64 --decode > "$RUNNER_TEMP/***.keystore"[0m
2026-10-03T04:10:42.4257600Z shell: /usr/bin/bash -e {0}
2026-10-03T04:10:42.4257909Z env:
2026-10-03T04:10:42.4258283Z   JAVA_HOME: /opt/hostedtoolcache/Java_Temurin-Hotspot_jdk/21.0.12-1/x64
2026-10-03T04:10:42.4258846Z   JAVA_HOME_21_X64: /opt/hostedtoolcache/Java_Temurin-Hotspot_jdk/21.0.12-1/x64
2026-10-03T04:10:42.4259334Z   GRADLE_ACTION_ID: gradle/actions/setup-gradle
2026-10-03T04:10:42.4259690Z   GRADLE_USER_HOME: /home/runner/.gradle
2026-10-03T04:10:42.4260041Z   GRADLE_BUILD_ACTION_SETUP_COMPLETED: true
2026-10-03T04:10:42.4260425Z   GRADLE_BUILD_ACTION_CACHE_RESTORED: true
2026-10-03T04:10:42.4260921Z   DEVELOCITY_INJECTION_INIT_SCRIPT_NAME: gradle-actions.inject-develocity.init.gradle
2026-10-03T04:10:42.4261448Z   DEVELOCITY_INJECTION_CUSTOM_VALUE: gradle-actions
2026-10-03T04:10:42.4261816Z   GITHUB_DEPENDENCY_GRAPH_ENABLED: false
2026-10-03T04:10:42.4282153Z   ANDROID_KEYSTORE_BASE64: ***
2026-10-03T04:10:42.4282620Z   ANDROID_KEYSTORE_PASSWORD: ***
2026-10-03T04:10:42.4282964Z   ANDROID_KEY_ALIAS: ***
2026-10-03T04:10:42.4283358Z   ANDROID_KEY_PASSWORD: ***
2026-10-03T04:10:42.4283641Z ##[endgroup]
2026-10-03T04:10:42.4422815Z ##[group]Run gradle --no-daemon testReleaseUnitTest assembleRelease assembleReleaseAndroidTest
2026-10-03T04:10:42.4423552Z [36;1mgradle --no-daemon testReleaseUnitTest assembleRelease assembleReleaseAndroidTest[0m
2026-10-03T04:10:42.4486052Z shell: /usr/bin/bash -e {0}
2026-10-03T04:10:42.4486369Z env:
2026-10-03T04:10:42.4486744Z   JAVA_HOME: /opt/hostedtoolcache/Java_Temurin-Hotspot_jdk/21.0.12-1/x64
2026-10-03T04:10:42.4487299Z   JAVA_HOME_21_X64: /opt/hostedtoolcache/Java_Temurin-Hotspot_jdk/21.0.12-1/x64
2026-10-03T04:10:42.4487775Z   GRADLE_ACTION_ID: gradle/actions/setup-gradle
2026-10-03T04:10:42.4488141Z   GRADLE_USER_HOME: /home/runner/.gradle
2026-10-03T04:10:42.4488495Z   GRADLE_BUILD_ACTION_SETUP_COMPLETED: true
2026-10-03T04:10:42.4488846Z   GRADLE_BUILD_ACTION_CACHE_RESTORED: true
2026-10-03T04:10:42.4489343Z   DEVELOCITY_INJECTION_INIT_SCRIPT_NAME: gradle-actions.inject-develocity.init.gradle
2026-10-03T04:10:42.4490101Z   DEVELOCITY_INJECTION_CUSTOM_VALUE: gradle-actions
2026-10-03T04:10:42.4490480Z   GITHUB_DEPENDENCY_GRAPH_ENABLED: false
2026-10-03T04:10:42.4490997Z   ANDROID_KEYSTORE_PATH: /home/runner/work/_temp/***.keystore
2026-10-03T04:10:42.4491539Z   ANDROID_KEYSTORE_PASSWORD: ***
2026-10-03T04:10:42.4491873Z   ANDROID_KEY_ALIAS: ***
2026-10-03T04:10:42.4492317Z   ANDROID_KEY_PASSWORD: ***
2026-10-03T04:10:42.4492616Z   ANDROID_VERSION_CODE: 911
2026-10-03T04:10:42.4492904Z   ANDROID_VERSION_NAME: 0.1.0-build.911
2026-10-03T04:10:42.4493219Z ##[endgroup]
2026-10-03T04:10:43.0983694Z To honour the JVM settings for this build a single-use Daemon process will be forked. For more on this, please refer to https://docs.gradle.org/8.10.2/userguide/gradle_daemon.html#sec:disabling_the_daemon in the Gradle documentation.
2026-10-03T04:10:44.4975431Z Daemon will be stopped at the end of the build 
2026-10-03T04:11:37.3991449Z > Task :app:buildKotlinToolingMetadata
2026-10-03T04:11:37.3993060Z > Task :app:checkKotlinGradlePluginConfigurationErrors SKIPPED
2026-10-03T04:11:37.8976012Z > Task :app:extractMoonshine
2026-10-03T04:12:07.8975049Z > Task :app:extractSherpa
2026-10-03T04:13:02.5978443Z 
2026-10-03T04:13:02.5979115Z > Task :app:buildSherpa
2026-10-03T04:13:02.5979723Z -- CMake version: 3.31.6
2026-10-03T04:13:02.5980928Z CMake Deprecation Warning at /usr/local/lib/android/sdk/ndk/27.2.12479018/build/cmake/android.toolchain.cmake:35 (cmake_minimum_required):
2026-10-03T04:13:02.5982359Z   Compatibility with CMake < 3.10 will be removed from a future version of
2026-10-03T04:13:02.5983143Z   CMake.
2026-10-03T04:13:02.5983398Z 
2026-10-03T04:13:02.5983990Z   Update the VERSION argument <min> value.  Or, use the <min>...<max> syntax
2026-10-03T04:13:02.5986539Z   to tell CMake that the project requires at least <min> but has been updated
2026-10-03T04:13:02.5987732Z   to work with policies introduced by <max> or earlier.
2026-10-03T04:13:02.5988708Z Call Stack (most recent call first):
2026-10-03T04:13:02.5989602Z   /usr/local/share/cmake-3.31/Modules/CMakeDetermineSystem.cmake:146 (include)
2026-10-03T04:13:02.5990229Z   CMakeLists.txt:26 (project)
2026-10-03T04:13:02.5990563Z 
2026-10-03T04:13:02.5990697Z 
2026-10-03T04:13:02.5991309Z CMake Deprecation Warning at /usr/local/lib/android/sdk/ndk/27.2.12479018/build/cmake/android-legacy.toolchain.cmake:35 (cmake_minimum_required):
2026-10-03T04:13:02.5992258Z   Compatibility with CMake < 3.10 will be removed from a future version of
2026-10-03T04:13:02.5992827Z   CMake.
2026-10-03T04:13:02.5993082Z 
2026-10-03T04:13:02.5993440Z   Update the VERSION argument <min> value.  Or, use the <min>...<max> syntax
2026-10-03T04:13:02.5994110Z   to tell CMake that the project requires at least <min> but has been updated
2026-10-03T04:13:02.5995080Z   to work with policies introduced by <max> or earlier.
2026-10-03T04:13:02.5995622Z Call Stack (most recent call first):
2026-10-03T04:13:02.5996254Z   /usr/local/lib/android/sdk/ndk/27.2.12479018/build/cmake/android.toolchain.cmake:55 (include)
2026-10-03T04:13:02.5997320Z   /usr/local/share/cmake-3.31/Modules/CMakeDetermineSystem.cmake:146 (include)
2026-10-03T04:13:02.5997907Z   CMakeLists.txt:26 (project)
2026-10-03T04:13:02.5998225Z 
2026-10-03T04:13:02.5998353Z 
2026-10-03T04:13:02.6978413Z CMake Deprecation Warning at /usr/local/lib/android/sdk/ndk/27.2.12479018/build/cmake/android.toolchain.cmake:35 (cmake_minimum_required):
2026-10-03T04:13:02.6979655Z -- The C compiler identification is Clang 18.0.3
2026-10-03T04:13:02.6991863Z   Compatibility with CMake < 3.10 will be removed from a future version of
2026-10-03T04:13:02.6992568Z   CMake.
2026-10-03T04:13:02.6992760Z 
2026-10-03T04:13:02.6993081Z   Update the VERSION argument <min> value.  Or, use the <min>...<max> syntax
2026-10-03T04:13:02.6993654Z   to tell CMake that the project requires at least <min> but has been updated
2026-10-03T04:13:02.6994631Z   to work with policies introduced by <max> or earlier.
2026-10-03T04:13:02.6995360Z Call Stack (most recent call first):
2026-10-03T04:13:02.6996003Z   /home/runner/work/Jarvis-OS-V2/Jarvis-OS-V2/app/build/sherpa-native/cmake/CMakeFiles/3.31.6/CMakeSystem.cmake:6 (include)
2026-10-03T04:13:02.6996611Z   CMakeLists.txt:26 (project)
2026-10-03T04:13:02.6996798Z 
2026-10-03T04:13:02.6996807Z 
2026-10-03T04:13:02.7974345Z -- The CXX compiler identification is Clang 18.0.3
2026-10-03T04:13:02.8975428Z CMake Deprecation Warning at /usr/local/lib/android/sdk/ndk/27.2.12479018/build/cmake/flags.cmake:18 (cmake_minimum_required):
2026-10-03T04:13:02.8976693Z   Compatibility with CMake < 3.10 will be removed from a future version of
2026-10-03T04:13:02.8977387Z   CMake.
2026-10-03T04:13:02.8977612Z 
2026-10-03T04:13:02.8977983Z   Update the VERSION argument <min> value.  Or, use the <min>...<max> syntax
2026-10-03T04:13:02.8978868Z   to tell CMake that the project requires at least <min> but has been updated
2026-10-03T04:13:02.8979640Z   to work with policies introduced by <max> or earlier.
2026-10-03T04:13:02.8980273Z Call Stack (most recent call first):
2026-10-03T04:13:02.8981002Z   /usr/local/share/cmake-3.31/Modules/Platform/Android-Clang.cmake:23 (include)
2026-10-03T04:13:02.8985894Z   /usr/local/share/cmake-3.31/Modules/Platform/Android-Clang-C.cmake:1 (include)
2026-10-03T04:13:02.8986707Z -- Detecting C compiler ABI info
2026-10-03T04:13:02.8987635Z   /usr/local/share/cmake-3.31/Modules/CMakeCInformation.cmake:48 (include)
2026-10-03T04:13:02.8988473Z   CMakeLists.txt:26 (project)
2026-10-03T04:13:02.8988877Z 
2026-10-03T04:13:02.8988984Z 
2026-10-03T04:13:02.8989847Z CMake Deprecation Warning at /usr/local/lib/android/sdk/ndk/27.2.12479018/build/cmake/android.toolchain.cmake:35 (cmake_minimum_required):
2026-10-03T04:13:02.8991204Z   Compatibility with CMake < 3.10 will be removed from a future version of
2026-10-03T04:13:02.8992049Z -- Detecting C compiler ABI info - done
2026-10-03T04:13:02.8992690Z   CMake.
2026-10-03T04:13:02.8992995Z 
2026-10-03T04:13:02.8993486Z   Update the VERSION argument <min> value.  Or, use the <min>...<max> syntax
2026-10-03T04:13:02.8994652Z   to tell CMake that the project requires at least <min> but has been updated
2026-10-03T04:13:02.8995545Z   to work with policies introduced by <max> or earlier.
2026-10-03T04:13:02.8996242Z Call Stack (most recent call first):
2026-10-03T04:13:02.8997350Z   /home/runner/work/Jarvis-OS-V2/Jarvis-OS-V2/app/build/sherpa-native/cmake/CMakeFiles/3.31.6/CMakeSystem.cmake:6 (include)
2026-10-03T04:13:02.8999074Z   /home/runner/work/Jarvis-OS-V2/Jarvis-OS-V2/app/build/sherpa-native/cmake/CMakeFiles/CMakeScratch/TryCompile-O3ZwW8/CMakeLists.txt:4 (project)
2026-10-03T04:13:02.9000130Z 
2026-10-03T04:13:02.9000233Z 
2026-10-03T04:13:02.9001061Z CMake Deprecation Warning at /usr/local/lib/android/sdk/ndk/27.2.12479018/build/cmake/android-legacy.toolchain.cmake:35 (cmake_minimum_required):
2026-10-03T04:13:02.9002499Z   Compatibility with CMake < 3.10 will be removed from a future version of
2026-10-03T04:13:02.9003462Z   CMake.
2026-10-03T04:13:02.9003703Z 
2026-10-03T04:13:02.9004578Z   Update the VERSION argument <min> value.  Or, use the <min>...<max> syntax
2026-10-03T04:13:02.9005480Z   to tell CMake that the project requires at least <min> but has been updated
2026-10-03T04:13:02.9006062Z   to work with policies introduced by <max> or earlier.
2026-10-03T04:13:02.9006466Z Call Stack (most recent call first):
2026-10-03T04:13:02.9006972Z   /usr/local/lib/android/sdk/ndk/27.2.12479018/build/cmake/android.toolchain.cmake:55 (include)
2026-10-03T04:13:02.9007761Z   /home/runner/work/Jarvis-OS-V2/Jarvis-OS-V2/app/build/sherpa-native/cmake/CMakeFiles/3.31.6/CMakeSystem.cmake:6 (include)
2026-10-03T04:13:02.9008704Z   /home/runner/work/Jarvis-OS-V2/Jarvis-OS-V2/app/build/sherpa-native/cmake/CMakeFiles/CMakeScratch/TryCompile-O3ZwW8/CMakeLists.txt:4 (project)
2026-10-03T04:13:02.9009260Z 
2026-10-03T04:13:02.9009264Z 
2026-10-03T04:13:02.9009661Z CMake Deprecation Warning at /usr/local/lib/android/sdk/ndk/27.2.12479018/build/cmake/flags.cmake:18 (cmake_minimum_required):
2026-10-03T04:13:02.9010577Z   Compatibility with CMake < 3.10 will be removed from a future version of
2026-10-03T04:13:02.9010991Z   CMake.
2026-10-03T04:13:02.9011118Z 
2026-10-03T04:13:02.9011342Z   Update the VERSION argument <min> value.  Or, use the <min>...<max> syntax
2026-10-03T04:13:02.9011869Z   to tell CMake that the project requires at least <min> but has been updated
2026-10-03T04:13:02.9012339Z   to work with policies introduced by <max> or earlier.
2026-10-03T04:13:02.9012702Z Call Stack (most recent call first):
2026-10-03T04:13:02.9013140Z   /usr/local/share/cmake-3.31/Modules/Platform/Android-Clang.cmake:23 (include)
2026-10-03T04:13:02.9013699Z   /usr/local/share/cmake-3.31/Modules/Platform/Android-Clang-C.cmake:1 (include)
2026-10-03T04:13:02.9014440Z   /usr/local/share/cmake-3.31/Modules/CMakeCInformation.cmake:48 (include)
2026-10-03T04:13:02.9015233Z   /home/runner/work/Jarvis-OS-V2/Jarvis-OS-V2/app/build/sherpa-native/cmake/CMakeFiles/CMakeScratch/TryCompile-O3ZwW8/CMakeLists.txt:4 (project)
2026-10-03T04:13:02.9015795Z 
2026-10-03T04:13:02.9015805Z 
2026-10-03T04:13:03.0006333Z CMake Deprecation Warning at /usr/local/lib/android/sdk/ndk/27.2.12479018/build/cmake/android.toolchain.cmake:35 (cmake_minimum_required):
2026-10-03T04:13:03.0008137Z -- Check for working C compiler: /usr/local/lib/android/sdk/ndk/27.2.12479018/toolchains/llvm/prebuilt/linux-x86_64/bin/clang - skipped
2026-10-03T04:13:03.0010250Z   Compatibility with CMake < 3.10 will be removed from a future version of
2026-10-03T04:13:03.0010972Z -- Detecting C compile features
2026-10-03T04:13:03.0011798Z   CMake.
2026-10-03T04:13:03.0012191Z -- Detecting C compile features - done
2026-10-03T04:13:03.0012841Z 
2026-10-03T04:13:03.0013031Z -- Detecting CXX compiler ABI info
2026-10-03T04:13:03.0014015Z   Update the VERSION argument <min> value.  Or, use the <min>...<max> syntax
2026-10-03T04:13:03.0015344Z   to tell CMake that the project requires at least <min> but has been updated
2026-10-03T04:13:03.0016378Z   to work with policies introduced by <max> or earlier.
2026-10-03T04:13:03.0017182Z Call Stack (most recent call first):
2026-10-03T04:13:03.0018387Z   /home/runner/work/Jarvis-OS-V2/Jarvis-OS-V2/app/build/sherpa-native/cmake/CMakeFiles/3.31.6/CMakeSystem.cmake:6 (include)
2026-10-03T04:13:03.0020239Z   /home/runner/work/Jarvis-OS-V2/Jarvis-OS-V2/app/build/sherpa-native/cmake/CMakeFiles/CMakeScratch/TryCompile-7FFrGx/CMakeLists.txt:4 (project)
2026-10-03T04:13:03.0021452Z 
2026-10-03T04:13:03.0021619Z 
2026-10-03T04:13:03.0022580Z CMake Deprecation Warning at /usr/local/lib/android/sdk/ndk/27.2.12479018/build/cmake/android-legacy.toolchain.cmake:35 (cmake_minimum_required):
2026-10-03T04:13:03.0024111Z   Compatibility with CMake < 3.10 will be removed from a future version of
2026-10-03T04:13:03.0025241Z   CMake.
2026-10-03T04:13:03.0025667Z 
2026-10-03T04:13:03.0026194Z   Update the VERSION argument <min> value.  Or, use the <min>...<max> syntax
2026-10-03T04:13:03.0027363Z   to tell CMake that the project requires at least <min> but has been updated
2026-10-03T04:13:03.0028959Z   to work with policies introduced by <max> or earlier.
2026-10-03T04:13:03.0029888Z Call Stack (most recent call first):
2026-10-03T04:13:03.0030923Z   /usr/local/lib/android/sdk/ndk/27.2.12479018/build/cmake/android.toolchain.cmake:55 (include)
2026-10-03T04:13:03.0032625Z   /home/runner/work/Jarvis-OS-V2/Jarvis-OS-V2/app/build/sherpa-native/cmake/CMakeFiles/3.31.6/CMakeSystem.cmake:6 (include)
2026-10-03T04:13:03.0034668Z   /home/runner/work/Jarvis-OS-V2/Jarvis-OS-V2/app/build/sherpa-native/cmake/CMakeFiles/CMakeScratch/TryCompile-7FFrGx/CMakeLists.txt:4 (project)
2026-10-03T04:13:03.0035884Z 
2026-10-03T04:13:03.0036038Z 
2026-10-03T04:13:03.0036936Z CMake Deprecation Warning at /usr/local/lib/android/sdk/ndk/27.2.12479018/build/cmake/flags.cmake:18 (cmake_minimum_required):
2026-10-03T04:13:03.0038367Z   Compatibility with CMake < 3.10 will be removed from a future version of
2026-10-03T04:13:03.0039547Z   CMake.
2026-10-03T04:13:03.0039956Z 
2026-10-03T04:13:03.0040487Z   Update the VERSION argument <min> value.  Or, use the <min>...<max> syntax
2026-10-03T04:13:03.0041736Z   to tell CMake that the project requires at least <min> but has been updated
2026-10-03T04:13:03.0042716Z   to work with policies introduced by <max> or earlier.
2026-10-03T04:13:03.0043506Z Call Stack (most recent call first):
2026-10-03T04:13:03.0044596Z   /usr/local/share/cmake-3.31/Modules/Platform/Android-Clang.cmake:23 (include)
2026-10-03T04:13:03.0045786Z   /usr/local/share/cmake-3.31/Modules/Platform/Android-Clang-CXX.cmake:1 (include)
2026-10-03T04:13:03.0046960Z   /usr/local/share/cmake-3.31/Modules/CMakeCXXInformation.cmake:48 (include)
2026-10-03T04:13:03.0048550Z   /home/runner/work/Jarvis-OS-V2/Jarvis-OS-V2/app/build/sherpa-native/cmake/CMakeFiles/CMakeScratch/TryCompile-7FFrGx/CMakeLists.txt:4 (project)
2026-10-03T04:13:03.0049802Z 
2026-10-03T04:13:03.0049964Z 
2026-10-03T04:13:03.0976334Z -- Detecting CXX compiler ABI info - done
2026-10-03T04:13:03.0977620Z -- Check for working CXX compiler: /usr/local/lib/android/sdk/ndk/27.2.12479018/toolchains/llvm/prebuilt/linux-x86_64/bin/clang++ - skipped
2026-10-03T04:13:03.0978707Z -- Detecting CXX compile features
2026-10-03T04:13:03.0979215Z -- Detecting CXX compile features - done
2026-10-03T04:13:03.0979770Z -- CMAKE_BUILD_TYPE: Release
2026-10-03T04:13:03.1000884Z CMake Deprecation Warning at /usr/local/lib/android/sdk/ndk/27.2.12479018/build/cmake/android.toolchain.cmake:35 (cmake_minimum_required):
2026-10-03T04:13:03.1001986Z -- CMAKE_INSTALL_PREFIX: /usr/local
2026-10-03T04:13:03.1002700Z   Compatibility with CMake < 3.10 will be removed from a future version of
2026-10-03T04:13:03.1003349Z   CMake.
2026-10-03T04:13:03.1003532Z 
2026-10-03T04:13:03.1003882Z   Update the VERSION argument <min> value.  Or, use the <min>...<max> syntax
2026-10-03T04:13:03.1004910Z   to tell CMake that the project requires at least <min> but has been updated
2026-10-03T04:13:03.1005671Z   to work with policies introduced by <max> or earlier.
2026-10-03T04:13:03.1006246Z Call Stack (most recent call first):
2026-10-03T04:13:03.1007235Z   /home/runner/work/Jarvis-OS-V2/Jarvis-OS-V2/app/build/sherpa-native/cmake/CMakeFiles/3.31.6/CMakeSystem.cmake:6 (include)
2026-10-03T04:13:03.1008789Z   /home/runner/work/Jarvis-OS-V2/Jarvis-OS-V2/app/build/sherpa-native/cmake/CMakeFiles/CMakeScratch/TryCompile-QjMNLW/CMakeLists.txt:4 (project)
2026-10-03T04:13:03.1009718Z 
2026-10-03T04:13:03.1009724Z 
2026-10-03T04:13:03.1010504Z CMake Deprecation Warning at /usr/local/lib/android/sdk/ndk/27.2.12479018/build/cmake/android-legacy.toolchain.cmake:35 (cmake_minimum_required):
2026-10-03T04:13:03.1011765Z   Compatibility with CMake < 3.10 will be removed from a future version of
2026-10-03T04:13:03.1012434Z   CMake.
2026-10-03T04:13:03.1012623Z 
2026-10-03T04:13:03.1012959Z   Update the VERSION argument <min> value.  Or, use the <min>...<max> syntax
2026-10-03T04:13:03.1013496Z   to tell CMake that the project requires at least <min> but has been updated
2026-10-03T04:13:03.1018260Z   to work with policies introduced by <max> or earlier.
2026-10-03T04:13:03.1018775Z Call Stack (most recent call first):
2026-10-03T04:13:03.1019301Z   /usr/local/lib/android/sdk/ndk/27.2.12479018/build/cmake/android.toolchain.cmake:55 (include)
2026-10-03T04:13:03.1020087Z   /home/runner/work/Jarvis-OS-V2/Jarvis-OS-V2/app/build/sherpa-native/cmake/CMakeFiles/3.31.6/CMakeSystem.cmake:6 (include)
2026-10-03T04:13:03.1021036Z   /home/runner/work/Jarvis-OS-V2/Jarvis-OS-V2/app/build/sherpa-native/cmake/CMakeFiles/CMakeScratch/TryCompile-QjMNLW/CMakeLists.txt:4 (project)
2026-10-03T04:13:03.1021586Z 
2026-10-03T04:13:03.1021591Z 
2026-10-03T04:13:03.1021990Z CMake Deprecation Warning at /usr/local/lib/android/sdk/ndk/27.2.12479018/build/cmake/flags.cmake:18 (cmake_minimum_required):
2026-10-03T04:13:03.1022681Z   Compatibility with CMake < 3.10 will be removed from a future version of
2026-10-03T04:13:03.1023086Z   CMake.
2026-10-03T04:13:03.1023373Z 
2026-10-03T04:13:03.1023607Z   Update the VERSION argument <min> value.  Or, use the <min>...<max> syntax
2026-10-03T04:13:03.1024372Z   to tell CMake that the project requires at least <min> but has been updated
2026-10-03T04:13:03.1024961Z   to work with policies introduced by <max> or earlier.
2026-10-03T04:13:03.1025406Z Call Stack (most recent call first):
2026-10-03T04:13:03.1025846Z   /usr/local/share/cmake-3.31/Modules/Platform/Android-Clang.cmake:23 (include)
2026-10-03T04:13:03.1026417Z   /usr/local/share/cmake-3.31/Modules/Platform/Android-Clang-CXX.cmake:1 (include)
2026-10-03T04:13:03.1026958Z   /usr/local/share/cmake-3.31/Modules/CMakeCXXInformation.cmake:48 (include)
2026-10-03T04:13:03.1027735Z   /home/runner/work/Jarvis-OS-V2/Jarvis-OS-V2/app/build/sherpa-native/cmake/CMakeFiles/CMakeScratch/TryCompile-QjMNLW/CMakeLists.txt:4 (project)
2026-10-03T04:13:03.1028291Z 
2026-10-03T04:13:03.1028295Z 
2026-10-03T04:13:03.1028450Z -- BUILD_SHARED_LIBS OFF
2026-10-03T04:13:03.1028747Z -- SHERPA_ONNX_ENABLE_PYTHON OFF
2026-10-03T04:13:03.1029058Z -- SHERPA_ONNX_ENABLE_TESTS OFF
2026-10-03T04:13:03.1029358Z -- SHERPA_ONNX_ENABLE_CHECK OFF
2026-10-03T04:13:03.1029648Z -- SHERPA_ONNX_ENABLE_PORTAUDIO OFF
2026-10-03T04:13:03.1029981Z -- SHERPA_ONNX_ENABLE_JNI ON
2026-10-03T04:13:03.1030271Z -- SHERPA_ONNX_ENABLE_C_API OFF
2026-10-03T04:13:03.1030577Z -- SHERPA_ONNX_ENABLE_WEBSOCKET OFF
2026-10-03T04:13:03.1030893Z -- SHERPA_ONNX_ENABLE_GPU OFF
2026-10-03T04:13:03.1031187Z -- SHERPA_ONNX_ENABLE_WASM OFF
2026-10-03T04:13:03.1031519Z -- SHERPA_ONNX_ENABLE_WASM_SPEAKER_DIARIZATION OFF
2026-10-03T04:13:03.1031888Z -- SHERPA_ONNX_ENABLE_WASM_TTS OFF
2026-10-03T04:13:03.1032200Z -- SHERPA_ONNX_ENABLE_WASM_ASR OFF
2026-10-03T04:13:03.1032495Z -- SHERPA_ONNX_ENABLE_WASM_KWS OFF
2026-10-03T04:13:03.1032783Z -- SHERPA_ONNX_ENABLE_WASM_VAD OFF
2026-10-03T04:13:03.1033098Z -- SHERPA_ONNX_ENABLE_WASM_VAD_ASR OFF
2026-10-03T04:13:03.1033422Z -- SHERPA_ONNX_ENABLE_WASM_NODEJS OFF
2026-10-03T04:13:03.1033736Z -- SHERPA_ONNX_ENABLE_WASM_WEB OFF
2026-10-03T04:13:03.1034073Z -- SHERPA_ONNX_ENABLE_WASM_SPEECH_ENHANCEMENT OFF
2026-10-03T04:13:03.1034599Z -- SHERPA_ONNX_ENABLE_BINARY OFF
2026-10-03T04:13:03.1034904Z -- SHERPA_ONNX_ENABLE_TTS ON
2026-10-03T04:13:03.1035217Z -- SHERPA_ONNX_ENABLE_SPEAKER_DIARIZATION OFF
2026-10-03T04:13:03.1035572Z -- SHERPA_ONNX_LINK_LIBSTDCPP_STATICALLY ON
2026-10-03T04:13:03.1035965Z -- SHERPA_ONNX_USE_PRE_INSTALLED_ONNXRUNTIME_IF_AVAILABLE ON
2026-10-03T04:13:03.1036354Z -- SHERPA_ONNX_ENABLE_SANITIZER: OFF
2026-10-03T04:13:03.1036677Z -- SHERPA_ONNX_BUILD_C_API_EXAMPLES: ON
2026-10-03T04:13:03.1036996Z -- SHERPA_ONNX_ENABLE_RKNN: OFF
2026-10-03T04:13:03.1037283Z -- SHERPA_ONNX_ENABLE_AXERA: OFF
2026-10-03T04:13:03.1037574Z -- SHERPA_ONNX_ENABLE_AXCL: OFF
2026-10-03T04:13:03.1037861Z -- SHERPA_ONNX_ENABLE_ASCEND_NPU: OFF
2026-10-03T04:13:03.1038166Z -- SHERPA_ONNX_ENABLE_QNN: OFF
2026-10-03T04:13:03.1038461Z -- SHERPA_ONNX_ENABLE_SPACEMIT: OFF
2026-10-03T04:13:03.1038769Z -- SHERPA_ONNX_LINK_D3D: OFF
2026-10-03T04:13:03.1039049Z -- SHERPA_ONNX_USE_STATIC_CRT: ON
2026-10-03T04:13:03.1039583Z -- TTS is enabled
2026-10-03T04:13:03.1039888Z -- speaker diarization is disabled
2026-10-03T04:13:03.1040185Z -- DirectML is disabled
2026-10-03T04:13:03.1040456Z -- C++ Standard version: 17
2026-10-03T04:13:03.1040743Z -- Looking for C++ include cxxabi.h
2026-10-03T04:13:03.1979179Z CMake Deprecation Warning at /usr/local/lib/android/sdk/ndk/27.2.12479018/build/cmake/android.toolchain.cmake:35 (cmake_minimum_required):
2026-10-03T04:13:03.1980380Z -- Looking for C++ include cxxabi.h - found
2026-10-03T04:13:03.1991922Z   Compatibility with CMake < 3.10 will be removed from a future version of
2026-10-03T04:13:03.1992421Z   CMake.
2026-10-03T04:13:03.1992564Z 
2026-10-03T04:13:03.1992828Z   Update the VERSION argument <min> value.  Or, use the <min>...<max> syntax
2026-10-03T04:13:03.1993598Z   to tell CMake that the project requires at least <min> but has been updated
2026-10-03T04:13:03.1994751Z   to work with policies introduced by <max> or earlier.
2026-10-03T04:13:03.1995255Z Call Stack (most recent call first):
2026-10-03T04:13:03.1996125Z   /home/runner/work/Jarvis-OS-V2/Jarvis-OS-V2/app/build/sherpa-native/cmake/CMakeFiles/3.31.6/CMakeSystem.cmake:6 (include)
2026-10-03T04:13:03.1997608Z   /home/runner/work/Jarvis-OS-V2/Jarvis-OS-V2/app/build/sherpa-native/cmake/CMakeFiles/CMakeScratch/TryCompile-vEKdpA/CMakeLists.txt:4 (project)
2026-10-03T04:13:03.1998508Z 
2026-10-03T04:13:03.1998515Z 
2026-10-03T04:13:03.1999061Z CMake Deprecation Warning at /usr/local/lib/android/sdk/ndk/27.2.12479018/build/cmake/android-legacy.toolchain.cmake:35 (cmake_minimum_required):
2026-10-03T04:13:03.1999859Z   Compatibility with CMake < 3.10 will be removed from a future version of
2026-10-03T04:13:03.2000273Z   CMake.
2026-10-03T04:13:03.2000401Z 
2026-10-03T04:13:03.2000621Z   Update the VERSION argument <min> value.  Or, use the <min>...<max> syntax
2026-10-03T04:13:03.2001145Z   to tell CMake that the project requires at least <min> but has been updated
2026-10-03T04:13:03.2001637Z   to work with policies introduced by <max> or earlier.
2026-10-03T04:13:03.2002009Z Call Stack (most recent call first):
2026-10-03T04:13:03.2002561Z   /usr/local/lib/android/sdk/ndk/27.2.12479018/build/cmake/android.toolchain.cmake:55 (include)
2026-10-03T04:13:03.2003601Z   /home/runner/work/Jarvis-OS-V2/Jarvis-OS-V2/app/build/sherpa-native/cmake/CMakeFiles/3.31.6/CMakeSystem.cmake:6 (include)
2026-10-03T04:13:03.2004829Z   /home/runner/work/Jarvis-OS-V2/Jarvis-OS-V2/app/build/sherpa-native/cmake/CMakeFiles/CMakeScratch/TryCompile-vEKdpA/CMakeLists.txt:4 (project)
2026-10-03T04:13:03.2005383Z 
2026-10-03T04:13:03.2005388Z 
2026-10-03T04:13:03.2005783Z CMake Deprecation Warning at /usr/local/lib/android/sdk/ndk/27.2.12479018/build/cmake/flags.cmake:18 (cmake_minimum_required):
2026-10-03T04:13:03.2006465Z   Compatibility with CMake < 3.10 will be removed from a future version of
2026-10-03T04:13:03.2006864Z   CMake.
2026-10-03T04:13:03.2007001Z 
2026-10-03T04:13:03.2007224Z   Update the VERSION argument <min> value.  Or, use the <min>...<max> syntax
2026-10-03T04:13:03.2007749Z   to tell CMake that the project requires at least <min> but has been updated
2026-10-03T04:13:03.2008260Z   to work with policies introduced by <max> or earlier.
2026-10-03T04:13:03.2008645Z Call Stack (most recent call first):
2026-10-03T04:13:03.2009087Z   /usr/local/share/cmake-3.31/Modules/Platform/Android-Clang.cmake:23 (include)
2026-10-03T04:13:03.2009656Z   /usr/local/share/cmake-3.31/Modules/Platform/Android-Clang-CXX.cmake:1 (include)
2026-10-03T04:13:03.2010204Z   /usr/local/share/cmake-3.31/Modules/CMakeCXXInformation.cmake:48 (include)
2026-10-03T04:13:03.2010992Z   /home/runner/work/Jarvis-OS-V2/Jarvis-OS-V2/app/build/sherpa-native/cmake/CMakeFiles/CMakeScratch/TryCompile-vEKdpA/CMakeLists.txt:4 (project)
2026-10-03T04:13:03.2011542Z 
2026-10-03T04:13:03.2011547Z 
2026-10-03T04:13:03.2011677Z -- Looking for C++ include execinfo.h
2026-10-03T04:13:03.2974476Z -- Looking for C++ include execinfo.h - found
2026-10-03T04:13:03.2975754Z -- CMAKE_SOURCE_DIR: /home/runner/work/Jarvis-OS-V2/Jarvis-OS-V2/app/build/sherpa-native/source
2026-10-03T04:13:03.2976894Z -- CMAKE_BINARY_DIR: /home/runner/work/Jarvis-OS-V2/Jarvis-OS-V2/app/build/sherpa-native/cmake
2026-10-03T04:13:03.2978007Z -- PROJECT_SOURCE_DIR: /home/runner/work/Jarvis-OS-V2/Jarvis-OS-V2/app/build/sherpa-native/source
2026-10-03T04:13:03.2979012Z -- PROJECT_BINARY_DIR: /home/runner/work/Jarvis-OS-V2/Jarvis-OS-V2/app/build/sherpa-native/cmake
2026-10-03T04:13:03.2979786Z -- CMake version: 3.31.6
2026-10-03T04:13:03.2980243Z -- CMAKE_SYSTEM: Android-1
2026-10-03T04:13:03.2980616Z -- CMAKE_SYSTEM_NAME: Android
2026-10-03T04:13:03.2980917Z -- CMAKE_SYSTEM_VERSION: 1
2026-10-03T04:13:03.2981355Z -- CMAKE_SYSTEM_PROCESSOR: aarch64
2026-10-03T04:13:03.2982019Z -- sherpa-onnx git sha1: 73abb16b085e411f4cb50e3f059706a14930f86a
2026-10-03T04:13:03.2982615Z -- sherpa-onnx git date: Sat Oct 3 04:08:36 2026
2026-10-03T04:13:03.2983626Z -- OS used to build sherpa-onnx: Ubuntu 24.04.5 LTS
2026-10-03T04:13:03.2985639Z -- C++ compiler: /usr/local/lib/android/sdk/ndk/27.2.12479018/toolchains/llvm/prebuilt/linux-x86_64/bin/clang++
2026-10-03T04:13:03.2986601Z -- C++ compiler ID: Clang
2026-10-03T04:13:03.2987070Z -- C++ compiler version: 18.0.3
2026-10-03T04:13:03.2987917Z -- C compiler: /usr/local/lib/android/sdk/ndk/27.2.12479018/toolchains/llvm/prebuilt/linux-x86_64/bin/clang
2026-10-03T04:13:03.2988772Z -- C compiler ID: Clang
2026-10-03T04:13:03.2989199Z -- C compiler version: 18.0.3
2026-10-03T04:13:03.2990218Z -- Downloading kaldi-native-fbank from https://github.com/csukuangfj/kaldi-native-fbank/archive/refs/tags/v1.22.3.tar.gz
2026-10-03T04:13:03.5975336Z -- kaldi-native-fbank is downloaded to /home/runner/work/Jarvis-OS-V2/Jarvis-OS-V2/app/build/sherpa-native/cmake/_deps/kaldi_native_fbank-src
2026-10-03T04:13:03.5977014Z -- kaldi-native-fbank's binary dir is /home/runner/work/Jarvis-OS-V2/Jarvis-OS-V2/app/build/sherpa-native/cmake/_deps/kaldi_native_fbank-build
2026-10-03T04:13:03.5978140Z -- CMAKE_BUILD_TYPE: Release
2026-10-03T04:13:03.5978639Z -- CMAKE_EXPORT_COMPILE_COMMANDS: 
2026-10-03T04:13:03.5979108Z -- BUILD_SHARED_LIBS: OFF
2026-10-03T04:13:03.5979571Z -- KALDI_NATIVE_FBANK_BUILD_TESTS: OFF
2026-10-03T04:13:03.5980094Z -- KALDI_NATIVE_FBANK_BUILD_PYTHON: OFF
2026-10-03T04:13:03.5991162Z -- KALDI_NATIVE_FBANK_ENABLE_CHECK: OFF
2026-10-03T04:13:03.5991728Z -- KALDI_NATIVE_FBANK_ENABLE_CHECK: OFF
2026-10-03T04:13:03.5993532Z -- CMAKE_CXX_FLAGS: -g -DANDROID -fdata-sections -ffunction-sections -funwind-tables -fstack-protector-strong -no-canonical-prefixes -D__BIONIC_NO_PAGE_SIZE_MACRO -D_FORTIFY_SOURCE=2 -Wformat -Werror=format-security  -ffunction-sections -fdata-sections
2026-10-03T04:13:03.5995498Z -- CMAKE_INSTALL_PREFIX: /usr/local
2026-10-03T04:13:03.5995991Z -- Looking for C++ include cxxabi.h
2026-10-03T04:13:03.6974072Z -- Looking for C++ include cxxabi.h - found
2026-10-03T04:13:03.6974825Z -- Looking for C++ include execinfo.h
2026-10-03T04:13:03.7973385Z -- Looking for C++ include execinfo.h - found
2026-10-03T04:13:03.7974435Z -- Downloading kissfft from https://github.com/mborgerding/kissfft/archive/febd4caeed32e33ad8b2e0bb5ea77542c40f18ec.zip
2026-10-03T04:13:04.0973753Z -- kissfft is downloaded to /home/runner/work/Jarvis-OS-V2/Jarvis-OS-V2/app/build/sherpa-native/cmake/_deps/kissfft-src
2026-10-03T04:13:04.0974846Z -- kissfft's binary dir is /home/runner/work/Jarvis-OS-V2/Jarvis-OS-V2/app/build/sherpa-native/cmake/_deps/kissfft-build
2026-10-03T04:13:04.0975453Z -- Building KissFFT with datatype: float
2026-10-03T04:13:04.0975805Z -- Building static library
2026-10-03T04:13:04.0976115Z -- PKGINCLUDEDIR is /kissfft
2026-10-03T04:13:04.1973271Z -- Disable building Python
2026-10-03T04:13:04.1973959Z -- Downloading kaldi-decoder from https://github.com/k2-fsa/kaldi-decoder/archive/refs/tags/v0.3.0.tar.gz
2026-10-03T04:13:04.4974382Z -- kaldi-decoder is downloaded to /home/runner/work/Jarvis-OS-V2/Jarvis-OS-V2/app/build/sherpa-native/cmake/_deps/kaldi_decoder-src
2026-10-03T04:13:04.4975719Z -- kaldi-decoder's binary dir is /home/runner/work/Jarvis-OS-V2/Jarvis-OS-V2/app/build/sherpa-native/cmake/_deps/kaldi_decoder-build
2026-10-03T04:13:04.4976359Z -- CMAKE_BUILD_TYPE: Release
2026-10-03T04:13:04.4976916Z -- Downloading kaldifst from https://github.com/k2-fsa/kaldifst/archive/refs/tags/v1.8.0.tar.gz
2026-10-03T04:13:04.8974359Z -- kaldifst is downloaded to /home/runner/work/Jarvis-OS-V2/Jarvis-OS-V2/app/build/sherpa-native/cmake/_deps/kaldifst-src
2026-10-03T04:13:04.8975753Z -- kaldifst's binary dir is /home/runner/work/Jarvis-OS-V2/Jarvis-OS-V2/app/build/sherpa-native/cmake/_deps/kaldifst-build
2026-10-03T04:13:04.8976373Z -- CMAKE_BUILD_TYPE: Release
2026-10-03T04:13:04.8976679Z -- CMAKE_BUILD_TYPE: Release
2026-10-03T04:13:04.8976979Z -- CMAKE_INSTALL_PREFIX: /usr/local
2026-10-03T04:13:04.8977302Z -- C++ Standard version: 17
2026-10-03T04:13:04.8978386Z -- CMAKE_CXX_FLAGS: -g -DANDROID -fdata-sections -ffunction-sections -funwind-tables -fstack-protector-strong -no-canonical-prefixes -D__BIONIC_NO_PAGE_SIZE_MACRO -D_FORTIFY_SOURCE=2 -Wformat -Werror=format-security  -ffunction-sections -fdata-sections
2026-10-03T04:13:04.8980175Z -- Downloading openfst from https://github.com/csukuangfj/openfst/archive/refs/tags/v1.8.5-2026-07-09.tar.gz
2026-10-03T04:13:05.4974590Z -- openfst is downloaded to /home/runner/work/Jarvis-OS-V2/Jarvis-OS-V2/app/build/sherpa-native/cmake/_deps/openfst-src
2026-10-03T04:13:05.4975944Z -- BUILD_SHARED_LIBS: OFF
2026-10-03T04:13:05.4976366Z -- BUILD_TESTING: OFF
2026-10-03T04:13:05.4976743Z -- HAVE_BIN: OFF
2026-10-03T04:13:05.4977101Z -- HAVE_SCRIPT: OFF
2026-10-03T04:13:05.4977475Z -- HAVE_COMPACT: OFF
2026-10-03T04:13:05.4977853Z -- HAVE_COMPRESS: OFF
2026-10-03T04:13:05.4978239Z -- HAVE_CONST: OFF
2026-10-03T04:13:05.4978615Z -- HAVE_FAR: ON
2026-10-03T04:13:05.4978966Z -- HAVE_FSTS: OFF
2026-10-03T04:13:05.4979340Z -- HAVE_GRM: OFF
2026-10-03T04:13:05.4979748Z -- HAVE_LINEAR: OFF
2026-10-03T04:13:05.4980127Z -- HAVE_LOOKAHEAD: OFF
2026-10-03T04:13:05.4980512Z -- HAVE_MPDT: OFF
2026-10-03T04:13:05.4980901Z -- HAVE_NGRAM: OFF
2026-10-03T04:13:05.4981269Z -- HAVE_PDT: OFF
2026-10-03T04:13:05.4981629Z -- HAVE_SPECIAL: OFF
2026-10-03T04:13:05.4990309Z -- OPENFST_USE_ABSL: OFF
2026-10-03T04:13:05.4991160Z -- Downloading eigen from https://gitlab.com/libeigen/eigen/-/archive/5.0.1/eigen-5.0.1.tar.gz
2026-10-03T04:13:05.8975517Z -- eigen is downloaded to /home/runner/work/Jarvis-OS-V2/Jarvis-OS-V2/app/build/sherpa-native/cmake/_deps/eigen-src
2026-10-03T04:13:05.8976450Z -- eigen's binary dir is /home/runner/work/Jarvis-OS-V2/Jarvis-OS-V2/app/build/sherpa-native/cmake/_deps/eigen-build
2026-10-03T04:13:05.8976998Z -- 
2026-10-03T04:13:05.8977244Z -- Configured Eigen 5.0.1-dev
2026-10-03T04:13:05.8977529Z -- 
2026-10-03T04:13:05.8977764Z -- CMAKE_SYSTEM_NAME: Android
2026-10-03T04:13:05.8978063Z -- CMAKE_SYSTEM_PROCESSOR: aarch64
2026-10-03T04:13:05.8978670Z -- location_onnxruntime_header_dir: /home/runner/work/Jarvis-OS-V2/Jarvis-OS-V2/app/build/sherpa-native/ort-android/headers
2026-10-03T04:13:05.8979670Z -- location_onnxruntime_lib: /home/runner/work/Jarvis-OS-V2/Jarvis-OS-V2/app/build/sherpa-native/ort-android/jni/arm64-v8a/libonnxruntime.so
2026-10-03T04:13:05.8980630Z -- onnxruntime lib files: /home/runner/work/Jarvis-OS-V2/Jarvis-OS-V2/app/build/sherpa-native/ort-android/jni/arm64-v8a/libonnxruntime.so
2026-10-03T04:13:05.8981554Z -- Downloading simple-sentencepiece https://github.com/pkufool/simple-sentencepiece/archive/refs/tags/v0.7.tar.gz
2026-10-03T04:13:06.2974098Z -- simple-sentencepiece is downloaded to /home/runner/work/Jarvis-OS-V2/Jarvis-OS-V2/app/build/sherpa-native/cmake/_deps/simple-sentencepiece-src
2026-10-03T04:13:06.2975204Z -- Performing Test SBPE_COMPILER_SUPPORTS_CXX14
2026-10-03T04:13:06.3973449Z -- Performing Test SBPE_COMPILER_SUPPORTS_CXX14 - Success
2026-10-03T04:13:06.3973927Z -- C++ Standard version: 17
2026-10-03T04:13:06.3974506Z -- ONNXRUNTIME_DIR: 
2026-10-03T04:13:06.3975032Z -- Downloading json from https://github.com/nlohmann/json/archive/refs/tags/v3.12.0.tar.gz
2026-10-03T04:13:07.1974074Z -- json is downloaded to /home/runner/work/Jarvis-OS-V2/Jarvis-OS-V2/app/build/sherpa-native/cmake/_deps/json-src
2026-10-03T04:13:07.1975174Z -- json's binary dir is /home/runner/work/Jarvis-OS-V2/Jarvis-OS-V2/app/build/sherpa-native/cmake/_deps/json-build
2026-10-03T04:13:07.1976048Z -- Using the multi-header code from /home/runner/work/Jarvis-OS-V2/Jarvis-OS-V2/app/build/sherpa-native/cmake/_deps/json-src/include/
2026-10-03T04:13:07.1976992Z -- Downloading espeak-ng from https://github.com/csukuangfj/espeak-ng/archive/ed530aa113046142eb5115cf2fc9157854d0ffe1.zip
2026-10-03T04:13:09.7974465Z -- espeak-ng is downloaded to /home/runner/work/Jarvis-OS-V2/Jarvis-OS-V2/app/build/sherpa-native/cmake/_deps/espeak_ng-src
2026-10-03T04:13:09.7975963Z -- espeak-ng binary dir is /home/runner/work/Jarvis-OS-V2/Jarvis-OS-V2/app/build/sherpa-native/cmake/_deps/espeak_ng-build
2026-10-03T04:13:09.7977285Z -- Looking for mkstemp
2026-10-03T04:13:09.8973368Z -- Looking for mkstemp - found
2026-10-03T04:13:09.8973929Z -- Configuration:
2026-10-03T04:13:09.8974463Z --   shared: OFF
2026-10-03T04:13:09.8974989Z --   mbrola: OFF (MBROLA_BIN-NOTFOUND)
2026-10-03T04:13:09.8975662Z --   libsonic: OFF (SONIC_LIB-NOTFOUND SONIC_INC-NOTFOUND)
2026-10-03T04:13:09.8976356Z --   libpcaudio: OFF (PCAUDIO_LIB-NOTFOUND PCAUDIO_INC-NOTFOUND)
2026-10-03T04:13:09.8976778Z --   klatt: OFF
2026-10-03T04:13:09.8977038Z --   speech-player: OFF
2026-10-03T04:13:09.8977302Z --   async: OFF
2026-10-03T04:13:09.8977817Z -- ESPEAK_NG_DIR: /home/runner/work/Jarvis-OS-V2/Jarvis-OS-V2/app/build/sherpa-native/cmake/_deps/espeak_ng-src
2026-10-03T04:13:09.8978765Z -- Downloading piper-phonemize from https://github.com/csukuangfj/piper-phonemize/archive/f3ff95afc03640bc1399e113e83361192a2fafb4.zip
2026-10-03T04:13:11.1973899Z -- piper-phonemize is downloaded to /home/runner/work/Jarvis-OS-V2/Jarvis-OS-V2/app/build/sherpa-native/cmake/_deps/piper_phonemize-src
2026-10-03T04:13:11.1975840Z -- piper-phonemize binary dir is /home/runner/work/Jarvis-OS-V2/Jarvis-OS-V2/app/build/sherpa-native/cmake/_deps/piper_phonemize-build
2026-10-03T04:13:11.1987479Z -- CMAKE_CXX_FLAGS: -g -DANDROID -fdata-sections -ffunction-sections -funwind-tables -fstack-protector-strong -no-canonical-prefixes -D__BIONIC_NO_PAGE_SIZE_MACRO -D_FORTIFY_SOURCE=2 -Wformat -Werror=format-security  -ffunction-sections -fdata-sections
2026-10-03T04:13:11.1990858Z -- CMAKE_CXX_FLAGS: -g -DANDROID -fdata-sections -ffunction-sections -funwind-tables -fstack-protector-strong -no-canonical-prefixes -D__BIONIC_NO_PAGE_SIZE_MACRO -D_FORTIFY_SOURCE=2 -Wformat -Werror=format-security  -ffunction-sections -fdata-sections
2026-10-03T04:13:11.1992190Z -- Configuring done (8.6s)
2026-10-03T04:13:11.2975648Z -- Generating done (0.1s)
2026-10-03T04:13:11.2986902Z -- Build files have been written to: /home/runner/work/Jarvis-OS-V2/Jarvis-OS-V2/app/build/sherpa-native/cmake
2026-10-03T04:13:11.3979533Z [  1%] Building C object _deps/espeak_ng-build/src/ucd-tools/CMakeFiles/ucd.dir/src/case.c.o
2026-10-03T04:13:11.3980655Z [  1%] Building C object _deps/kissfft-build/CMakeFiles/kissfft.dir/kiss_fft.c.o
2026-10-03T04:13:11.3981714Z [  1%] Building C object _deps/espeak_ng-build/src/ucd-tools/CMakeFiles/ucd.dir/src/categories.c.o
2026-10-03T04:13:11.4973806Z [  1%] Building C object _deps/espeak_ng-build/src/ucd-tools/CMakeFiles/ucd.dir/src/ctype.c.o
2026-10-03T04:13:11.4979266Z [  2%] Building C object _deps/espeak_ng-build/src/ucd-tools/CMakeFiles/ucd.dir/src/proplist.c.o
2026-10-03T04:13:11.4980290Z [  2%] Building C object _deps/kissfft-build/CMakeFiles/kissfft.dir/kfc.c.o
2026-10-03T04:13:11.5974287Z [  2%] Building C object _deps/kissfft-build/CMakeFiles/kissfft.dir/kiss_fftnd.c.o
2026-10-03T04:13:11.5975753Z [  3%] Building C object _deps/kissfft-build/CMakeFiles/kissfft.dir/kiss_fftndr.c.o
2026-10-03T04:13:11.6973787Z [  3%] Building C object _deps/kissfft-build/CMakeFiles/kissfft.dir/kiss_fftr.c.o
2026-10-03T04:13:11.6975305Z [  3%] Linking C static library ../../lib/libkissfft-float.a
2026-10-03T04:13:11.6976678Z [  3%] Built target kissfft
2026-10-03T04:13:11.6979665Z [  3%] Building CXX object _deps/openfst-build/CMakeFiles/fst.dir/src/lib/compat.cc.o
2026-10-03T04:13:11.8973912Z [  3%] Building C object _deps/espeak_ng-build/src/ucd-tools/CMakeFiles/ucd.dir/src/scripts.c.o
2026-10-03T04:13:11.9974077Z [  3%] Building C object _deps/espeak_ng-build/src/ucd-tools/CMakeFiles/ucd.dir/src/tostring.c.o
2026-10-03T04:13:11.9975726Z [  4%] Linking C static library ../../../../lib/libucd.a
2026-10-03T04:13:11.9976592Z [  4%] Built target ucd
2026-10-03T04:13:11.9977707Z [  4%] Building CXX object _deps/simple-sentencepiece-build/ssentencepiece/csrc/CMakeFiles/ssentencepiece_core.dir/ssentencepiece.cc.o
2026-10-03T04:13:12.3975284Z [  5%] Building CXX object _deps/openfst-build/CMakeFiles/fst.dir/src/lib/encode.cc.o
2026-10-03T04:13:13.2974095Z [  5%] Building CXX object _deps/openfst-build/CMakeFiles/fst.dir/src/lib/flags.cc.o
2026-10-03T04:13:14.4974397Z [  5%] Building CXX object _deps/openfst-build/CMakeFiles/fst.dir/src/lib/fst.cc.o
2026-10-03T04:13:14.8005874Z [  5%] Linking CXX static library ../../../../lib/libssentencepiece_core.a
2026-10-03T04:13:14.8006668Z [  5%] Built target ssentencepiece_core
2026-10-03T04:13:14.8007540Z [  5%] Building C object _deps/espeak_ng-build/src/libespeak-ng/CMakeFiles/espeak-ng.dir/common.c.o
2026-10-03T04:13:14.8976337Z [  5%] Building C object _deps/espeak_ng-build/src/libespeak-ng/CMakeFiles/espeak-ng.dir/mnemonics.c.o
2026-10-03T04:13:14.8977258Z [  5%] Building C object _deps/espeak_ng-build/src/libespeak-ng/CMakeFiles/espeak-ng.dir/error.c.o
2026-10-03T04:13:14.9974482Z [  6%] Building C object _deps/espeak_ng-build/src/libespeak-ng/CMakeFiles/espeak-ng.dir/ieee80.c.o
2026-10-03T04:13:14.9975817Z [  6%] Building C object _deps/espeak_ng-build/src/libespeak-ng/CMakeFiles/espeak-ng.dir/compiledata.c.o
2026-10-03T04:13:15.3974352Z [  6%] Building C object _deps/espeak_ng-build/src/libespeak-ng/CMakeFiles/espeak-ng.dir/compiledict.c.o
2026-10-03T04:13:15.6973968Z [  7%] Building CXX object _deps/openfst-build/CMakeFiles/fst.dir/src/lib/fst-types.cc.o
2026-10-03T04:13:15.6975440Z [  8%] Building C object _deps/espeak_ng-build/src/libespeak-ng/CMakeFiles/espeak-ng.dir/dictionary.c.o
2026-10-03T04:13:16.2974064Z [  8%] Building C object _deps/espeak_ng-build/src/libespeak-ng/CMakeFiles/espeak-ng.dir/encoding.c.o
2026-10-03T04:13:16.2975654Z [  8%] Building C object _deps/espeak_ng-build/src/libespeak-ng/CMakeFiles/espeak-ng.dir/intonation.c.o
2026-10-03T04:13:16.4973970Z [  9%] Building C object _deps/espeak_ng-build/src/libespeak-ng/CMakeFiles/espeak-ng.dir/langopts.c.o
2026-10-03T04:13:16.5975973Z [  9%] Building C object _deps/espeak_ng-build/src/libespeak-ng/CMakeFiles/espeak-ng.dir/numbers.c.o
2026-10-03T04:13:16.7973844Z [  9%] Building C object _deps/espeak_ng-build/src/libespeak-ng/CMakeFiles/espeak-ng.dir/phoneme.c.o
2026-10-03T04:13:16.7976131Z [  9%] Building C object _deps/espeak_ng-build/src/libespeak-ng/CMakeFiles/espeak-ng.dir/phonemelist.c.o
2026-10-03T04:13:16.9975755Z [ 10%] Building C object _deps/espeak_ng-build/src/libespeak-ng/CMakeFiles/espeak-ng.dir/readclause.c.o
2026-10-03T04:13:17.1975175Z [ 10%] Building C object _deps/espeak_ng-build/src/libespeak-ng/CMakeFiles/espeak-ng.dir/setlengths.c.o
2026-10-03T04:13:17.2974610Z [ 10%] Building C object _deps/espeak_ng-build/src/libespeak-ng/CMakeFiles/espeak-ng.dir/soundicon.c.o
2026-10-03T04:13:17.3974590Z [ 11%] Building C object _deps/espeak_ng-build/src/libespeak-ng/CMakeFiles/espeak-ng.dir/spect.c.o
2026-10-03T04:13:17.4974054Z [ 11%] Building C object _deps/espeak_ng-build/src/libespeak-ng/CMakeFiles/espeak-ng.dir/ssml.c.o
2026-10-03T04:13:17.5974076Z [ 11%] Building C object _deps/espeak_ng-build/src/libespeak-ng/CMakeFiles/espeak-ng.dir/synthdata.c.o
2026-10-03T04:13:17.7974428Z [ 12%] Building C object _deps/espeak_ng-build/src/libespeak-ng/CMakeFiles/espeak-ng.dir/synthesize.c.o
2026-10-03T04:13:18.0974879Z [ 12%] Building C object _deps/espeak_ng-build/src/libespeak-ng/CMakeFiles/espeak-ng.dir/tr_languages.c.o
2026-10-03T04:13:18.2973875Z [ 12%] Building C object _deps/espeak_ng-build/src/libespeak-ng/CMakeFiles/espeak-ng.dir/translate.c.o
2026-10-03T04:13:18.6974494Z [ 13%] Building C object _deps/espeak_ng-build/src/libespeak-ng/CMakeFiles/espeak-ng.dir/translateword.c.o
2026-10-03T04:13:18.8973888Z [ 13%] Building C object _deps/espeak_ng-build/src/libespeak-ng/CMakeFiles/espeak-ng.dir/voices.c.o
2026-10-03T04:13:19.1974538Z [ 13%] Building C object _deps/espeak_ng-build/src/libespeak-ng/CMakeFiles/espeak-ng.dir/wavegen.c.o
2026-10-03T04:13:19.4973872Z [ 13%] Building C object _deps/espeak_ng-build/src/libespeak-ng/CMakeFiles/espeak-ng.dir/speech.c.o
2026-10-03T04:13:19.5973810Z [ 14%] Building C object _deps/espeak_ng-build/src/libespeak-ng/CMakeFiles/espeak-ng.dir/espeak_api.c.o
2026-10-03T04:13:19.5975068Z [ 14%] Linking C static library ../../../../lib/libespeak-ng.a
2026-10-03T04:13:19.6973726Z [ 14%] Built target espeak-ng
2026-10-03T04:13:19.6975307Z [ 14%] Building CXX object _deps/kaldi_native_fbank-build/kaldi-native-fbank/csrc/CMakeFiles/kaldi-native-fbank-core.dir/feature-fbank.cc.o
2026-10-03T04:13:20.3974099Z [ 15%] Building CXX object _deps/kaldi_native_fbank-build/kaldi-native-fbank/csrc/CMakeFiles/kaldi-native-fbank-core.dir/feature-functions.cc.o
2026-10-03T04:13:20.8973939Z [ 15%] Building CXX object _deps/kaldi_native_fbank-build/kaldi-native-fbank/csrc/CMakeFiles/kaldi-native-fbank-core.dir/feature-mfcc.cc.o
2026-10-03T04:13:21.6974829Z [ 15%] Building CXX object _deps/kaldi_native_fbank-build/kaldi-native-fbank/csrc/CMakeFiles/kaldi-native-fbank-core.dir/feature-raw-audio-samples.cc.o
2026-10-03T04:13:22.2974890Z [ 16%] Building CXX object _deps/kaldi_native_fbank-build/kaldi-native-fbank/csrc/CMakeFiles/kaldi-native-fbank-core.dir/feature-window.cc.o
2026-10-03T04:13:23.1974397Z [ 16%] Building CXX object _deps/kaldi_native_fbank-build/kaldi-native-fbank/csrc/CMakeFiles/kaldi-native-fbank-core.dir/istft.cc.o
2026-10-03T04:13:23.9974695Z [ 16%] Building CXX object _deps/kaldi_native_fbank-build/kaldi-native-fbank/csrc/CMakeFiles/kaldi-native-fbank-core.dir/kaldi-math.cc.o
2026-10-03T04:13:24.4986228Z [ 17%] Building CXX object _deps/kaldi_native_fbank-build/kaldi-native-fbank/csrc/CMakeFiles/kaldi-native-fbank-core.dir/mel-computations.cc.o
2026-10-03T04:13:25.7974887Z [ 17%] Building CXX object _deps/kaldi_native_fbank-build/kaldi-native-fbank/csrc/CMakeFiles/kaldi-native-fbank-core.dir/online-feature.cc.o
2026-10-03T04:13:26.8976473Z [ 17%] Building CXX object _deps/kaldi_native_fbank-build/kaldi-native-fbank/csrc/CMakeFiles/kaldi-native-fbank-core.dir/rfft.cc.o
2026-10-03T04:13:27.4974051Z [ 18%] Building CXX object _deps/kaldi_native_fbank-build/kaldi-native-fbank/csrc/CMakeFiles/kaldi-native-fbank-core.dir/stft.cc.o
2026-10-03T04:13:28.2974608Z [ 18%] Building CXX object _deps/kaldi_native_fbank-build/kaldi-native-fbank/csrc/CMakeFiles/kaldi-native-fbank-core.dir/whisper-feature.cc.o
2026-10-03T04:13:28.9974076Z [ 18%] Linking CXX static library ../../../../lib/libkaldi-native-fbank-core.a
2026-10-03T04:13:28.9975471Z [ 18%] Built target kaldi-native-fbank-core
2026-10-03T04:13:28.9976781Z [ 18%] Building CXX object _deps/openfst-build/CMakeFiles/fst.dir/src/lib/mapped-file.cc.o
2026-10-03T04:13:29.6974098Z [ 18%] Building CXX object _deps/openfst-build/CMakeFiles/fst.dir/src/lib/properties.cc.o
2026-10-03T04:13:30.2973977Z [ 19%] Building CXX object _deps/openfst-build/CMakeFiles/fst.dir/src/lib/symbol-table.cc.o
2026-10-03T04:13:31.9974049Z [ 19%] Building CXX object _deps/openfst-build/CMakeFiles/fst.dir/src/lib/symbol-table-ops.cc.o
2026-10-03T04:13:33.1973923Z [ 19%] Building CXX object _deps/openfst-build/CMakeFiles/fst.dir/src/lib/util.cc.o
2026-10-03T04:13:34.0973868Z [ 19%] Building CXX object _deps/openfst-build/CMakeFiles/fst.dir/src/lib/weight.cc.o
2026-10-03T04:13:34.8973975Z [ 20%] Building CXX object _deps/piper_phonemize-build/CMakeFiles/piper_phonemize.dir/src/phonemize.cpp.o
2026-10-03T04:13:34.9974056Z [ 21%] Linking CXX static library ../../lib/libsherpa-onnx-fst.a
2026-10-03T04:13:35.0973118Z [ 21%] Built target fst
2026-10-03T04:13:35.0974030Z [ 21%] Building CXX object _deps/piper_phonemize-build/CMakeFiles/piper_phonemize.dir/src/phoneme_ids.cpp.o
2026-10-03T04:13:37.0006174Z [ 21%] Building CXX object _deps/piper_phonemize-build/CMakeFiles/piper_phonemize.dir/src/shared.cpp.o
2026-10-03T04:13:37.0008123Z [ 21%] Building CXX object _deps/openfst-build/CMakeFiles/fstfar.dir/src/extensions/far/far.cc.o
2026-10-03T04:13:37.0983366Z [ 22%] Linking CXX static library ../../lib/libpiper_phonemize.a
2026-10-03T04:13:37.0984695Z [ 22%] Built target piper_phonemize
2026-10-03T04:13:37.0986017Z [ 22%] Building CXX object _deps/kaldifst-build/kaldifst/csrc/CMakeFiles/kaldifst_core.dir/context-fst.cc.o
2026-10-03T04:13:38.0974470Z [ 22%] Building CXX object _deps/openfst-build/CMakeFiles/fstfar.dir/src/extensions/far/stlist.cc.o
2026-10-03T04:13:38.7974608Z [ 23%] Building CXX object _deps/openfst-build/CMakeFiles/fstfar.dir/src/extensions/far/sttable.cc.o
2026-10-03T04:13:39.4973865Z [ 23%] Linking CXX static library ../../lib/libsherpa-onnx-fstfar.a
2026-10-03T04:13:39.4974910Z [ 23%] Built target fstfar
2026-10-03T04:13:39.4995729Z [ 24%] Building CXX object _deps/kaldifst-build/kaldifst/csrc/CMakeFiles/kaldifst_core.dir/kaldi-fst-io.cc.o
2026-10-03T04:13:40.1975212Z [ 24%] Building CXX object _deps/kaldifst-build/kaldifst/csrc/CMakeFiles/kaldifst_core.dir/kaldi-holder.cc.o
2026-10-03T04:13:40.6974005Z [ 24%] Building CXX object _deps/kaldifst-build/kaldifst/csrc/CMakeFiles/kaldifst_core.dir/kaldi-io.cc.o
2026-10-03T04:13:41.7974414Z [ 25%] Building CXX object _deps/kaldifst-build/kaldifst/csrc/CMakeFiles/kaldifst_core.dir/kaldi-math.cc.o
2026-10-03T04:13:42.2974990Z [ 25%] Building CXX object _deps/kaldifst-build/kaldifst/csrc/CMakeFiles/kaldifst_core.dir/kaldi-semaphore.cc.o
2026-10-03T04:13:42.7974607Z [ 25%] Building CXX object _deps/kaldifst-build/kaldifst/csrc/CMakeFiles/kaldifst_core.dir/kaldi-table.cc.o
2026-10-03T04:13:42.9974435Z [ 26%] Building CXX object _deps/kaldifst-build/kaldifst/csrc/CMakeFiles/kaldifst_core.dir/parse-options.cc.o
2026-10-03T04:13:43.5974421Z [ 26%] Building CXX object _deps/kaldifst-build/kaldifst/csrc/CMakeFiles/kaldifst_core.dir/text-normalizer.cc.o
2026-10-03T04:13:43.6974447Z [ 26%] Building CXX object _deps/kaldifst-build/kaldifst/csrc/CMakeFiles/kaldifst_core.dir/text-utils.cc.o
2026-10-03T04:13:54.7973714Z [ 27%] Linking CXX static library ../../../../lib/libsherpa-onnx-kaldifst-core.a
2026-10-03T04:13:54.7975089Z [ 27%] Built target kaldifst_core
2026-10-03T04:13:54.7976506Z [ 27%] Building CXX object _deps/kaldi_decoder-build/kaldi-decoder/csrc/CMakeFiles/kaldi-decoder-core.dir/decodable-ctc.cc.o
2026-10-03T04:13:54.7978012Z [ 28%] Building CXX object _deps/kaldi_decoder-build/kaldi-decoder/csrc/CMakeFiles/kaldi-decoder-core.dir/eigen.cc.o
2026-10-03T04:13:55.8974327Z [ 28%] Building CXX object _deps/kaldi_decoder-build/kaldi-decoder/csrc/CMakeFiles/kaldi-decoder-core.dir/faster-decoder.cc.o
2026-10-03T04:13:56.2974359Z [ 28%] Building CXX object _deps/kaldi_decoder-build/kaldi-decoder/csrc/CMakeFiles/kaldi-decoder-core.dir/lattice-faster-decoder.cc.o
2026-10-03T04:13:57.3973808Z [ 29%] Building CXX object _deps/kaldi_decoder-build/kaldi-decoder/csrc/CMakeFiles/kaldi-decoder-core.dir/lattice-simple-decoder.cc.o
2026-10-03T04:13:58.4974481Z [ 29%] Building CXX object _deps/kaldi_decoder-build/kaldi-decoder/csrc/CMakeFiles/kaldi-decoder-core.dir/simple-decoder.cc.o
2026-10-03T04:14:05.7973401Z [ 29%] Linking CXX static library ../../../../lib/libkaldi-decoder-core.a
2026-10-03T04:14:05.7974872Z [ 29%] Built target kaldi-decoder-core
2026-10-03T04:14:05.7976015Z [ 29%] Building CXX object sherpa-onnx/csrc/CMakeFiles/sherpa-onnx-core.dir/base64-decode.cc.o
2026-10-03T04:14:05.7977139Z [ 29%] Building CXX object sherpa-onnx/csrc/CMakeFiles/sherpa-onnx-core.dir/bbpe.cc.o
2026-10-03T04:14:06.1974097Z [ 29%] Building CXX object sherpa-onnx/csrc/CMakeFiles/sherpa-onnx-core.dir/cat.cc.o
2026-10-03T04:14:06.7974491Z [ 30%] Building CXX object sherpa-onnx/csrc/CMakeFiles/sherpa-onnx-core.dir/circular-buffer.cc.o
2026-10-03T04:14:07.3974514Z [ 30%] Building CXX object sherpa-onnx/csrc/CMakeFiles/sherpa-onnx-core.dir/context-graph.cc.o
2026-10-03T04:14:07.5973596Z [ 30%] Building CXX object sherpa-onnx/csrc/CMakeFiles/sherpa-onnx-core.dir/endpoint.cc.o
2026-10-03T04:14:08.2973835Z [ 31%] Building CXX object sherpa-onnx/csrc/CMakeFiles/sherpa-onnx-core.dir/features.cc.o
2026-10-03T04:14:08.2975674Z [ 31%] Building CXX object sherpa-onnx/csrc/CMakeFiles/sherpa-onnx-core.dir/file-utils.cc.o
2026-10-03T04:14:08.8973882Z [ 31%] Building CXX object sherpa-onnx/csrc/CMakeFiles/sherpa-onnx-core.dir/fst-utils.cc.o
2026-10-03T04:14:09.2974350Z [ 32%] Building CXX object sherpa-onnx/csrc/CMakeFiles/sherpa-onnx-core.dir/homophone-replacer.cc.o
2026-10-03T04:14:11.3973981Z [ 32%] Building CXX object sherpa-onnx/csrc/CMakeFiles/sherpa-onnx-core.dir/hypothesis.cc.o
2026-10-03T04:14:12.4974609Z [ 32%] Building CXX object sherpa-onnx/csrc/CMakeFiles/sherpa-onnx-core.dir/keyword-spotter-impl.cc.o
2026-10-03T04:14:14.0974109Z [ 33%] Building CXX object sherpa-onnx/csrc/CMakeFiles/sherpa-onnx-core.dir/keyword-spotter.cc.o
2026-10-03T04:14:16.5973765Z [ 33%] Building CXX object sherpa-onnx/csrc/CMakeFiles/sherpa-onnx-core.dir/lfr.cc.o
2026-10-03T04:14:17.1974038Z [ 33%] Building CXX object sherpa-onnx/csrc/CMakeFiles/sherpa-onnx-core.dir/lodr-fst.cc.o
2026-10-03T04:14:18.2973965Z [ 33%] Building CXX object sherpa-onnx/csrc/CMakeFiles/sherpa-onnx-core.dir/math.cc.o
2026-10-03T04:14:21.0973943Z [ 34%] Building CXX object sherpa-onnx/csrc/CMakeFiles/sherpa-onnx-core.dir/normal-data-generator.cc.o
2026-10-03T04:14:21.4974514Z [ 34%] Building CXX object sherpa-onnx/csrc/CMakeFiles/sherpa-onnx-core.dir/offline-canary-model-config.cc.o
2026-10-03T04:14:21.8974792Z [ 34%] Building CXX object sherpa-onnx/csrc/CMakeFiles/sherpa-onnx-core.dir/offline-canary-model.cc.o
2026-10-03T04:14:22.1974832Z [ 35%] Building CXX object sherpa-onnx/csrc/CMakeFiles/sherpa-onnx-core.dir/offline-cohere-transcribe-greedy-search-decoder.cc.o
2026-10-03T04:14:23.4974683Z [ 35%] Building CXX object sherpa-onnx/csrc/CMakeFiles/sherpa-onnx-core.dir/offline-cohere-transcribe-model-config.cc.o
2026-10-03T04:14:24.0975059Z [ 35%] Building CXX object sherpa-onnx/csrc/CMakeFiles/sherpa-onnx-core.dir/offline-cohere-transcribe-model.cc.o
2026-10-03T04:14:24.4974584Z [ 36%] Building CXX object sherpa-onnx/csrc/CMakeFiles/sherpa-onnx-core.dir/offline-ctc-fst-decoder-config.cc.o
2026-10-03T04:14:25.2974399Z [ 36%] Building CXX object sherpa-onnx/csrc/CMakeFiles/sherpa-onnx-core.dir/offline-ctc-fst-decoder.cc.o
2026-10-03T04:14:26.3974591Z [ 36%] Building CXX object sherpa-onnx/csrc/CMakeFiles/sherpa-onnx-core.dir/offline-ctc-greedy-search-decoder.cc.o
2026-10-03T04:14:27.4974887Z [ 37%] Building CXX object sherpa-onnx/csrc/CMakeFiles/sherpa-onnx-core.dir/offline-ctc-model.cc.o
2026-10-03T04:14:28.8974113Z [ 37%] Building CXX object sherpa-onnx/csrc/CMakeFiles/sherpa-onnx-core.dir/offline-dolphin-model-config.cc.o
2026-10-03T04:14:29.3974484Z [ 37%] Building CXX object sherpa-onnx/csrc/CMakeFiles/sherpa-onnx-core.dir/offline-dolphin-model.cc.o
2026-10-03T04:14:29.5974942Z [ 37%] Building CXX object sherpa-onnx/csrc/CMakeFiles/sherpa-onnx-core.dir/offline-fire-red-asr-ctc-model-config.cc.o
2026-10-03T04:14:30.3975831Z [ 38%] Building CXX object sherpa-onnx/csrc/CMakeFiles/sherpa-onnx-core.dir/offline-fire-red-asr-ctc-model.cc.o
2026-10-03T04:14:31.7974680Z [ 38%] Building CXX object sherpa-onnx/csrc/CMakeFiles/sherpa-onnx-core.dir/offline-fire-red-asr-greedy-search-decoder.cc.o
2026-10-03T04:14:32.7974505Z [ 38%] Building CXX object sherpa-onnx/csrc/CMakeFiles/sherpa-onnx-core.dir/offline-fire-red-asr-model-config.cc.o
2026-10-03T04:14:32.9974474Z [ 39%] Building CXX object sherpa-onnx/csrc/CMakeFiles/sherpa-onnx-core.dir/offline-fire-red-asr-model.cc.o
2026-10-03T04:14:33.4974413Z [ 39%] Building CXX object sherpa-onnx/csrc/CMakeFiles/sherpa-onnx-core.dir/offline-lm-config.cc.o
2026-10-03T04:14:34.2975022Z [ 39%] Building CXX object sherpa-onnx/csrc/CMakeFiles/sherpa-onnx-core.dir/offline-lm.cc.o
2026-10-03T04:14:34.7973914Z [ 40%] Building CXX object sherpa-onnx/csrc/CMakeFiles/sherpa-onnx-core.dir/offline-medasr-ctc-model-config.cc.o
2026-10-03T04:14:35.5974596Z [ 40%] Building CXX object sherpa-onnx/csrc/CMakeFiles/sherpa-onnx-core.dir/offline-medasr-ctc-model.cc.o
2026-10-03T04:14:36.6974541Z [ 40%] Building CXX object sherpa-onnx/csrc/CMakeFiles/sherpa-onnx-core.dir/offline-model-config.cc.o
2026-10-03T04:14:37.1974632Z [ 41%] Building CXX object sherpa-onnx/csrc/CMakeFiles/sherpa-onnx-core.dir/offline-moonshine-greedy-search-decoder.cc.o
2026-10-03T04:14:37.4974415Z [ 41%] Building CXX object sherpa-onnx/csrc/CMakeFiles/sherpa-onnx-core.dir/offline-moonshine-model-config.cc.o
2026-10-03T04:14:38.3974014Z [ 41%] Building CXX object sherpa-onnx/csrc/CMakeFiles/sherpa-onnx-core.dir/offline-moonshine-model-v2.cc.o
2026-10-03T04:14:38.4973800Z [ 41%] Building CXX object sherpa-onnx/csrc/CMakeFiles/sherpa-onnx-core.dir/offline-moonshine-model.cc.o
2026-10-03T04:14:40.0973827Z [ 42%] Building CXX object sherpa-onnx/csrc/CMakeFiles/sherpa-onnx-core.dir/offline-moonshine-v2-greedy-search-decoder.cc.o
2026-10-03T04:14:40.1974781Z [ 42%] Building CXX object sherpa-onnx/csrc/CMakeFiles/sherpa-onnx-core.dir/offline-nemo-enc-dec-ctc-model-config.cc.o
2026-10-03T04:14:40.9974393Z [ 42%] Building CXX object sherpa-onnx/csrc/CMakeFiles/sherpa-onnx-core.dir/offline-nemo-enc-dec-ctc-model.cc.o
2026-10-03T04:14:41.4974562Z [ 43%] Building CXX object sherpa-onnx/csrc/CMakeFiles/sherpa-onnx-core.dir/offline-omnilingual-asr-ctc-model-config.cc.o
2026-10-03T04:14:42.1974450Z [ 43%] Building CXX object sherpa-onnx/csrc/CMakeFiles/sherpa-onnx-core.dir/offline-omnilingual-asr-ctc-model.cc.o
2026-10-03T04:14:42.5974682Z [ 43%] Building CXX object sherpa-onnx/csrc/CMakeFiles/sherpa-onnx-core.dir/offline-paraformer-greedy-search-decoder.cc.o
2026-10-03T04:14:43.6974354Z [ 44%] Building CXX object sherpa-onnx/csrc/CMakeFiles/sherpa-onnx-core.dir/offline-paraformer-model-config.cc.o
2026-10-03T04:14:44.5974373Z [ 44%] Building CXX object sherpa-onnx/csrc/CMakeFiles/sherpa-onnx-core.dir/offline-paraformer-model.cc.o
2026-10-03T04:14:44.6973955Z [ 44%] Building CXX object sherpa-onnx/csrc/CMakeFiles/sherpa-onnx-core.dir/offline-recognizer-impl.cc.o
2026-10-03T04:14:46.0974597Z [ 45%] Building CXX object sherpa-onnx/csrc/CMakeFiles/sherpa-onnx-core.dir/offline-recognizer.cc.o
2026-10-03T04:14:47.8974106Z [ 45%] Building CXX object sherpa-onnx/csrc/CMakeFiles/sherpa-onnx-core.dir/offline-rnn-lm.cc.o
2026-10-03T04:14:50.3974529Z [ 45%] Building CXX object sherpa-onnx/csrc/CMakeFiles/sherpa-onnx-core.dir/offline-sense-voice-model-config.cc.o
2026-10-03T04:14:51.2974035Z [ 45%] Building CXX object sherpa-onnx/csrc/CMakeFiles/sherpa-onnx-core.dir/offline-sense-voice-model.cc.o
2026-10-03T04:14:53.0974422Z [ 46%] Building CXX object sherpa-onnx/csrc/CMakeFiles/sherpa-onnx-core.dir/offline-source-separation-impl.cc.o
2026-10-03T04:14:55.1974474Z [ 46%] Building CXX object sherpa-onnx/csrc/CMakeFiles/sherpa-onnx-core.dir/offline-source-separation-model-config.cc.o
2026-10-03T04:14:55.8974660Z [ 46%] Building CXX object sherpa-onnx/csrc/CMakeFiles/sherpa-onnx-core.dir/offline-source-separation-spleeter-model-config.cc.o
2026-10-03T04:14:56.1974618Z [ 47%] Building CXX object sherpa-onnx/csrc/CMakeFiles/sherpa-onnx-core.dir/offline-source-separation-spleeter-model.cc.o
2026-10-03T04:14:56.5974566Z [ 47%] Building CXX object sherpa-onnx/csrc/CMakeFiles/sherpa-onnx-core.dir/offline-source-separation-uvr-model-config.cc.o
2026-10-03T04:14:57.3974630Z [ 47%] Building CXX object sherpa-onnx/csrc/CMakeFiles/sherpa-onnx-core.dir/offline-source-separation-uvr-model.cc.o
2026-10-03T04:14:57.5974599Z [ 48%] Building CXX object sherpa-onnx/csrc/CMakeFiles/sherpa-onnx-core.dir/offline-source-separation.cc.o
2026-10-03T04:14:58.2973946Z [ 48%] Building CXX object sherpa-onnx/csrc/CMakeFiles/sherpa-onnx-core.dir/offline-stream.cc.o
2026-10-03T04:14:58.8975017Z [ 48%] Building CXX object sherpa-onnx/csrc/CMakeFiles/sherpa-onnx-core.dir/offline-tdnn-ctc-model.cc.o
2026-10-03T04:15:00.4974811Z [ 49%] Building CXX object sherpa-onnx/csrc/CMakeFiles/sherpa-onnx-core.dir/offline-tdnn-model-config.cc.o
2026-10-03T04:15:00.4976409Z [ 49%] Building CXX object sherpa-onnx/csrc/CMakeFiles/sherpa-onnx-core.dir/offline-telespeech-ctc-model.cc.o
2026-10-03T04:15:01.1974862Z [ 49%] Building CXX object sherpa-onnx/csrc/CMakeFiles/sherpa-onnx-core.dir/offline-transducer-greedy-search-decoder.cc.o
2026-10-03T04:15:02.0974739Z [ 49%] Building CXX object sherpa-onnx/csrc/CMakeFiles/sherpa-onnx-core.dir/offline-transducer-greedy-search-nemo-decoder.cc.o
2026-10-03T04:15:03.6974342Z [ 50%] Building CXX object sherpa-onnx/csrc/CMakeFiles/sherpa-onnx-core.dir/offline-transducer-model-config.cc.o
2026-10-03T04:15:04.2973946Z [ 50%] Building CXX object sherpa-onnx/csrc/CMakeFiles/sherpa-onnx-core.dir/offline-transducer-model.cc.o
2026-10-03T04:15:04.5974696Z [ 50%] Building CXX object sherpa-onnx/csrc/CMakeFiles/sherpa-onnx-core.dir/offline-transducer-modified-beam-search-decoder.cc.o
2026-10-03T04:15:06.9975151Z [ 51%] Building CXX object sherpa-onnx/csrc/CMakeFiles/sherpa-onnx-core.dir/offline-transducer-modified-beam-search-nemo-decoder.cc.o
2026-10-03T04:15:07.9974350Z [ 51%] Building CXX object sherpa-onnx/csrc/CMakeFiles/sherpa-onnx-core.dir/offline-transducer-nemo-model.cc.o
2026-10-03T04:15:09.6974095Z [ 51%] Building CXX object sherpa-onnx/csrc/CMakeFiles/sherpa-onnx-core.dir/offline-wenet-ctc-model-config.cc.o
2026-10-03T04:15:10.3973739Z [ 52%] Building CXX object sherpa-onnx/csrc/CMakeFiles/sherpa-onnx-core.dir/offline-wenet-ctc-model.cc.o
2026-10-03T04:15:10.5973842Z [ 52%] Building CXX object sherpa-onnx/csrc/CMakeFiles/sherpa-onnx-core.dir/offline-whisper-dtw.cc.o
2026-10-03T04:15:11.5974504Z [ 52%] Building CXX object sherpa-onnx/csrc/CMakeFiles/sherpa-onnx-core.dir/offline-whisper-greedy-search-decoder.cc.o
2026-10-03T04:15:11.8974490Z [ 53%] Building CXX object sherpa-onnx/csrc/CMakeFiles/sherpa-onnx-core.dir/offline-whisper-model-config.cc.o
2026-10-03T04:15:13.3974581Z [ 53%] Building CXX object sherpa-onnx/csrc/CMakeFiles/sherpa-onnx-core.dir/offline-whisper-model.cc.o
2026-10-03T04:15:13.9974487Z [ 53%] Building CXX object sherpa-onnx/csrc/CMakeFiles/sherpa-onnx-core.dir/offline-whisper-timestamp-rules.cc.o
2026-10-03T04:15:15.1974867Z [ 53%] Building CXX object sherpa-onnx/csrc/CMakeFiles/sherpa-onnx-core.dir/offline-zipformer-ctc-model-config.cc.o
2026-10-03T04:15:16.0974435Z [ 54%] Building CXX object sherpa-onnx/csrc/CMakeFiles/sherpa-onnx-core.dir/offline-zipformer-ctc-model.cc.o
2026-10-03T04:15:16.3974779Z [ 54%] Building CXX object sherpa-onnx/csrc/CMakeFiles/sherpa-onnx-core.dir/online-conformer-transducer-model.cc.o
2026-10-03T04:15:17.6974777Z [ 54%] Building CXX object sherpa-onnx/csrc/CMakeFiles/sherpa-onnx-core.dir/online-ctc-fst-decoder-config.cc.o
2026-10-03T04:15:18.3974098Z [ 55%] Building CXX object sherpa-onnx/csrc/CMakeFiles/sherpa-onnx-core.dir/online-ctc-fst-decoder.cc.o
2026-10-03T04:15:19.0974543Z [ 55%] Building CXX object sherpa-onnx/csrc/CMakeFiles/sherpa-onnx-core.dir/online-ctc-greedy-search-decoder.cc.o
2026-10-03T04:15:20.7973823Z [ 55%] Building CXX object sherpa-onnx/csrc/CMakeFiles/sherpa-onnx-core.dir/online-ctc-model.cc.o
2026-10-03T04:15:21.8974484Z [ 56%] Building CXX object sherpa-onnx/csrc/CMakeFiles/sherpa-onnx-core.dir/online-ebranchformer-transducer-model.cc.o
2026-10-03T04:15:23.0974401Z [ 56%] Building CXX object sherpa-onnx/csrc/CMakeFiles/sherpa-onnx-core.dir/online-lm-config.cc.o
2026-10-03T04:15:23.8974358Z [ 56%] Building CXX object sherpa-onnx/csrc/CMakeFiles/sherpa-onnx-core.dir/online-lm.cc.o
2026-10-03T04:15:24.7974417Z [ 56%] Building CXX object sherpa-onnx/csrc/CMakeFiles/sherpa-onnx-core.dir/online-lstm-transducer-model.cc.o
2026-10-03T04:15:25.9974114Z [ 57%] Building CXX object sherpa-onnx/csrc/CMakeFiles/sherpa-onnx-core.dir/online-model-config.cc.o
2026-10-03T04:15:27.2974660Z [ 57%] Building CXX object sherpa-onnx/csrc/CMakeFiles/sherpa-onnx-core.dir/online-nemo-ctc-model-config.cc.o
2026-10-03T04:15:27.4974370Z [ 57%] Building CXX object sherpa-onnx/csrc/CMakeFiles/sherpa-onnx-core.dir/online-nemo-ctc-model.cc.o
2026-10-03T04:15:28.0974529Z [ 58%] Building CXX object sherpa-onnx/csrc/CMakeFiles/sherpa-onnx-core.dir/online-paraformer-model-config.cc.o
2026-10-03T04:15:28.7973996Z [ 58%] Building CXX object sherpa-onnx/csrc/CMakeFiles/sherpa-onnx-core.dir/online-paraformer-model.cc.o
2026-10-03T04:15:29.2974409Z [ 58%] Building CXX object sherpa-onnx/csrc/CMakeFiles/sherpa-onnx-core.dir/online-recognizer-impl.cc.o
2026-10-03T04:15:30.2973882Z [ 59%] Building CXX object sherpa-onnx/csrc/CMakeFiles/sherpa-onnx-core.dir/online-recognizer.cc.o
2026-10-03T04:15:33.1974414Z [ 59%] Building CXX object sherpa-onnx/csrc/CMakeFiles/sherpa-onnx-core.dir/online-rnn-lm.cc.o
2026-10-03T04:15:36.0974119Z [ 59%] Building CXX object sherpa-onnx/csrc/CMakeFiles/sherpa-onnx-core.dir/online-stream.cc.o
2026-10-03T04:15:38.6974529Z [ 60%] Building CXX object sherpa-onnx/csrc/CMakeFiles/sherpa-onnx-core.dir/online-t-one-ctc-model-config.cc.o
2026-10-03T04:15:39.3974696Z [ 60%] Building CXX object sherpa-onnx/csrc/CMakeFiles/sherpa-onnx-core.dir/online-t-one-ctc-model.cc.o
2026-10-03T04:15:39.3978002Z [ 60%] Building CXX object sherpa-onnx/csrc/CMakeFiles/sherpa-onnx-core.dir/online-transducer-decoder.cc.o
2026-10-03T04:15:41.0974572Z [ 60%] Building CXX object sherpa-onnx/csrc/CMakeFiles/sherpa-onnx-core.dir/online-transducer-greedy-search-decoder.cc.o
2026-10-03T04:15:41.8974654Z [ 61%] Building CXX object sherpa-onnx/csrc/CMakeFiles/sherpa-onnx-core.dir/online-transducer-greedy-search-nemo-parakeet-unified-decoder.cc.o
2026-10-03T04:15:43.5974632Z [ 61%] Building CXX object sherpa-onnx/csrc/CMakeFiles/sherpa-onnx-core.dir/online-transducer-greedy-search-nemo-decoder.cc.o
2026-10-03T04:15:44.6974087Z [ 61%] Building CXX object sherpa-onnx/csrc/CMakeFiles/sherpa-onnx-core.dir/online-transducer-model-config.cc.o
2026-10-03T04:15:45.6974802Z [ 62%] Building CXX object sherpa-onnx/csrc/CMakeFiles/sherpa-onnx-core.dir/online-transducer-model.cc.o
2026-10-03T04:15:46.3975003Z [ 62%] Building CXX object sherpa-onnx/csrc/CMakeFiles/sherpa-onnx-core.dir/online-transducer-modified-beam-search-decoder.cc.o
2026-10-03T04:15:48.0975101Z [ 62%] Building CXX object sherpa-onnx/csrc/CMakeFiles/sherpa-onnx-core.dir/online-transducer-nemo-parakeet-unified-model.cc.o
2026-10-03T04:15:49.7974347Z [ 63%] Building CXX object sherpa-onnx/csrc/CMakeFiles/sherpa-onnx-core.dir/online-transducer-nemo-model.cc.o
2026-10-03T04:15:49.8974490Z [ 63%] Building CXX object sherpa-onnx/csrc/CMakeFiles/sherpa-onnx-core.dir/online-wenet-ctc-model-config.cc.o
2026-10-03T04:15:50.6974002Z [ 63%] Building CXX object sherpa-onnx/csrc/CMakeFiles/sherpa-onnx-core.dir/online-wenet-ctc-model.cc.o
2026-10-03T04:15:52.1974120Z [ 64%] Building CXX object sherpa-onnx/csrc/CMakeFiles/sherpa-onnx-core.dir/online-zipformer-transducer-model.cc.o
2026-10-03T04:15:55.1974127Z [ 64%] Building CXX object sherpa-onnx/csrc/CMakeFiles/sherpa-onnx-core.dir/online-zipformer2-ctc-model-config.cc.o
2026-10-03T04:15:55.2974602Z [ 64%] Building CXX object sherpa-onnx/csrc/CMakeFiles/sherpa-onnx-core.dir/online-zipformer2-ctc-model.cc.o
2026-10-03T04:15:55.8974348Z [ 64%] Building CXX object sherpa-onnx/csrc/CMakeFiles/sherpa-onnx-core.dir/online-zipformer2-transducer-model.cc.o
2026-10-03T04:15:57.3974111Z [ 65%] Building CXX object sherpa-onnx/csrc/CMakeFiles/sherpa-onnx-core.dir/onnx-utils.cc.o
2026-10-03T04:15:59.1974319Z [ 65%] Building CXX object sherpa-onnx/csrc/CMakeFiles/sherpa-onnx-core.dir/packed-sequence.cc.o
2026-10-03T04:15:59.1975577Z [ 65%] Building CXX object sherpa-onnx/csrc/CMakeFiles/sherpa-onnx-core.dir/pad-sequence.cc.o
2026-10-03T04:16:00.1974550Z [ 66%] Building CXX object sherpa-onnx/csrc/CMakeFiles/sherpa-onnx-core.dir/parse-options.cc.o
2026-10-03T04:16:00.3974396Z [ 66%] Building CXX object sherpa-onnx/csrc/CMakeFiles/sherpa-onnx-core.dir/phrase-matcher.cc.o
2026-10-03T04:16:01.0974927Z [ 66%] Building CXX object sherpa-onnx/csrc/CMakeFiles/sherpa-onnx-core.dir/provider-config.cc.o
2026-10-03T04:16:02.3974017Z [ 67%] Building CXX object sherpa-onnx/csrc/CMakeFiles/sherpa-onnx-core.dir/provider.cc.o
2026-10-03T04:16:02.5973825Z [ 67%] Building CXX object sherpa-onnx/csrc/CMakeFiles/sherpa-onnx-core.dir/resample.cc.o
2026-10-03T04:16:03.2973951Z [ 67%] Building CXX object sherpa-onnx/csrc/CMakeFiles/sherpa-onnx-core.dir/session.cc.o
2026-10-03T04:16:03.3974612Z [ 68%] Building CXX object sherpa-onnx/csrc/CMakeFiles/sherpa-onnx-core.dir/silero-vad-model-config.cc.o
2026-10-03T04:16:04.1974331Z [ 68%] Building CXX object sherpa-onnx/csrc/CMakeFiles/sherpa-onnx-core.dir/silero-vad-model.cc.o
2026-10-03T04:16:05.1973897Z [ 68%] Building CXX object sherpa-onnx/csrc/CMakeFiles/sherpa-onnx-core.dir/slice.cc.o
2026-10-03T04:16:05.6974373Z [ 68%] Building CXX object sherpa-onnx/csrc/CMakeFiles/sherpa-onnx-core.dir/spoken-language-identification-impl.cc.o
2026-10-03T04:16:06.1974584Z [ 69%] Building CXX object sherpa-onnx/csrc/CMakeFiles/sherpa-onnx-core.dir/spoken-language-identification.cc.o
2026-10-03T04:16:06.9973565Z [ 69%] Building CXX object sherpa-onnx/csrc/CMakeFiles/sherpa-onnx-core.dir/stack.cc.o
2026-10-03T04:16:07.1974116Z [ 69%] Building CXX object sherpa-onnx/csrc/CMakeFiles/sherpa-onnx-core.dir/symbol-table.cc.o
2026-10-03T04:16:08.1974423Z [ 70%] Building CXX object sherpa-onnx/csrc/CMakeFiles/sherpa-onnx-core.dir/ten-vad-model-config.cc.o
2026-10-03T04:16:08.4974071Z [ 70%] Building CXX object sherpa-onnx/csrc/CMakeFiles/sherpa-onnx-core.dir/ten-vad-model.cc.o
2026-10-03T04:16:08.9973911Z [ 70%] Building CXX object sherpa-onnx/csrc/CMakeFiles/sherpa-onnx-core.dir/text-utils.cc.o
2026-10-03T04:16:11.0974001Z [ 71%] Building CXX object sherpa-onnx/csrc/CMakeFiles/sherpa-onnx-core.dir/timer.cc.o
2026-10-03T04:16:11.0975650Z [ 71%] Building CXX object sherpa-onnx/csrc/CMakeFiles/sherpa-onnx-core.dir/transducer-keyword-decoder.cc.o
2026-10-03T04:16:11.5974397Z [ 71%] Building CXX object sherpa-onnx/csrc/CMakeFiles/sherpa-onnx-core.dir/transpose.cc.o
2026-10-03T04:16:12.5974116Z [ 72%] Building CXX object sherpa-onnx/csrc/CMakeFiles/sherpa-onnx-core.dir/unbind.cc.o
2026-10-03T04:16:13.7974395Z [ 72%] Building CXX object sherpa-onnx/csrc/CMakeFiles/sherpa-onnx-core.dir/utils.cc.o
2026-10-03T04:16:14.5974422Z [ 72%] Building CXX object sherpa-onnx/csrc/CMakeFiles/sherpa-onnx-core.dir/vad-model-config.cc.o
2026-10-03T04:16:14.9973666Z [ 72%] Building CXX object sherpa-onnx/csrc/CMakeFiles/sherpa-onnx-core.dir/vad-model.cc.o
2026-10-03T04:16:15.2974353Z [ 73%] Building CXX object sherpa-onnx/csrc/CMakeFiles/sherpa-onnx-core.dir/version.cc.o
2026-10-03T04:16:15.2975641Z [ 73%] Building CXX object sherpa-onnx/csrc/CMakeFiles/sherpa-onnx-core.dir/voice-activity-detector.cc.o
2026-10-03T04:16:15.6974409Z [ 73%] Building CXX object sherpa-onnx/csrc/CMakeFiles/sherpa-onnx-core.dir/wave-reader.cc.o
2026-10-03T04:16:16.3973899Z [ 74%] Building CXX object sherpa-onnx/csrc/CMakeFiles/sherpa-onnx-core.dir/wave-writer.cc.o
2026-10-03T04:16:16.4973987Z [ 74%] Building CXX object sherpa-onnx/csrc/CMakeFiles/sherpa-onnx-core.dir/speaker-embedding-extractor-impl.cc.o
2026-10-03T04:16:17.0974065Z [ 74%] Building CXX object sherpa-onnx/csrc/CMakeFiles/sherpa-onnx-core.dir/speaker-embedding-extractor-model.cc.o
2026-10-03T04:16:19.7974635Z [ 75%] Building CXX object sherpa-onnx/csrc/CMakeFiles/sherpa-onnx-core.dir/speaker-embedding-extractor-nemo-model.cc.o
2026-10-03T04:16:19.8973905Z [ 75%] Building CXX object sherpa-onnx/csrc/CMakeFiles/sherpa-onnx-core.dir/speaker-embedding-extractor.cc.o
2026-10-03T04:16:22.3974555Z [ 75%] Building CXX object sherpa-onnx/csrc/CMakeFiles/sherpa-onnx-core.dir/speaker-embedding-manager.cc.o
2026-10-03T04:16:22.4973827Z [ 76%] Building CXX object sherpa-onnx/csrc/CMakeFiles/sherpa-onnx-core.dir/audio-tagging-impl.cc.o
2026-10-03T04:16:24.3974534Z [ 76%] Building CXX object sherpa-onnx/csrc/CMakeFiles/sherpa-onnx-core.dir/audio-tagging-label-file.cc.o
2026-10-03T04:16:25.1974432Z [ 76%] Building CXX object sherpa-onnx/csrc/CMakeFiles/sherpa-onnx-core.dir/audio-tagging-model-config.cc.o
2026-10-03T04:16:25.5974560Z [ 76%] Building CXX object sherpa-onnx/csrc/CMakeFiles/sherpa-onnx-core.dir/audio-tagging.cc.o
2026-10-03T04:16:25.8974444Z [ 77%] Building CXX object sherpa-onnx/csrc/CMakeFiles/sherpa-onnx-core.dir/offline-ced-model.cc.o
2026-10-03T04:16:26.3975102Z [ 77%] Building CXX object sherpa-onnx/csrc/CMakeFiles/sherpa-onnx-core.dir/offline-zipformer-audio-tagging-model-config.cc.o
2026-10-03T04:16:27.0974052Z [ 77%] Building CXX object sherpa-onnx/csrc/CMakeFiles/sherpa-onnx-core.dir/offline-zipformer-audio-tagging-model.cc.o
2026-10-03T04:16:27.2973663Z [ 78%] Building CXX object sherpa-onnx/csrc/CMakeFiles/sherpa-onnx-core.dir/qnn-config.cc.o
2026-10-03T04:16:28.0974373Z [ 78%] Building CXX object sherpa-onnx/csrc/CMakeFiles/sherpa-onnx-core.dir/offline-ct-transformer-model.cc.o
2026-10-03T04:16:28.5974592Z [ 78%] Building CXX object sherpa-onnx/csrc/CMakeFiles/sherpa-onnx-core.dir/offline-punctuation-impl.cc.o
2026-10-03T04:16:29.7974567Z [ 79%] Building CXX object sherpa-onnx/csrc/CMakeFiles/sherpa-onnx-core.dir/offline-punctuation-model-config.cc.o
2026-10-03T04:16:30.4973945Z [ 79%] Building CXX object sherpa-onnx/csrc/CMakeFiles/sherpa-onnx-core.dir/offline-punctuation.cc.o
2026-10-03T04:16:30.6974087Z [ 79%] Building CXX object sherpa-onnx/csrc/CMakeFiles/sherpa-onnx-core.dir/online-cnn-bilstm-model.cc.o
2026-10-03T04:16:31.1974871Z [ 79%] Building CXX object sherpa-onnx/csrc/CMakeFiles/sherpa-onnx-core.dir/online-punctuation-impl.cc.o
2026-10-03T04:16:32.0974816Z [ 80%] Building CXX object sherpa-onnx/csrc/CMakeFiles/sherpa-onnx-core.dir/online-punctuation-model-config.cc.o
2026-10-03T04:16:32.7974686Z [ 80%] Building CXX object sherpa-onnx/csrc/CMakeFiles/sherpa-onnx-core.dir/online-punctuation.cc.o
2026-10-03T04:16:33.4974511Z [ 80%] Building CXX object sherpa-onnx/csrc/CMakeFiles/sherpa-onnx-core.dir/tashkeel-tokenizer.cc.o
2026-10-03T04:16:33.6974558Z [ 81%] Building CXX object sherpa-onnx/csrc/CMakeFiles/sherpa-onnx-core.dir/offline-catt-model.cc.o
2026-10-03T04:16:35.0973265Z [ 81%] Building CXX object sherpa-onnx/csrc/CMakeFiles/sherpa-onnx-core.dir/offline-diacritization-model-config.cc.o
2026-10-03T04:16:35.3974014Z [ 81%] Building CXX object sherpa-onnx/csrc/CMakeFiles/sherpa-onnx-core.dir/offline-diacritization.cc.o
2026-10-03T04:16:35.7973974Z [ 82%] Building CXX object sherpa-onnx/csrc/CMakeFiles/sherpa-onnx-core.dir/offline-diacritization-impl.cc.o
2026-10-03T04:16:35.9973926Z [ 82%] Building CXX object sherpa-onnx/csrc/CMakeFiles/sherpa-onnx-core.dir/offline-funasr-nano-model-config.cc.o
2026-10-03T04:16:36.7973999Z [ 82%] Building CXX object sherpa-onnx/csrc/CMakeFiles/sherpa-onnx-core.dir/offline-funasr-nano-model.cc.o
2026-10-03T04:16:37.0974474Z [ 83%] Building CXX object sherpa-onnx/csrc/CMakeFiles/sherpa-onnx-core.dir/offline-recognizer-funasr-nano-impl.cc.o
2026-10-03T04:16:39.2974029Z [ 83%] Building CXX object sherpa-onnx/csrc/CMakeFiles/sherpa-onnx-core.dir/funasr-nano-tokenizer.cc.o
2026-10-03T04:16:40.3974681Z [ 83%] Building CXX object sherpa-onnx/csrc/CMakeFiles/sherpa-onnx-core.dir/offline-qwen3-asr-model-config.cc.o
2026-10-03T04:16:41.1973960Z [ 83%] Building CXX object sherpa-onnx/csrc/CMakeFiles/sherpa-onnx-core.dir/offline-qwen3-asr-model.cc.o
2026-10-03T04:16:42.2974033Z [ 84%] Building CXX object sherpa-onnx/csrc/CMakeFiles/sherpa-onnx-core.dir/offline-recognizer-qwen3-asr-impl.cc.o
2026-10-03T04:16:43.2974030Z [ 84%] Building CXX object sherpa-onnx/csrc/CMakeFiles/sherpa-onnx-core.dir/qwen-asr-tokenizer.cc.o
2026-10-03T04:16:46.1974107Z [ 84%] Building CXX object sherpa-onnx/csrc/CMakeFiles/sherpa-onnx-core.dir/character-lexicon.cc.o
2026-10-03T04:16:48.0974363Z [ 85%] Building CXX object sherpa-onnx/csrc/CMakeFiles/sherpa-onnx-core.dir/hifigan-vocoder.cc.o
2026-10-03T04:16:49.4973949Z [ 85%] Building CXX object sherpa-onnx/csrc/CMakeFiles/sherpa-onnx-core.dir/kokoro-multi-lang-lexicon.cc.o
2026-10-03T04:16:50.3974826Z [ 85%] Building CXX object sherpa-onnx/csrc/CMakeFiles/sherpa-onnx-core.dir/lexicon.cc.o
2026-10-03T04:16:52.1973434Z [ 86%] Building CXX object sherpa-onnx/csrc/CMakeFiles/sherpa-onnx-core.dir/matcha-tts-lexicon.cc.o
2026-10-03T04:16:57.4973935Z [ 86%] Building CXX object sherpa-onnx/csrc/CMakeFiles/sherpa-onnx-core.dir/melo-tts-lexicon.cc.o
2026-10-03T04:16:57.7974593Z [ 86%] Building CXX object sherpa-onnx/csrc/CMakeFiles/sherpa-onnx-core.dir/offline-tts-character-frontend.cc.o
2026-10-03T04:16:58.8973962Z [ 87%] Building CXX object sherpa-onnx/csrc/CMakeFiles/sherpa-onnx-core.dir/offline-tts-frontend.cc.o
2026-10-03T04:16:59.4973880Z [ 87%] Building CXX object sherpa-onnx/csrc/CMakeFiles/sherpa-onnx-core.dir/offline-tts-impl.cc.o
2026-10-03T04:17:01.6974050Z [ 87%] Building CXX object sherpa-onnx/csrc/CMakeFiles/sherpa-onnx-core.dir/offline-tts-kitten-model-config.cc.o
2026-10-03T04:17:02.3974028Z [ 87%] Building CXX object sherpa-onnx/csrc/CMakeFiles/sherpa-onnx-core.dir/offline-tts-kitten-model.cc.o
2026-10-03T04:17:04.1974051Z [ 88%] Building CXX object sherpa-onnx/csrc/CMakeFiles/sherpa-onnx-core.dir/offline-tts-kokoro-model-config.cc.o
2026-10-03T04:17:04.9973846Z [ 88%] Building CXX object sherpa-onnx/csrc/CMakeFiles/sherpa-onnx-core.dir/offline-tts-kokoro-model.cc.o
2026-10-03T04:17:06.6974116Z [ 88%] Building CXX object sherpa-onnx/csrc/CMakeFiles/sherpa-onnx-core.dir/offline-tts-matcha-model-config.cc.o
2026-10-03T04:17:06.6975974Z [ 89%] Building CXX object sherpa-onnx/csrc/CMakeFiles/sherpa-onnx-core.dir/offline-tts-matcha-model.cc.o
2026-10-03T04:17:07.4974098Z [ 89%] Building CXX object sherpa-onnx/csrc/CMakeFiles/sherpa-onnx-core.dir/offline-tts-model-config.cc.o
2026-10-03T04:17:08.0973932Z [ 89%] Building CXX object sherpa-onnx/csrc/CMakeFiles/sherpa-onnx-core.dir/offline-tts-pocket-model-config.cc.o
2026-10-03T04:17:08.2974405Z [ 90%] Building CXX object sherpa-onnx/csrc/CMakeFiles/sherpa-onnx-core.dir/offline-tts-pocket-model.cc.o
2026-10-03T04:17:08.8973959Z [ 90%] Building CXX object sherpa-onnx/csrc/CMakeFiles/sherpa-onnx-core.dir/offline-tts-supertonic-impl.cc.o
2026-10-03T04:17:09.9973995Z [ 90%] Building CXX object sherpa-onnx/csrc/CMakeFiles/sherpa-onnx-core.dir/offline-tts-supertonic-model-config.cc.o
2026-10-03T04:17:10.6973743Z [ 91%] Building CXX object sherpa-onnx/csrc/CMakeFiles/sherpa-onnx-core.dir/offline-tts-supertonic-model.cc.o
2026-10-03T04:17:10.9974468Z [ 91%] Building CXX object sherpa-onnx/csrc/CMakeFiles/sherpa-onnx-core.dir/offline-tts-supertonic-unicode-processor.cc.o
2026-10-03T04:17:11.9974421Z [ 91%] Building CXX object sherpa-onnx/csrc/CMakeFiles/sherpa-onnx-core.dir/offline-tts-vits-model-config.cc.o
2026-10-03T04:17:12.6973813Z [ 91%] Building CXX object sherpa-onnx/csrc/CMakeFiles/sherpa-onnx-core.dir/offline-tts-vits-model.cc.o
2026-10-03T04:17:14.4974047Z [ 92%] Building CXX object sherpa-onnx/csrc/CMakeFiles/sherpa-onnx-core.dir/offline-tts-zipvoice-model-config.cc.o
2026-10-03T04:17:14.5974768Z [ 92%] Building CXX object sherpa-onnx/csrc/CMakeFiles/sherpa-onnx-core.dir/offline-tts-zipvoice-model.cc.o
2026-10-03T04:17:15.2974532Z [ 92%] Building CXX object sherpa-onnx/csrc/CMakeFiles/sherpa-onnx-core.dir/offline-tts.cc.o
2026-10-03T04:17:16.3974101Z [ 93%] Building CXX object sherpa-onnx/csrc/CMakeFiles/sherpa-onnx-core.dir/piper-phonemize-lexicon.cc.o
2026-10-03T04:17:16.6974016Z [ 93%] Building CXX object sherpa-onnx/csrc/CMakeFiles/sherpa-onnx-core.dir/sentence-piece-tokenizer.cc.o
2026-10-03T04:17:19.5974007Z [ 93%] Building CXX object sherpa-onnx/csrc/CMakeFiles/sherpa-onnx-core.dir/vocoder.cc.o
2026-10-03T04:17:20.7974007Z [ 94%] Building CXX object sherpa-onnx/csrc/CMakeFiles/sherpa-onnx-core.dir/vocos-vocoder.cc.o
2026-10-03T04:17:20.8974119Z [ 94%] Building CXX object sherpa-onnx/csrc/CMakeFiles/sherpa-onnx-core.dir/offline-speech-denoiser-dpdfnet-model-config.cc.o
2026-10-03T04:17:21.5974537Z [ 94%] Building CXX object sherpa-onnx/csrc/CMakeFiles/sherpa-onnx-core.dir/offline-speech-denoiser-dpdfnet-model.cc.o
2026-10-03T04:17:22.3976942Z [ 95%] Building CXX object sherpa-onnx/csrc/CMakeFiles/sherpa-onnx-core.dir/offline-speech-denoiser-gtcrn-model-config.cc.o
2026-10-03T04:17:23.0974072Z [ 95%] Building CXX object sherpa-onnx/csrc/CMakeFiles/sherpa-onnx-core.dir/offline-speech-denoiser-gtcrn-model.cc.o
2026-10-03T04:17:23.1974389Z [ 95%] Building CXX object sherpa-onnx/csrc/CMakeFiles/sherpa-onnx-core.dir/offline-speech-denoiser-impl.cc.o
2026-10-03T04:17:24.6973865Z [ 95%] Building CXX object sherpa-onnx/csrc/CMakeFiles/sherpa-onnx-core.dir/offline-speech-denoiser-model-config.cc.o
2026-10-03T04:17:25.2974456Z [ 96%] Building CXX object sherpa-onnx/csrc/CMakeFiles/sherpa-onnx-core.dir/offline-speech-denoiser.cc.o
2026-10-03T04:17:25.3973921Z [ 96%] Building CXX object sherpa-onnx/csrc/CMakeFiles/sherpa-onnx-core.dir/online-speech-denoiser-impl.cc.o
2026-10-03T04:17:25.9975485Z [ 96%] Building CXX object sherpa-onnx/csrc/CMakeFiles/sherpa-onnx-core.dir/online-speech-denoiser.cc.o
2026-10-03T04:17:27.5972964Z [ 97%] Linking CXX static library ../../lib/libsherpa-onnx-core.a
2026-10-03T04:17:27.7973955Z [ 97%] Built target sherpa-onnx-core
2026-10-03T04:17:27.7975424Z [ 97%] Building CXX object sherpa-onnx/jni/CMakeFiles/sherpa-onnx-jni.dir/common.cc.o
2026-10-03T04:17:27.7976684Z [ 97%] Building CXX object sherpa-onnx/jni/CMakeFiles/sherpa-onnx-jni.dir/jni.cc.o
2026-10-03T04:17:28.3974006Z [ 98%] Building CXX object sherpa-onnx/jni/CMakeFiles/sherpa-onnx-jni.dir/offline-recognizer.cc.o
2026-10-03T04:17:28.8973709Z [ 98%] Building CXX object sherpa-onnx/jni/CMakeFiles/sherpa-onnx-jni.dir/offline-stream.cc.o
2026-10-03T04:17:29.4975973Z [ 98%] Building CXX object sherpa-onnx/jni/CMakeFiles/sherpa-onnx-jni.dir/online-stream.cc.o
2026-10-03T04:17:29.8974382Z [ 99%] Building CXX object sherpa-onnx/jni/CMakeFiles/sherpa-onnx-jni.dir/speaker-embedding-extractor.cc.o
2026-10-03T04:17:31.9973764Z [ 99%] Building CXX object sherpa-onnx/jni/CMakeFiles/sherpa-onnx-jni.dir/version.cc.o
2026-10-03T04:17:32.4974129Z [ 99%] Building CXX object sherpa-onnx/jni/CMakeFiles/sherpa-onnx-jni.dir/voice-activity-detector.cc.o
2026-10-03T04:17:32.5974424Z [ 99%] Building CXX object sherpa-onnx/jni/CMakeFiles/sherpa-onnx-jni.dir/offline-tts.cc.o
2026-10-03T04:17:34.1973849Z [100%] Linking CXX shared library ../../lib/libsherpa-onnx-jni.so
2026-10-03T04:17:34.3972573Z [100%] Built target sherpa-onnx-jni
2026-10-03T04:17:34.3973158Z Upstream Sherpa ready: /home/runner/work/Jarvis-OS-V2/Jarvis-OS-V2/app/build/sherpa-native
2026-10-03T04:17:34.5973462Z 
2026-10-03T04:17:34.5974329Z > Task :app:preBuild
2026-10-03T04:17:34.5975099Z > Task :app:preReleaseBuild
2026-10-03T04:17:34.6973446Z > Task :app:generateReleaseBuildConfig
2026-10-03T04:17:41.9975122Z > Task :app:generateReleaseResValues
2026-10-03T04:17:41.9975983Z > Task :app:checkReleaseAarMetadata
2026-10-03T04:17:42.0973586Z > Task :app:mapReleaseSourceSetPaths
2026-10-03T04:17:42.0974402Z > Task :app:generateReleaseResources
2026-10-03T04:17:43.5015396Z > Task :app:packageReleaseResources
2026-10-03T04:17:43.6973938Z > Task :app:mergeReleaseResources
2026-10-03T04:17:44.4974748Z > Task :app:createReleaseCompatibleScreenManifests
2026-10-03T04:17:44.5005024Z > Task :app:extractDeepLinksRelease
2026-10-03T04:17:44.6995391Z > Task :app:parseReleaseLocalResources
2026-10-03T04:17:44.8985479Z > Task :app:processReleaseMainManifest
2026-10-03T04:17:44.8986145Z > Task :app:processReleaseManifest
2026-10-03T04:17:44.9977547Z > Task :app:preReleaseUnitTestBuild
2026-10-03T04:17:45.0000351Z > Task :app:processReleaseManifestForPackage
2026-10-03T04:17:45.0052950Z > Task :app:javaPreCompileReleaseUnitTest
2026-10-03T04:17:45.0054608Z > Task :app:javaPreCompileRelease
2026-10-03T04:17:45.1985451Z > Task :app:extractProguardFiles
2026-10-03T04:17:45.4995468Z > Task :app:processReleaseResources
2026-10-03T04:17:47.1973665Z 
2026-10-03T04:17:47.1974651Z > Task :app:configureCMakeRelWithDebInfo[arm64-v8a]
2026-10-03T04:17:47.1975556Z Checking the license for package CMake 3.22.1 in /usr/local/lib/android/sdk/licenses
2026-10-03T04:17:47.1976511Z License for package CMake 3.22.1 accepted.
2026-10-03T04:17:47.1977464Z Preparing "Install CMake 3.22.1 v.3.22.1".
2026-10-03T04:17:47.1977869Z "Install CMake 3.22.1 v.3.22.1" ready.
2026-10-03T04:17:47.1978295Z Installing CMake 3.22.1 in /usr/local/lib/android/sdk/cmake/3.22.1
2026-10-03T04:17:47.1978711Z "Install CMake 3.22.1 v.3.22.1" complete.
2026-10-03T04:17:47.3995544Z "Install CMake 3.22.1 v.3.22.1" finished.
2026-10-03T04:18:20.3974303Z 
2026-10-03T04:18:20.3995334Z > Task :app:compileReleaseKotlin
2026-10-03T04:18:27.6985553Z > Task :app:buildCMakeRelWithDebInfo[arm64-v8a]
2026-10-03T04:19:08.3987859Z > Task :app:mergeReleaseJniLibFolders
2026-10-03T04:19:09.4974112Z > Task :app:mergeReleaseNativeLibs
2026-10-03T04:19:10.3982434Z > Task :app:checkReleaseDuplicateClasses
2026-10-03T04:19:10.6985397Z > Task :app:mergeReleaseStartupProfile
2026-10-03T04:19:10.6986643Z > Task :app:mergeReleaseArtProfile
2026-10-03T04:19:10.6987311Z > Task :app:mergeReleaseShaders
2026-10-03T04:19:10.6988372Z > Task :app:compileReleaseShaders NO-SOURCE
2026-10-03T04:19:10.6989089Z > Task :app:generateReleaseAssets UP-TO-DATE
2026-10-03T04:19:10.9975476Z > Task :app:stripReleaseDebugSymbols
2026-10-03T04:19:11.0976690Z > Task :app:mergeReleaseAssets
2026-10-03T04:19:11.3975406Z > Task :app:extractReleaseVersionControlInfo
2026-10-03T04:19:11.8996709Z > Task :app:convertLinkedResourcesToProtoRelease
2026-10-03T04:19:11.9997340Z > Task :app:compressReleaseAssets
2026-10-03T04:19:12.0014878Z > Task :app:extractReleaseNativeSymbolTables
2026-10-03T04:19:12.1015351Z > Task :app:collectReleaseDependencies
2026-10-03T04:19:12.3055564Z > Task :app:sdkReleaseDependencyData
2026-10-03T04:19:12.3087507Z > Task :app:validateSigningRelease
2026-10-03T04:19:12.3119162Z > Task :app:writeReleaseAppMetadata
2026-10-03T04:19:12.3980261Z > Task :app:writeReleaseSigningConfigVersions
2026-10-03T04:19:12.4004725Z > Task :app:preReleaseAndroidTestBuild SKIPPED
2026-10-03T04:19:13.3025449Z > Task :app:processReleaseAndroidTestManifest
2026-10-03T04:19:13.3070550Z > Task :app:generateReleaseAndroidTestBuildConfig
2026-10-03T04:19:13.3104844Z > Task :app:generateReleaseAndroidTestResValues
2026-10-03T04:19:13.3154890Z > Task :app:checkReleaseAndroidTestAarMetadata
2026-10-03T04:19:13.3288515Z > Task :app:mapReleaseAndroidTestSourceSetPaths
2026-10-03T04:19:13.3371555Z > Task :app:generateReleaseAndroidTestResources
2026-10-03T04:19:13.3985330Z > Task :app:javaPreCompileReleaseAndroidTest
2026-10-03T04:19:13.4014971Z > Task :app:mergeReleaseAndroidTestShaders
2026-10-03T04:19:13.4044920Z > Task :app:compileReleaseAndroidTestShaders NO-SOURCE
2026-10-03T04:19:13.4072774Z > Task :app:generateReleaseAndroidTestAssets UP-TO-DATE
2026-10-03T04:19:13.4104984Z > Task :app:mergeReleaseAndroidTestResources
2026-10-03T04:19:13.5016412Z > Task :app:mergeReleaseAndroidTestAssets
2026-10-03T04:19:13.5065113Z > Task :app:compressReleaseAndroidTestAssets
2026-10-03T04:19:13.7987531Z > Task :app:checkReleaseAndroidTestDuplicateClasses
2026-10-03T04:19:13.8055043Z > Task :app:processReleaseAndroidTestResources
2026-10-03T04:19:13.8056121Z > Task :app:mergeReleaseAndroidTestJniLibFolders
2026-10-03T04:19:13.8988672Z > Task :app:mergeReleaseAndroidTestNativeLibs NO-SOURCE
2026-10-03T04:19:13.9004824Z > Task :app:stripReleaseAndroidTestDebugSymbols NO-SOURCE
2026-10-03T04:19:13.9034741Z > Task :app:validateSigningReleaseAndroidTest
2026-10-03T04:19:13.9064732Z > Task :app:writeReleaseAndroidTestSigningConfigVersions
2026-10-03T04:19:17.7985204Z > Task :app:mergeReleaseNativeDebugMetadata
2026-10-03T04:29:48.4974371Z 
2026-10-03T04:29:48.4979134Z > Task :app:compileReleaseKotlin
2026-10-03T04:29:48.4980858Z w: file:///home/runner/work/Jarvis-OS-V2/Jarvis-OS-V2/app/src/main/java/com/battlesbudz/jarvis/v2/JarvisRuntime.kt:88:14 'lateinit' is unnecessary: definitely initialized in constructors.
2026-10-03T04:29:48.4983396Z w: file:///home/runner/work/Jarvis-OS-V2/Jarvis-OS-V2/app/src/main/java/com/battlesbudz/jarvis/v2/JarvisRuntime.kt:177:14 'lateinit' is unnecessary: definitely initialized in constructors.
2026-10-03T04:29:48.4996250Z w: file:///home/runner/work/Jarvis-OS-V2/Jarvis-OS-V2/app/src/main/java/com/battlesbudz/jarvis/v2/JarvisRuntime.kt:178:14 'lateinit' is unnecessary: definitely initialized in constructors.
2026-10-03T04:29:48.4999510Z w: file:///home/runner/work/Jarvis-OS-V2/Jarvis-OS-V2/app/src/main/java/com/battlesbudz/jarvis/v2/JarvisRuntime.kt:182:14 'lateinit' is unnecessary: definitely initialized in constructors.
2026-10-03T04:29:48.5001656Z w: file:///home/runner/work/Jarvis-OS-V2/Jarvis-OS-V2/app/src/main/java/com/battlesbudz/jarvis/v2/JarvisRuntime.kt:183:14 'lateinit' is unnecessary: definitely initialized in constructors.
2026-10-03T04:29:48.5003811Z w: file:///home/runner/work/Jarvis-OS-V2/Jarvis-OS-V2/app/src/main/java/com/battlesbudz/jarvis/v2/JarvisRuntime.kt:184:14 'lateinit' is unnecessary: definitely initialized in constructors.
2026-10-03T04:29:48.5006289Z w: file:///home/runner/work/Jarvis-OS-V2/Jarvis-OS-V2/app/src/main/java/com/battlesbudz/jarvis/v2/JarvisRuntime.kt:185:14 'lateinit' is unnecessary: definitely initialized in constructors.
2026-10-03T04:29:48.5008850Z w: file:///home/runner/work/Jarvis-OS-V2/Jarvis-OS-V2/app/src/main/java/com/battlesbudz/jarvis/v2/JarvisRuntime.kt:187:14 'lateinit' is unnecessary: definitely initialized in constructors.
2026-10-03T04:29:48.5011175Z w: file:///home/runner/work/Jarvis-OS-V2/Jarvis-OS-V2/app/src/main/java/com/battlesbudz/jarvis/v2/JarvisRuntime.kt:784:62 Unnecessary safe call on a non-null receiver of type 'LiveComparison.Trial'.
2026-10-03T04:29:48.5013478Z w: file:///home/runner/work/Jarvis-OS-V2/Jarvis-OS-V2/app/src/main/java/com/battlesbudz/jarvis/v2/JarvisRuntime.kt:1398:91 Unnecessary safe call on a non-null receiver of type 'Job'.
2026-10-03T04:29:48.5015814Z w: file:///home/runner/work/Jarvis-OS-V2/Jarvis-OS-V2/app/src/main/java/com/battlesbudz/jarvis/v2/JarvisRuntime.kt:1834:34 Unnecessary safe call on a non-null receiver of type 'Job'.
2026-10-03T04:29:48.5017969Z w: file:///home/runner/work/Jarvis-OS-V2/Jarvis-OS-V2/app/src/main/java/com/battlesbudz/jarvis/v2/JarvisRuntime.kt:1864:34 Unnecessary safe call on a non-null receiver of type 'Job'.
2026-10-03T04:29:48.5020299Z w: file:///home/runner/work/Jarvis-OS-V2/Jarvis-OS-V2/app/src/main/java/com/battlesbudz/jarvis/v2/actions/InstalledAppResolver.kt:83:51 Unnecessary safe call on a non-null receiver of type 'CharSequence'.
2026-10-03T04:29:48.5022876Z w: file:///home/runner/work/Jarvis-OS-V2/Jarvis-OS-V2/app/src/main/java/com/battlesbudz/jarvis/v2/chat/ConversationHistory.kt:90:111 Unnecessary non-null assertion (!!) on a non-null receiver of type 'ConversationMessage'.
2026-10-03T04:29:48.5026818Z w: file:///home/runner/work/Jarvis-OS-V2/Jarvis-OS-V2/app/src/main/java/com/battlesbudz/jarvis/v2/chat/ConversationHistory.kt:181:56 Java type mismatch: inferred type is 'String?', but 'String' was expected.
2026-10-03T04:29:48.5029559Z w: file:///home/runner/work/Jarvis-OS-V2/Jarvis-OS-V2/app/src/main/java/com/battlesbudz/jarvis/v2/conversation/ConversationRuntime.kt:207:55 Unnecessary non-null assertion (!!) on a non-null receiver of type 'MemoryDeliveryFence.Ticket'.
2026-10-03T04:29:48.5032633Z w: file:///home/runner/work/Jarvis-OS-V2/Jarvis-OS-V2/app/src/main/java/com/battlesbudz/jarvis/v2/diagnostics/DiagnosticRecorder.kt:116:49 Java type mismatch: inferred type is 'String?', but 'String' was expected.
2026-10-03T04:29:48.5038532Z w: file:///home/runner/work/Jarvis-OS-V2/Jarvis-OS-V2/app/src/main/java/com/battlesbudz/jarvis/v2/diagnostics/DiagnosticRecorder.kt:135:55 Java type mismatch: inferred type is 'String?', but 'String' was expected.
2026-10-03T04:29:48.5047256Z w: file:///home/runner/work/Jarvis-OS-V2/Jarvis-OS-V2/app/src/main/java/com/battlesbudz/jarvis/v2/diagnostics/DiagnosticRecorder.kt:158:29 Java type mismatch: inferred type is 'String?', but 'String' was expected.
2026-10-03T04:29:48.5053523Z w: file:///home/runner/work/Jarvis-OS-V2/Jarvis-OS-V2/app/src/main/java/com/battlesbudz/jarvis/v2/memory/SourceTextPersistencePolicy.kt:64:68 Java type mismatch: inferred type is 'String?', but 'String' was expected.
2026-10-03T04:29:48.5059536Z w: file:///home/runner/work/Jarvis-OS-V2/Jarvis-OS-V2/app/src/main/java/com/battlesbudz/jarvis/v2/memory/SourceTextPersistencePolicy.kt:67:61 Java type mismatch: inferred type is 'String?', but 'String' was expected.
2026-10-03T04:29:48.5062399Z w: file:///home/runner/work/Jarvis-OS-V2/Jarvis-OS-V2/app/src/main/java/com/battlesbudz/jarvis/v2/memory/SourceTextPersistencePolicy.kt:112:43 Unnecessary non-null assertion (!!) on a non-null receiver of type 'SourceTextPersistencePolicy.SummaryProof'.
2026-10-03T04:29:48.5065074Z w: file:///home/runner/work/Jarvis-OS-V2/Jarvis-OS-V2/app/src/main/java/com/battlesbudz/jarvis/v2/ui/MemoryScreen.kt:49:21 'val LocalLifecycleOwner: ProvidableCompositionLocal<LifecycleOwner>' is deprecated. Moved to lifecycle-runtime-compose library in androidx.lifecycle.compose package.
2026-10-03T04:29:48.5068063Z w: file:///home/runner/work/Jarvis-OS-V2/Jarvis-OS-V2/app/src/main/java/com/battlesbudz/jarvis/v2/ui/MemoryScreen.kt:186:44 Unnecessary safe call on a non-null receiver of type 'MemoryWikiIndex'.
2026-10-03T04:29:48.5070706Z w: file:///home/runner/work/Jarvis-OS-V2/Jarvis-OS-V2/app/src/main/java/com/battlesbudz/jarvis/v2/voice/AudioTurnCapture.kt:368:78 Unnecessary non-null assertion (!!) on a non-null receiver of type 'Boolean'.
2026-10-03T04:29:48.5073181Z w: file:///home/runner/work/Jarvis-OS-V2/Jarvis-OS-V2/app/src/main/java/com/battlesbudz/jarvis/v2/voice/PiperVoiceOutput.kt:362:53 Unnecessary safe call on a non-null receiver of type 'CallModelSlot.Lease<OfflineTts>'.
2026-10-03T04:29:48.5075875Z w: file:///home/runner/work/Jarvis-OS-V2/Jarvis-OS-V2/app/src/main/java/com/battlesbudz/jarvis/v2/voice/RecognitionModelStore.kt:32:41 'val nextTarEntry: TarArchiveEntry!' is deprecated. Deprecated in Java.
2026-10-03T04:29:48.5078245Z w: file:///home/runner/work/Jarvis-OS-V2/Jarvis-OS-V2/app/src/main/java/com/battlesbudz/jarvis/v2/voice/TtsModelStore.kt:77:37 'val nextTarEntry: TarArchiveEntry!' is deprecated. Deprecated in Java.
2026-10-03T04:29:57.5018798Z 
2026-10-03T04:29:57.5075225Z > Task :app:compileReleaseJavaWithJavac
2026-10-03T04:29:57.5975492Z > Task :app:processReleaseJavaRes
2026-10-03T04:29:57.6973639Z > Task :app:bundleReleaseClassesToRuntimeJar
2026-10-03T04:29:57.6974578Z > Task :app:bundleReleaseClassesToCompileJar
2026-10-03T04:30:00.1973679Z > Task :app:generateReleaseLintVitalReportModel
2026-10-03T04:30:08.3995512Z > Task :app:mergeReleaseGeneratedProguardFiles
2026-10-03T04:30:10.9015385Z > Task :app:expandReleaseArtProfileWildcards
2026-10-03T04:30:14.9076130Z e: file:///home/runner/work/Jarvis-OS-V2/Jarvis-OS-V2/app/src/test/java/com/battlesbudz/jarvis/v2/memory/MemoryAcceptanceTest.kt:45:24 Overload resolution ambiguity between candidates:
2026-10-03T04:30:14.9077408Z 
2026-10-03T04:30:14.9077659Z > Task :app:compileReleaseUnitTestKotlin FAILED
2026-10-03T04:30:14.9125305Z constructor(store: MemoryPersistence, clock: () -> Long = ..., canDiscloseSensitive: () -> Boolean = ...): MemoryOs
2026-10-03T04:30:14.9150161Z constructor(store: MemoryPersistence, clock: () -> Long): MemoryOs
2026-10-03T04:30:14.9175536Z e: file:///home/runner/work/Jarvis-OS-V2/Jarvis-OS-V2/app/src/test/java/com/battlesbudz/jarvis/v2/memory/MemoryOsTest.kt:49:68 Overload resolution ambiguity between candidates:
2026-10-03T04:30:14.9200820Z constructor(store: MemoryPersistence, clock: () -> Long = ..., canDiscloseSensitive: () -> Boolean = ...): MemoryOs
2026-10-03T04:30:14.9244883Z constructor(store: MemoryPersistence, clock: () -> Long): MemoryOs
2026-10-03T04:30:14.9277522Z e: file:///home/runner/work/Jarvis-OS-V2/Jarvis-OS-V2/app/src/test/java/com/battlesbudz/jarvis/v2/memory/MemoryOsTest.kt:52:26 Unresolved reference 'propose'.
2026-10-03T04:30:14.9319905Z e: file:///home/runner/work/Jarvis-OS-V2/Jarvis-OS-V2/app/src/test/java/com/battlesbudz/jarvis/v2/memory/MemoryOsTest.kt:53:48 Unresolved reference 'delete'.
2026-10-03T04:30:14.9338913Z e: file:///home/runner/work/Jarvis-OS-V2/Jarvis-OS-V2/app/src/test/java/com/battlesbudz/jarvis/v2/memory/MemoryOsTest.kt:53:63 Unresolved reference 'id'.
2026-10-03T04:30:14.9365728Z e: file:///home/runner/work/Jarvis-OS-V2/Jarvis-OS-V2/app/src/test/java/com/battlesbudz/jarvis/v2/memory/MemoryOsTest.kt:54:54 Unresolved reference 'read'.
2026-10-03T04:30:14.9415436Z e: file:///home/runner/work/Jarvis-OS-V2/Jarvis-OS-V2/app/src/test/java/com/battlesbudz/jarvis/v2/memory/MemoryOsTest.kt:54:72 Unresolved reference 'tombstones'.
2026-10-03T04:30:14.9417553Z e: file:///home/runner/work/Jarvis-OS-V2/Jarvis-OS-V2/app/src/test/java/com/battlesbudz/jarvis/v2/memory/MemoryOsTest.kt:55:48 Unresolved reference 'propose'.
2026-10-03T04:30:14.9475784Z e: file:///home/runner/work/Jarvis-OS-V2/Jarvis-OS-V2/app/src/test/java/com/battlesbudz/jarvis/v2/memory/MemoryStoreTest.kt:17:22 Overload resolution ambiguity between candidates:
2026-10-03T04:30:14.9521047Z constructor(store: MemoryPersistence, clock: () -> Long = ..., canDiscloseSensitive: () -> Boolean = ...): MemoryOs
2026-10-03T04:30:14.9559000Z constructor(store: MemoryPersistence, clock: () -> Long): MemoryOs
2026-10-03T04:30:14.9615528Z e: file:///home/runner/work/Jarvis-OS-V2/Jarvis-OS-V2/app/src/test/java/com/battlesbudz/jarvis/v2/memory/MemoryStoreTest.kt:18:60 Unresolved reference 'propose'.
2026-10-03T04:30:14.9647081Z e: file:///home/runner/work/Jarvis-OS-V2/Jarvis-OS-V2/app/src/test/java/com/battlesbudz/jarvis/v2/memory/MemoryStoreTest.kt:25:33 Overload resolution ambiguity between candidates:
2026-10-03T04:30:14.9704654Z constructor(store: MemoryPersistence, clock: () -> Long = ..., canDiscloseSensitive: () -> Boolean = ...): MemoryOs
2026-10-03T04:30:14.9744922Z constructor(store: MemoryPersistence, clock: () -> Long): MemoryOs
2026-10-03T04:30:14.9749477Z e: file:///home/runner/work/Jarvis-OS-V2/Jarvis-OS-V2/app/src/test/java/com/battlesbudz/jarvis/v2/memory/MemoryStoreTest.kt:26:72 Unresolved reference 'propose'.
2026-10-03T04:30:14.9777246Z e: file:///home/runner/work/Jarvis-OS-V2/Jarvis-OS-V2/app/src/test/java/com/battlesbudz/jarvis/v2/memory/MemoryStoreTest.kt:44:23 Overload resolution ambiguity between candidates:
2026-10-03T04:30:14.9832094Z constructor(store: MemoryPersistence, clock: () -> Long = ..., canDiscloseSensitive: () -> Boolean = ...): MemoryOs
2026-10-03T04:30:14.9875845Z constructor(store: MemoryPersistence, clock: () -> Long): MemoryOs
2026-10-03T04:30:14.9905634Z e: file:///home/runner/work/Jarvis-OS-V2/Jarvis-OS-V2/app/src/test/java/com/battlesbudz/jarvis/v2/memory/MemoryStoreTest.kt:45:61 Unresolved reference 'delete'.
2026-10-03T04:30:15.2004969Z 
2026-10-03T04:30:15.2075737Z > Task :app:mergeReleaseJavaResource
2026-10-03T04:30:17.8974437Z > Task :app:produceReleaseComposeMapping
2026-10-03T04:30:17.8985220Z > Task :app:reportReleaseComposeMappingErrors
2026-10-03T04:30:30.8973758Z > Task :app:lintVitalAnalyzeRelease
2026-10-03T04:30:46.5987211Z 
2026-10-03T04:30:46.5988313Z gradle/actions: Writing build results to /home/runner/work/_temp/.gradle-actions/build-results/__run_5-1791000648445.json
2026-10-03T04:30:46.6014493Z FAILURE: Build failed with an exception.
2026-10-03T04:30:46.6015079Z 70 actionable tasks: 70 executed
2026-10-03T04:30:46.6037605Z 
2026-10-03T04:30:46.6064739Z * What went wrong:
2026-10-03T04:30:46.6115051Z Execution failed for task ':app:compileReleaseUnitTestKotlin'.
2026-10-03T04:30:46.6135608Z > A failure occurred while executing org.jetbrains.kotlin.compilerRunner.GradleCompilerRunnerWithWorkers$GradleKotlinCompilerWorkAction
2026-10-03T04:30:46.6173873Z    > Compilation error. See log for more details
2026-10-03T04:30:46.6180581Z 
2026-10-03T04:30:46.6194398Z * Try:
2026-10-03T04:30:46.6205310Z > Run with --stacktrace option to get the stack trace.
2026-10-03T04:30:46.6206232Z > Run with --info or --debug option to get more log output.
2026-10-03T04:30:46.6207349Z > Run with --scan to get full insights.
2026-10-03T04:30:46.6208210Z > Get more help at https://help.gradle.org.
2026-10-03T04:30:46.6208785Z 
2026-10-03T04:30:46.6209178Z BUILD FAILED in 20m 4s
2026-10-03T04:30:47.0641810Z ##[error]Process completed with exit code 1.
2026-10-03T04:30:47.0703430Z ##[group]Run actions/upload-artifact@v4
2026-10-03T04:30:47.0703867Z with:
2026-10-03T04:30:47.0704449Z   name: ***-unit-tests
2026-10-03T04:30:47.0704975Z   path: app/build/test-results/testReleaseUnitTest/
app/build/reports/tests/testReleaseUnitTest/

2026-10-03T04:30:47.0705625Z   if-no-files-found: warn
2026-10-03T04:30:47.0705946Z   compression-level: 6
2026-10-03T04:30:47.0706279Z   overwrite: false
2026-10-03T04:30:47.0706544Z   include-hidden-files: false
2026-10-03T04:30:47.0706913Z env:
2026-10-03T04:30:47.0707267Z   JAVA_HOME: /opt/hostedtoolcache/Java_Temurin-Hotspot_jdk/21.0.12-1/x64
2026-10-03T04:30:47.0707912Z   JAVA_HOME_21_X64: /opt/hostedtoolcache/Java_Temurin-Hotspot_jdk/21.0.12-1/x64
2026-10-03T04:30:47.0708443Z   GRADLE_ACTION_ID: gradle/actions/setup-gradle
2026-10-03T04:30:47.0708844Z   GRADLE_USER_HOME: /home/runner/.gradle
2026-10-03T04:30:47.0709230Z   GRADLE_BUILD_ACTION_SETUP_COMPLETED: true
2026-10-03T04:30:47.0709829Z   GRADLE_BUILD_ACTION_CACHE_RESTORED: true
2026-10-03T04:30:47.0710435Z   DEVELOCITY_INJECTION_INIT_SCRIPT_NAME: gradle-actions.inject-develocity.init.gradle
2026-10-03T04:30:47.0711061Z   DEVELOCITY_INJECTION_CUSTOM_VALUE: gradle-actions
2026-10-03T04:30:47.0711428Z   GITHUB_DEPENDENCY_GRAPH_ENABLED: false
2026-10-03T04:30:47.0711827Z ##[endgroup]
2026-10-03T04:30:47.2431978Z (node:6992) [DEP0040] DeprecationWarning: The `punycode` module is deprecated. Please use a userland alternative instead.
2026-10-03T04:30:47.2433234Z (Use `node --trace-deprecation ...` to show where the warning was created)
2026-10-03T04:30:47.2480429Z Multiple search paths detected. Calculating the least common ancestor of all paths
2026-10-03T04:30:47.2482971Z The least common ancestor is /home/runner/work/Jarvis-OS-V2/Jarvis-OS-V2/app/build. This will be the root directory of the artifact
2026-10-03T04:30:47.2487012Z ##[warning]No files were found with the provided path: app/build/test-results/testReleaseUnitTest/
app/build/reports/tests/testReleaseUnitTest/. No artifacts will be uploaded.
2026-10-03T04:30:47.2864340Z Post job cleanup.
2026-10-03T04:30:47.5218476Z In post-action step
2026-10-03T04:30:47.5229184Z Cache is read-only: will not save state for use in subsequent builds.
2026-10-03T04:30:47.5235717Z Generating Job Summary
2026-10-03T04:30:47.5254368Z Completed post-action step
2026-10-03T04:30:47.5539725Z Post job cleanup.
2026-10-03T04:30:47.6942641Z (node:7017) [DEP0040] DeprecationWarning: The `punycode` module is deprecated. Please use a userland alternative instead.
2026-10-03T04:30:47.6943928Z (Use `node --trace-deprecation ...` to show where the warning was created)
2026-10-03T04:30:47.7118752Z Post job cleanup.
2026-10-03T04:30:47.8059300Z [command]/usr/bin/git version
2026-10-03T04:30:47.8110603Z git version 2.55.0
2026-10-03T04:30:47.8149962Z Temporarily overriding HOME='/home/runner/work/_temp/302928d7-3718-4fb2-adea-e2496cb2e992' before making global git config changes
2026-10-03T04:30:47.8151816Z Adding repository directory to the temporary git global config as a safe directory
2026-10-03T04:30:47.8154856Z [command]/usr/bin/git config --global --add safe.directory /home/runner/work/Jarvis-OS-V2/Jarvis-OS-V2
2026-10-03T04:30:47.8201171Z [command]/usr/bin/git config --local --name-only --get-regexp core\.sshCommand
2026-10-03T04:30:47.8244745Z [command]/usr/bin/git submodule foreach --recursive sh -c "git config --local --name-only --get-regexp 'core\.sshCommand' && git config --local --unset-all 'core.sshCommand' || :"
2026-10-03T04:30:47.8523537Z [command]/usr/bin/git config --local --name-only --get-regexp http\.https\:\/\/github\.com\/\.extraheader
2026-10-03T04:30:47.8558992Z http.https://github.com/.extraheader
2026-10-03T04:30:47.8579426Z [command]/usr/bin/git config --local --unset-all http.https://github.com/.extraheader
2026-10-03T04:30:47.8618267Z [command]/usr/bin/git submodule foreach --recursive sh -c "git config --local --name-only --get-regexp 'http\.https\:\/\/github\.com\/\.extraheader' && git config --local --unset-all 'http.https://github.com/.extraheader' || :"
2026-10-03T04:30:47.8910787Z [command]/usr/bin/git config --local --name-only --get-regexp ^includeIf\.gitdir:
2026-10-03T04:30:47.8959827Z [command]/usr/bin/git submodule foreach --recursive git config --local --show-origin --name-only --get-regexp remote.origin.url
2026-10-03T04:30:47.9371504Z Cleaning up orphan processes
2026-10-03T04:30:47.9706584Z Terminate orphan process: pid (6472) (java)
2026-10-03T04:30:47.9756718Z ##[warning]Node.js 20 is deprecated. The following actions target Node.js 20 but are being forced to run on Node.js 24: actions/cache@v4, actions/checkout@v4, actions/setup-java@v4, actions/upload-artifact@v4, gradle/actions/setup-gradle@v4. For more information see: https://github.blog/changelog/2025-09-19-deprecation-of-node-20-on-github-actions-runners/

