2026-10-03T03:06:03.2131379Z Current runner version: '2.337.0'
2026-10-03T03:06:03.2151335Z ##[group]Runner Image Provisioner
2026-10-03T03:06:03.2151919Z Hosted Compute Agent
2026-10-03T03:06:03.2152431Z Version: 20260901.588
2026-10-03T03:06:03.2152836Z Commit: f88ec8081b781fac6c440065ac7ff9e710ce3d0b
2026-10-03T03:06:03.2153290Z Build Date: 2026-09-01T19:56:44Z
2026-10-03T03:06:03.2153779Z Worker ID: {2cc63513-4a9f-47cb-ac82-50f5b29bd768}
2026-10-03T03:06:03.2154272Z Azure Region: centralus
2026-10-03T03:06:03.2154720Z ##[endgroup]
2026-10-03T03:06:03.2155788Z ##[group]Operating System
2026-10-03T03:06:03.2156272Z Ubuntu
2026-10-03T03:06:03.2156629Z 24.04.5
2026-10-03T03:06:03.2156966Z LTS
2026-10-03T03:06:03.2157398Z ##[endgroup]
2026-10-03T03:06:03.2157758Z ##[group]Runner Image
2026-10-03T03:06:03.2158173Z Image: ubuntu-24.04
2026-10-03T03:06:03.2158589Z Version: 20260927.320.1
2026-10-03T03:06:03.2159475Z Included Software: https://github.com/actions/runner-images/blob/ubuntu24/20260927.320/images/ubuntu/Ubuntu2404-Readme.md
2026-10-03T03:06:03.2160519Z Image Release: https://github.com/actions/runner-images/releases/tag/ubuntu24%2F20260927.320
2026-10-03T03:06:03.2161167Z ##[endgroup]
2026-10-03T03:06:03.2161920Z ##[group]GITHUB_TOKEN Permissions
2026-10-03T03:06:03.2163238Z Contents: read
2026-10-03T03:06:03.2163611Z Metadata: read
2026-10-03T03:06:03.2164003Z ##[endgroup]
2026-10-03T03:06:03.2165489Z Secret source: Actions
2026-10-03T03:06:03.2166158Z Cache mode: write
2026-10-03T03:06:03.2166621Z Prepare workflow directory
2026-10-03T03:06:03.2420315Z Prepare all required actions
2026-10-03T03:06:03.2453212Z Getting action download info
2026-10-03T03:06:03.4952456Z Download action repository 'actions/checkout@v4' (SHA:11d5960a326750d5838078e36cf38b85af677262)
2026-10-03T03:06:03.5819254Z Download action repository 'actions/setup-java@v4' (SHA:cf277c60eb25467037889841efdb72551f06f6c3)
2026-10-03T03:06:04.2431510Z Download action repository 'actions/cache@v4' (SHA:0057852bfaa89a56745cba8c7296529d2fc39830)
2026-10-03T03:06:04.3579206Z Download action repository 'gradle/actions@v4' (SHA:ed408507eac070d1f99cc633dbcf757c94c7933a)
2026-10-03T03:06:05.7071489Z Download action repository 'actions/upload-artifact@v4' (SHA:ea165f8d65b6e75b540449e92b4886f43607fa02)
2026-10-03T03:06:05.9267685Z Complete job name: Build signed release APK
2026-10-03T03:06:05.9755822Z ##[group]Run actions/checkout@v4
2026-10-03T03:06:05.9756114Z with:
2026-10-03T03:06:05.9756265Z   repository: battlesbudz/Jarvis-OS-V2
2026-10-03T03:06:05.9757760Z   token: ***
2026-10-03T03:06:05.9757884Z   ssh-strict: true
2026-10-03T03:06:05.9758016Z   ssh-user: git
2026-10-03T03:06:05.9758148Z   persist-credentials: true
2026-10-03T03:06:05.9758295Z   clean: true
2026-10-03T03:06:05.9758425Z   sparse-checkout-cone-mode: true
2026-10-03T03:06:05.9758591Z   fetch-depth: 1
2026-10-03T03:06:05.9758724Z   fetch-tags: false
2026-10-03T03:06:05.9758874Z   show-progress: true
2026-10-03T03:06:05.9759001Z   lfs: false
2026-10-03T03:06:05.9759144Z   submodules: false
2026-10-03T03:06:05.9759296Z   set-safe-directory: true
2026-10-03T03:06:05.9759447Z   allow-unsafe-pr-checkout: false
2026-10-03T03:06:05.9759673Z ##[endgroup]
2026-10-03T03:06:06.0471241Z Syncing repository: battlesbudz/Jarvis-OS-V2
2026-10-03T03:06:06.0472357Z ##[group]Getting Git version info
2026-10-03T03:06:06.0472701Z Working directory is '/home/runner/work/Jarvis-OS-V2/Jarvis-OS-V2'
2026-10-03T03:06:06.0473200Z [command]/usr/bin/git version
2026-10-03T03:06:06.0537510Z git version 2.55.0
2026-10-03T03:06:06.0552825Z ##[endgroup]
2026-10-03T03:06:06.0565973Z Temporarily overriding HOME='/home/runner/work/_temp/be30289e-661c-4c59-9545-63aa7e24a257' before making global git config changes
2026-10-03T03:06:06.0566689Z Adding repository directory to the temporary git global config as a safe directory
2026-10-03T03:06:06.0571982Z [command]/usr/bin/git config --global --add safe.directory /home/runner/work/Jarvis-OS-V2/Jarvis-OS-V2
2026-10-03T03:06:06.0621615Z Deleting the contents of '/home/runner/work/Jarvis-OS-V2/Jarvis-OS-V2'
2026-10-03T03:06:06.0626527Z ##[group]Initializing the repository
2026-10-03T03:06:06.0629933Z [command]/usr/bin/git init /home/runner/work/Jarvis-OS-V2/Jarvis-OS-V2
2026-10-03T03:06:06.0747751Z hint: Using 'master' as the name for the initial branch. This default branch name
2026-10-03T03:06:06.0748285Z hint: will change to "main" in Git 3.0. To configure the initial branch name
2026-10-03T03:06:06.0748583Z hint: to use in all of your new repositories, which will suppress this warning,
2026-10-03T03:06:06.0748816Z hint: call:
2026-10-03T03:06:06.0748948Z hint:
2026-10-03T03:06:06.0749166Z hint: 	git config --global init.defaultBranch <name>
2026-10-03T03:06:06.0749362Z hint:
2026-10-03T03:06:06.0749544Z hint: Names commonly chosen instead of 'master' are 'main', 'trunk' and
2026-10-03T03:06:06.0749830Z hint: 'development'. The just-created branch can be renamed via this command:
2026-10-03T03:06:06.0750065Z hint:
2026-10-03T03:06:06.0750200Z hint: 	git branch -m <name>
2026-10-03T03:06:06.0750344Z hint:
2026-10-03T03:06:06.0750750Z hint: Disable this message with "git config set advice.defaultBranchName false"
2026-10-03T03:06:06.0755870Z Initialized empty Git repository in /home/runner/work/Jarvis-OS-V2/Jarvis-OS-V2/.git/
2026-10-03T03:06:06.0764935Z [command]/usr/bin/git remote add origin https://github.com/battlesbudz/Jarvis-OS-V2
2026-10-03T03:06:06.0817123Z ##[endgroup]
2026-10-03T03:06:06.0817540Z ##[group]Disabling automatic garbage collection
2026-10-03T03:06:06.0821181Z [command]/usr/bin/git config --local gc.auto 0
2026-10-03T03:06:06.0854907Z ##[endgroup]
2026-10-03T03:06:06.0855299Z ##[group]Setting up auth
2026-10-03T03:06:06.0861447Z [command]/usr/bin/git config --local --name-only --get-regexp core\.sshCommand
2026-10-03T03:06:06.0895305Z [command]/usr/bin/git submodule foreach --recursive sh -c "git config --local --name-only --get-regexp 'core\.sshCommand' && git config --local --unset-all 'core.sshCommand' || :"
2026-10-03T03:06:06.1205756Z [command]/usr/bin/git config --local --name-only --get-regexp http\.https\:\/\/github\.com\/\.extraheader
2026-10-03T03:06:06.1235891Z [command]/usr/bin/git submodule foreach --recursive sh -c "git config --local --name-only --get-regexp 'http\.https\:\/\/github\.com\/\.extraheader' && git config --local --unset-all 'http.https://github.com/.extraheader' || :"
2026-10-03T03:06:06.1418878Z [command]/usr/bin/git config --local --name-only --get-regexp ^includeIf\.gitdir:
2026-10-03T03:06:06.1449439Z [command]/usr/bin/git submodule foreach --recursive git config --local --show-origin --name-only --get-regexp remote.origin.url
2026-10-03T03:06:06.1628358Z [command]/usr/bin/git config --local http.https://github.com/.extraheader AUTHORIZATION: basic ***
2026-10-03T03:06:06.1663883Z ##[endgroup]
2026-10-03T03:06:06.1664299Z ##[group]Fetching the repository
2026-10-03T03:06:06.1670916Z [command]/usr/bin/git -c protocol.version=2 fetch --no-tags --prune --no-recurse-submodules --depth=1 origin +deac28fb850b179f9ab5d65cc71b1e03b88b3bff:refs/remotes/origin/feature/memory-os-overnight-candidate-extraction-20261002-1
2026-10-03T03:06:06.7376043Z From https://github.com/battlesbudz/Jarvis-OS-V2
2026-10-03T03:06:06.7377246Z  * [new ref]         deac28fb850b179f9ab5d65cc71b1e03b88b3bff -> origin/feature/memory-os-overnight-candidate-extraction-20261002-1
2026-10-03T03:06:06.7379965Z ##[endgroup]
2026-10-03T03:06:06.7380560Z ##[group]Determining the checkout info
2026-10-03T03:06:06.7382613Z ##[endgroup]
2026-10-03T03:06:06.7388712Z [command]/usr/bin/git sparse-checkout disable
2026-10-03T03:06:06.7437819Z [command]/usr/bin/git config --local --unset-all extensions.worktreeConfig
2026-10-03T03:06:06.7473631Z ##[group]Checking out the ref
2026-10-03T03:06:06.7477207Z [command]/usr/bin/git checkout --progress --force -B feature/memory-os-overnight-candidate-extraction-20261002-1 refs/remotes/origin/feature/memory-os-overnight-candidate-extraction-20261002-1
2026-10-03T03:06:06.7899871Z Switched to a new branch 'feature/memory-os-overnight-candidate-extraction-20261002-1'
2026-10-03T03:06:06.7907928Z branch 'feature/memory-os-overnight-candidate-extraction-20261002-1' set up to track 'origin/feature/memory-os-overnight-candidate-extraction-20261002-1'.
2026-10-03T03:06:06.7911411Z ##[endgroup]
2026-10-03T03:06:06.7958694Z [command]/usr/bin/git log -1 --format=%H
2026-10-03T03:06:06.7985708Z deac28fb850b179f9ab5d65cc71b1e03b88b3bff
2026-10-03T03:06:06.8204909Z ##[group]Run actions/setup-java@v4
2026-10-03T03:06:06.8205104Z with:
2026-10-03T03:06:06.8205242Z   distribution: temurin
2026-10-03T03:06:06.8205385Z   java-version: 21
2026-10-03T03:06:06.8205517Z   java-package: jdk
2026-10-03T03:06:06.8205651Z   check-latest: false
2026-10-03T03:06:06.8205787Z   server-id: github
2026-10-03T03:06:06.8205924Z   server-username: GITHUB_ACTOR
2026-10-03T03:06:06.8206082Z   server-password: GITHUB_TOKEN
2026-10-03T03:06:06.8206240Z   overwrite-settings: true
2026-10-03T03:06:06.8229444Z   job-status: success
2026-10-03T03:06:06.8231137Z   token: ***
2026-10-03T03:06:06.8231283Z ##[endgroup]
2026-10-03T03:06:06.9385479Z ##[warning]setup-java v4 is deprecated and will no longer receive updates. Please migrate to actions/setup-java@v5.
2026-10-03T03:06:06.9393170Z ##[group]Installed distributions
2026-10-03T03:06:06.9415740Z Resolved Java 21.0.12+1 from tool-cache
2026-10-03T03:06:06.9416067Z Setting Java 21.0.12+1 as the default
2026-10-03T03:06:06.9422980Z (node:2094) [DEP0040] DeprecationWarning: The `punycode` module is deprecated. Please use a userland alternative instead.
2026-10-03T03:06:06.9423588Z (Use `node --trace-deprecation ...` to show where the warning was created)
2026-10-03T03:06:06.9424948Z Creating toolchains.xml for JDK version 21 from temurin
2026-10-03T03:06:06.9472237Z Writing to /home/runner/.m2/toolchains.xml
2026-10-03T03:06:06.9472880Z 
2026-10-03T03:06:06.9472976Z Java configuration:
2026-10-03T03:06:06.9473189Z   Distribution: temurin
2026-10-03T03:06:06.9473403Z   Version: 21.0.12+1
2026-10-03T03:06:06.9473711Z   Path: /opt/hostedtoolcache/Java_Temurin-Hotspot_jdk/21.0.12-1/x64
2026-10-03T03:06:06.9473972Z 
2026-10-03T03:06:06.9474307Z ##[endgroup]
2026-10-03T03:06:06.9491351Z Creating settings.xml with server-id: github
2026-10-03T03:06:06.9528247Z Writing to /home/runner/.m2/settings.xml
2026-10-03T03:06:06.9676551Z ##[group]Run "${ANDROID_HOME}/cmdline-tools/latest/bin/sdkmanager" "ndk;27.2.12479018"
2026-10-03T03:06:06.9677232Z [36;1m"${ANDROID_HOME}/cmdline-tools/latest/bin/sdkmanager" "ndk;27.2.12479018"[0m
2026-10-03T03:06:06.9919555Z shell: /usr/bin/bash -e {0}
2026-10-03T03:06:06.9919818Z env:
2026-10-03T03:06:06.9920025Z   JAVA_HOME: /opt/hostedtoolcache/Java_Temurin-Hotspot_jdk/21.0.12-1/x64
2026-10-03T03:06:06.9920313Z   JAVA_HOME_21_X64: /opt/hostedtoolcache/Java_Temurin-Hotspot_jdk/21.0.12-1/x64
2026-10-03T03:06:06.9920647Z ##[endgroup]
2026-10-03T03:06:11.2584737Z Loading package information...                                                  
2026-10-03T03:06:11.3115991Z Loading local repository...                                                     
2026-10-03T03:06:11.3117072Z [                                       ] 3% Loading local repository...        
2026-10-03T03:06:12.4492923Z [                                       ] 3% Fetch remote repository...         
2026-10-03T03:06:12.7673174Z [=                                      ] 3% Fetch remote repository...         
2026-10-03T03:06:12.8377637Z [=                                      ] 4% Fetch remote repository...         
2026-10-03T03:06:12.8652356Z [=                                      ] 5% Fetch remote repository...         
2026-10-03T03:06:12.9037523Z [==                                     ] 5% Fetch remote repository...         
2026-10-03T03:06:13.0386329Z [==                                     ] 6% Fetch remote repository...         
2026-10-03T03:06:13.1152337Z [==                                     ] 7% Fetch remote repository...         
2026-10-03T03:06:13.1191793Z [==                                     ] 7% Computing updates...               
2026-10-03T03:06:13.1232233Z [===                                    ] 8% Computing updates...               
2026-10-03T03:06:13.1487867Z [===                                    ] 10% Computing updates...              
2026-10-03T03:06:13.2486670Z [===                                    ] 10% Installing NDK (Side by side) 27.2
2026-10-03T03:06:13.4699431Z [===                                    ] 10% Downloading android-ndk-r27c-linux
2026-10-03T03:06:13.5433525Z [====                                   ] 10% Downloading android-ndk-r27c-linux
2026-10-03T03:06:13.6031972Z [====                                   ] 11% Downloading android-ndk-r27c-linux
2026-10-03T03:06:13.6556703Z [====                                   ] 12% Downloading android-ndk-r27c-linux
2026-10-03T03:06:13.6949396Z [=====                                  ] 13% Downloading android-ndk-r27c-linux
2026-10-03T03:06:13.7335341Z [=====                                  ] 14% Downloading android-ndk-r27c-linux
2026-10-03T03:06:13.7622902Z [=====                                  ] 15% Downloading android-ndk-r27c-linux
2026-10-03T03:06:13.7818954Z [======                                 ] 15% Downloading android-ndk-r27c-linux
2026-10-03T03:06:13.8205213Z [======                                 ] 16% Downloading android-ndk-r27c-linux
2026-10-03T03:06:13.8686131Z [======                                 ] 17% Downloading android-ndk-r27c-linux
2026-10-03T03:06:13.9073094Z [=======                                ] 18% Downloading android-ndk-r27c-linux
2026-10-03T03:06:13.9665981Z [=======                                ] 19% Downloading android-ndk-r27c-linux
2026-10-03T03:06:13.9869058Z [=======                                ] 20% Downloading android-ndk-r27c-linux
2026-10-03T03:06:14.0070304Z [========                               ] 20% Downloading android-ndk-r27c-linux
2026-10-03T03:06:14.0554823Z [========                               ] 21% Downloading android-ndk-r27c-linux
2026-10-03T03:06:14.0944745Z [========                               ] 22% Downloading android-ndk-r27c-linux
2026-10-03T03:06:14.1325671Z [=========                              ] 23% Downloading android-ndk-r27c-linux
2026-10-03T03:06:14.1814873Z [=========                              ] 24% Downloading android-ndk-r27c-linux
2026-10-03T03:06:14.2012238Z [=========                              ] 25% Downloading android-ndk-r27c-linux
2026-10-03T03:06:14.2208735Z [==========                             ] 25% Downloading android-ndk-r27c-linux
2026-10-03T03:06:14.2702481Z [==========                             ] 26% Downloading android-ndk-r27c-linux
2026-10-03T03:06:14.3097634Z [==========                             ] 27% Downloading android-ndk-r27c-linux
2026-10-03T03:06:14.3578575Z [===========                            ] 28% Downloading android-ndk-r27c-linux
2026-10-03T03:06:14.3961513Z [===========                            ] 29% Downloading android-ndk-r27c-linux
2026-10-03T03:06:14.4136552Z [===========                            ] 30% Downloading android-ndk-r27c-linux
2026-10-03T03:06:14.4534231Z [============                           ] 30% Downloading android-ndk-r27c-linux
2026-10-03T03:06:14.4997589Z [============                           ] 31% Downloading android-ndk-r27c-linux
2026-10-03T03:06:14.5369205Z [============                           ] 32% Downloading android-ndk-r27c-linux
2026-10-03T03:06:14.5373018Z [============                           ] 33% Downloading android-ndk-r27c-linux
2026-10-03T03:06:14.9038729Z [============                           ] 33% Unzipping...                      
2026-10-03T03:06:14.9039515Z [============                           ] 33% Unzipping... android-ndk-r27c/    
2026-10-03T03:06:14.9055056Z [============                           ] 33% Unzipping... android-ndk-r27c/READ
2026-10-03T03:06:14.9057830Z [=============                          ] 33% Unzipping... android-ndk-r27c/READ
2026-10-03T03:06:14.9090142Z [=============                          ] 33% Unzipping... android-ndk-r27c/meta
2026-10-03T03:06:15.0754190Z [=============                          ] 33% Unzipping... android-ndk-r27c/shad
2026-10-03T03:06:15.0766556Z [=============                          ] 33% Unzipping... android-ndk-r27c/ndk-
2026-10-03T03:06:15.0782789Z [=============                          ] 33% Unzipping... android-ndk-r27c/wrap
2026-10-03T03:06:15.0783580Z [=============                          ] 33% Unzipping... android-ndk-r27c/ndk-
2026-10-03T03:06:15.3564001Z [=============                          ] 33% Unzipping... android-ndk-r27c/tool
2026-10-03T03:06:16.1503378Z [=============                          ] 34% Unzipping... android-ndk-r27c/tool
2026-10-03T03:06:16.3401827Z [=============                          ] 35% Unzipping... android-ndk-r27c/tool
2026-10-03T03:06:16.4403117Z [==============                         ] 35% Unzipping... android-ndk-r27c/tool
2026-10-03T03:06:18.0260852Z [==============                         ] 36% Unzipping... android-ndk-r27c/tool
2026-10-03T03:06:18.6360178Z [==============                         ] 37% Unzipping... android-ndk-r27c/tool
2026-10-03T03:06:19.3481634Z [===============                        ] 38% Unzipping... android-ndk-r27c/tool
2026-10-03T03:06:20.1716285Z [===============                        ] 39% Unzipping... android-ndk-r27c/tool
2026-10-03T03:06:20.5833671Z [===============                        ] 40% Unzipping... android-ndk-r27c/tool
2026-10-03T03:06:21.0220728Z [================                       ] 40% Unzipping... android-ndk-r27c/tool
2026-10-03T03:06:21.6782459Z [================                       ] 41% Unzipping... android-ndk-r27c/tool
2026-10-03T03:06:22.2907916Z [================                       ] 42% Unzipping... android-ndk-r27c/tool
2026-10-03T03:06:23.1746650Z [=================                      ] 43% Unzipping... android-ndk-r27c/tool
2026-10-03T03:06:23.9180635Z [=================                      ] 44% Unzipping... android-ndk-r27c/tool
2026-10-03T03:06:24.4588591Z [=================                      ] 45% Unzipping... android-ndk-r27c/tool
2026-10-03T03:06:24.6135286Z [==================                     ] 45% Unzipping... android-ndk-r27c/tool
2026-10-03T03:06:25.1415428Z [==================                     ] 46% Unzipping... android-ndk-r27c/tool
2026-10-03T03:06:25.9118391Z [==================                     ] 47% Unzipping... android-ndk-r27c/tool
2026-10-03T03:06:26.4727561Z [===================                    ] 48% Unzipping... android-ndk-r27c/tool
2026-10-03T03:06:26.9862943Z [===================                    ] 49% Unzipping... android-ndk-r27c/tool
2026-10-03T03:06:27.1421048Z [===================                    ] 50% Unzipping... android-ndk-r27c/tool
2026-10-03T03:06:27.3055107Z [====================                   ] 50% Unzipping... android-ndk-r27c/tool
2026-10-03T03:06:28.4342172Z [====================                   ] 51% Unzipping... android-ndk-r27c/tool
2026-10-03T03:06:28.8661448Z [====================                   ] 52% Unzipping... android-ndk-r27c/tool
2026-10-03T03:06:29.6292993Z [=====================                  ] 53% Unzipping... android-ndk-r27c/tool
2026-10-03T03:06:29.9314853Z [=====================                  ] 54% Unzipping... android-ndk-r27c/tool
2026-10-03T03:06:29.9941942Z [=====================                  ] 54% Unzipping... android-ndk-r27c/buil
2026-10-03T03:06:30.2257995Z [=====================                  ] 54% Unzipping... android-ndk-r27c/sour
2026-10-03T03:06:30.2273908Z [=====================                  ] 54% Unzipping... android-ndk-r27c/NOTI
2026-10-03T03:06:30.2593161Z [=====================                  ] 54% Unzipping... android-ndk-r27c/ndk-
2026-10-03T03:06:30.2603430Z [=====================                  ] 54% Unzipping... android-ndk-r27c/NOTI
2026-10-03T03:06:30.2625917Z [=====================                  ] 54% Unzipping... android-ndk-r27c/pyth
2026-10-03T03:06:30.2939763Z [=====================                  ] 54% Unzipping... android-ndk-r27c/preb
2026-10-03T03:06:30.2940667Z [=====================                  ] 54% Unzipping... android-ndk-r27c/ndk-
2026-10-03T03:06:30.2941409Z [=====================                  ] 54% Unzipping... android-ndk-r27c/sour
2026-10-03T03:06:30.3319840Z [=====================                  ] 54% Unzipping... android-ndk-r27c/simp
2026-10-03T03:06:30.4447169Z [=====================                  ] 55% Unzipping... android-ndk-r27c/simp
2026-10-03T03:06:30.5563091Z [=====================                  ] 55% Unzipping... android-ndk-r27c/CHAN
2026-10-03T03:06:30.5563411Z [=======================================] 100% Unzipping... android-ndk-r27c/CHA
2026-10-03T03:06:30.8330114Z 
2026-10-03T03:06:30.9074657Z ##[group]Run actions/cache@v4
2026-10-03T03:06:30.9074829Z with:
2026-10-03T03:06:30.9074964Z   path: app/build/sherpa-native
2026-10-03T03:06:30.9075240Z   key: sherpa-arm64-137-Linux-78f25eb476df0e866c0747850a0401239fded60921575ed32431811002e601c0
2026-10-03T03:06:30.9075529Z   enableCrossOsArchive: false
2026-10-03T03:06:30.9075687Z   fail-on-cache-miss: false
2026-10-03T03:06:30.9075836Z   lookup-only: false
2026-10-03T03:06:30.9075983Z   save-always: false
2026-10-03T03:06:30.9076113Z env:
2026-10-03T03:06:30.9076295Z   JAVA_HOME: /opt/hostedtoolcache/Java_Temurin-Hotspot_jdk/21.0.12-1/x64
2026-10-03T03:06:30.9076582Z   JAVA_HOME_21_X64: /opt/hostedtoolcache/Java_Temurin-Hotspot_jdk/21.0.12-1/x64
2026-10-03T03:06:30.9076814Z ##[endgroup]
2026-10-03T03:06:30.9787867Z (node:2199) [DEP0040] DeprecationWarning: The `punycode` module is deprecated. Please use a userland alternative instead.
2026-10-03T03:06:30.9788389Z (Use `node --trace-deprecation ...` to show where the warning was created)
2026-10-03T03:06:31.1158042Z Cache not found for input keys: sherpa-arm64-137-Linux-78f25eb476df0e866c0747850a0401239fded60921575ed32431811002e601c0
2026-10-03T03:06:31.1313353Z ##[group]Run gradle/actions/setup-gradle@v4
2026-10-03T03:06:31.1313554Z with:
2026-10-03T03:06:31.1313688Z   gradle-version: 8.10.2
2026-10-03T03:06:31.1313834Z   cache-disabled: false
2026-10-03T03:06:31.1313970Z   cache-read-only: true
2026-10-03T03:06:31.1314130Z   cache-write-only: false
2026-10-03T03:06:31.1314283Z   cache-overwrite-existing: false
2026-10-03T03:06:31.1314442Z   cache-cleanup: on-success
2026-10-03T03:06:31.1314626Z   gradle-home-cache-includes: caches
notifications

2026-10-03T03:06:31.1314820Z   add-job-summary: always
2026-10-03T03:06:31.1314978Z   add-job-summary-as-pr-comment: never
2026-10-03T03:06:31.1315165Z   dependency-graph: disabled
2026-10-03T03:06:31.1315361Z   dependency-graph-report-dir: dependency-graph-reports
2026-10-03T03:06:31.1315591Z   dependency-graph-continue-on-failure: true
2026-10-03T03:06:31.1315781Z   build-scan-publish: false
2026-10-03T03:06:31.1315939Z   validate-wrappers: true
2026-10-03T03:06:31.1316124Z   allow-snapshot-wrappers: false
2026-10-03T03:06:31.1316300Z   gradle-home-cache-strict-match: false
2026-10-03T03:06:31.1316468Z   workflow-job-context: null
2026-10-03T03:06:31.1317918Z   github-token: ***
2026-10-03T03:06:31.1318052Z env:
2026-10-03T03:06:31.1318249Z   JAVA_HOME: /opt/hostedtoolcache/Java_Temurin-Hotspot_jdk/21.0.12-1/x64
2026-10-03T03:06:31.1318542Z   JAVA_HOME_21_X64: /opt/hostedtoolcache/Java_Temurin-Hotspot_jdk/21.0.12-1/x64
2026-10-03T03:06:31.1318759Z ##[endgroup]
2026-10-03T03:06:31.3838243Z Merged default JDK locations into /home/runner/.m2/toolchains.xml
2026-10-03T03:06:31.3851859Z ##[group]Restore Gradle state from cache
2026-10-03T03:06:31.5182262Z Cache hit for restore-key: gradle-home-v1|Linux-X64|build-release[950eaec8589fb4acbb839cd2eb2eeef7]-780c40c4d70ac3171a673b22491dc3a703f16d55
2026-10-03T03:06:31.8179046Z Received 8975 of 8975 (100.0%), 0.1 MBs/sec
2026-10-03T03:06:31.8180079Z Cache Size: ~0 MB (8975 B)
2026-10-03T03:06:31.8199519Z [command]/usr/bin/tar -xf /home/runner/work/_temp/6495bf4b-1b30-4e5a-b72b-b75065a5626a/cache.tzst -P -C /home/runner/work/Jarvis-OS-V2/Jarvis-OS-V2 --use-compress-program unzstd
2026-10-03T03:06:31.8275737Z Cache restored successfully
2026-10-03T03:06:31.8278940Z Restored cache entry with key gradle-home-v1|Linux-X64|build-release[950eaec8589fb4acbb839cd2eb2eeef7]-deac28fb850b179f9ab5d65cc71b1e03b88b3bff to /home/runner/.gradle/caches,/home/runner/.gradle/notifications,/home/runner/.gradle/.setup-gradle in 443ms
2026-10-03T03:06:31.9445736Z Cache hit for: gradle-groovy-dsl-v1-61a76c5b6d5e4b5c4e7b8de115d50879
2026-10-03T03:06:31.9587245Z Cache hit for: gradle-instrumented-jars-v1-3a8bc95e5f3fc33f7559043af89006e9
2026-10-03T03:06:32.0972723Z Received 70743 of 70743 (100.0%), 0.6 MBs/sec
2026-10-03T03:06:32.0973074Z Cache Size: ~0 MB (70743 B)
2026-10-03T03:06:32.0985190Z [command]/usr/bin/tar -xf /home/runner/work/_temp/99edfd19-428f-42d3-9ebf-20f2d223b7fa/cache.tzst -P -C /home/runner/work/Jarvis-OS-V2/Jarvis-OS-V2 --use-compress-program unzstd
2026-10-03T03:06:32.1068169Z Cache restored successfully
2026-10-03T03:06:32.1069429Z Restored cache entry with key gradle-instrumented-jars-v1-3a8bc95e5f3fc33f7559043af89006e9 to /home/runner/.gradle/caches/jars-*/*/ in 278ms
2026-10-03T03:06:32.2783076Z Received 109261 of 109261 (100.0%), 0.5 MBs/sec
2026-10-03T03:06:32.2783399Z Cache Size: ~0 MB (109261 B)
2026-10-03T03:06:32.2796386Z [command]/usr/bin/tar -xf /home/runner/work/_temp/8e6c3ac5-5539-427a-9dbb-afa6704a78c9/cache.tzst -P -C /home/runner/work/Jarvis-OS-V2/Jarvis-OS-V2 --use-compress-program unzstd
2026-10-03T03:06:32.2905787Z Cache restored successfully
2026-10-03T03:06:32.2907500Z Restored cache entry with key gradle-groovy-dsl-v1-61a76c5b6d5e4b5c4e7b8de115d50879 to /home/runner/.gradle/caches/*/groovy-dsl/*/ in 462ms
2026-10-03T03:06:32.2950577Z ##[endgroup]
2026-10-03T03:06:32.3062978Z ##[group]All Gradle Wrapper jars are valid
2026-10-03T03:06:32.3063391Z 
2026-10-03T03:06:32.3063608Z ##[endgroup]
2026-10-03T03:06:32.4039319Z ##[group]Provision Gradle 8.10.2
2026-10-03T03:06:33.2931458Z Cache hit for: gradle-8.10.2
2026-10-03T03:06:34.4529652Z Received 104857600 of 136494016 (76.8%), 99.9 MBs/sec
2026-10-03T03:06:34.6628611Z Received 136494016 of 136494016 (100.0%), 107.5 MBs/sec
2026-10-03T03:06:34.6629610Z Cache Size: ~130 MB (136494016 B)
2026-10-03T03:06:34.6648391Z [command]/usr/bin/tar -xf /home/runner/work/_temp/4a131874-a1f9-4861-bea0-57d148a169c4/cache.tzst -P -C /home/runner/work/Jarvis-OS-V2/Jarvis-OS-V2 --use-compress-program unzstd
2026-10-03T03:06:34.8009827Z Cache restored successfully
2026-10-03T03:06:34.8066072Z Restored Gradle distribution gradle-8.10.2 from cache to /home/runner/work/_temp/.gradle-actions/gradle-installations/downloads/gradle-8.10.2-bin.zip
2026-10-03T03:06:34.8078159Z [command]/usr/bin/unzip -o -q /home/runner/work/_temp/.gradle-actions/gradle-installations/downloads/gradle-8.10.2-bin.zip
2026-10-03T03:06:35.5409665Z Extracted Gradle 8.10.2 to /home/runner/work/_temp/.gradle-actions/gradle-installations/installs/gradle-8.10.2
2026-10-03T03:06:35.5411451Z Provisioned Gradle executable /home/runner/work/_temp/.gradle-actions/gradle-installations/installs/gradle-8.10.2/bin/gradle
2026-10-03T03:06:35.5412275Z ##[endgroup]
2026-10-03T03:06:35.5547125Z ##[group]Run cmake -S app/src/main/cpp/microwakeword -B /tmp/keyword-native -DCMAKE_BUILD_TYPE=Release
2026-10-03T03:06:35.5547597Z [36;1mcmake -S app/src/main/cpp/microwakeword -B /tmp/keyword-native -DCMAKE_BUILD_TYPE=Release[0m
2026-10-03T03:06:35.5547915Z [36;1mcmake --build /tmp/keyword-native --parallel 2[0m
2026-10-03T03:06:35.5548208Z [36;1mpython3 scripts/check_keyword_models.py /tmp/keyword-native/microwakeword_test[0m
2026-10-03T03:06:35.5606742Z shell: /usr/bin/bash -e {0}
2026-10-03T03:06:35.5606923Z env:
2026-10-03T03:06:35.5607126Z   JAVA_HOME: /opt/hostedtoolcache/Java_Temurin-Hotspot_jdk/21.0.12-1/x64
2026-10-03T03:06:35.5607422Z   JAVA_HOME_21_X64: /opt/hostedtoolcache/Java_Temurin-Hotspot_jdk/21.0.12-1/x64
2026-10-03T03:06:35.5607678Z   GRADLE_ACTION_ID: gradle/actions/setup-gradle
2026-10-03T03:06:35.5607875Z   GRADLE_USER_HOME: /home/runner/.gradle
2026-10-03T03:06:35.5608061Z   GRADLE_BUILD_ACTION_SETUP_COMPLETED: true
2026-10-03T03:06:35.5608288Z   GRADLE_BUILD_ACTION_CACHE_RESTORED: true
2026-10-03T03:06:35.5608553Z   DEVELOCITY_INJECTION_INIT_SCRIPT_NAME: gradle-actions.inject-develocity.init.gradle
2026-10-03T03:06:35.5609001Z   DEVELOCITY_INJECTION_CUSTOM_VALUE: gradle-actions
2026-10-03T03:06:35.5609200Z   GITHUB_DEPENDENCY_GRAPH_ENABLED: false
2026-10-03T03:06:35.5609369Z ##[endgroup]
2026-10-03T03:06:35.7410862Z -- The C compiler identification is GNU 13.3.0
2026-10-03T03:06:35.8409220Z -- The CXX compiler identification is GNU 13.3.0
2026-10-03T03:06:35.8529861Z -- Detecting C compiler ABI info
2026-10-03T03:06:35.9124499Z -- Detecting C compiler ABI info - done
2026-10-03T03:06:35.9234425Z -- Check for working C compiler: /usr/bin/cc - skipped
2026-10-03T03:06:35.9239066Z -- Detecting C compile features
2026-10-03T03:06:35.9244725Z -- Detecting C compile features - done
2026-10-03T03:06:35.9343951Z -- Detecting CXX compiler ABI info
2026-10-03T03:06:35.9867584Z -- Detecting CXX compiler ABI info - done
2026-10-03T03:06:35.9979112Z -- Check for working CXX compiler: /usr/bin/c++ - skipped
2026-10-03T03:06:35.9981545Z -- Detecting CXX compile features
2026-10-03T03:06:35.9985751Z -- Detecting CXX compile features - done
2026-10-03T03:06:36.0190913Z CMake Warning (dev) at /usr/local/share/cmake-3.31/Modules/FetchContent.cmake:1373 (message):
2026-10-03T03:06:36.0191392Z   The DOWNLOAD_EXTRACT_TIMESTAMP option was not given and policy CMP0135 is
2026-10-03T03:06:36.0191760Z   not set.  The policy's OLD behavior will be used.  When using a URL
2026-10-03T03:06:36.0192097Z   download, the timestamps of extracted files should preferably be that of
2026-10-03T03:06:36.0192440Z   the time of extraction, otherwise code that depends on the extracted
2026-10-03T03:06:36.0192789Z   contents might not be rebuilt if the URL changes.  The OLD behavior
2026-10-03T03:06:36.0193294Z   preserves the timestamps from the archive instead, but this is usually not
2026-10-03T03:06:36.0193829Z   what you want.  Update your project to the NEW behavior or specify the
2026-10-03T03:06:36.0194406Z   DOWNLOAD_EXTRACT_TIMESTAMP option with a value of true to avoid this
2026-10-03T03:06:36.0194816Z   robustness issue.
2026-10-03T03:06:36.0195000Z Call Stack (most recent call first):
2026-10-03T03:06:36.0195223Z   CMakeLists.txt:14 (FetchContent_Declare)
2026-10-03T03:06:36.0195496Z This warning is for project developers.  Use -Wno-dev to suppress it.
2026-10-03T03:06:36.0195691Z 
2026-10-03T03:06:36.0195897Z CMake Warning (dev) at /usr/local/share/cmake-3.31/Modules/FetchContent.cmake:1373 (message):
2026-10-03T03:06:36.0196312Z   The DOWNLOAD_EXTRACT_TIMESTAMP option was not given and policy CMP0135 is
2026-10-03T03:06:36.0196669Z   not set.  The policy's OLD behavior will be used.  When using a URL
2026-10-03T03:06:36.0197084Z   download, the timestamps of extracted files should preferably be that of
2026-10-03T03:06:36.0197647Z   the time of extraction, otherwise code that depends on the extracted
2026-10-03T03:06:36.0198342Z   contents might not be rebuilt if the URL changes.  The OLD behavior
2026-10-03T03:06:36.0198663Z   preserves the timestamps from the archive instead, but this is usually not
2026-10-03T03:06:36.0199027Z   what you want.  Update your project to the NEW behavior or specify the
2026-10-03T03:06:36.0199378Z   DOWNLOAD_EXTRACT_TIMESTAMP option with a value of true to avoid this
2026-10-03T03:06:36.0199641Z   robustness issue.
2026-10-03T03:06:36.0199824Z Call Stack (most recent call first):
2026-10-03T03:06:36.0200047Z   CMakeLists.txt:28 (FetchContent_Declare)
2026-10-03T03:06:36.0200338Z This warning is for project developers.  Use -Wno-dev to suppress it.
2026-10-03T03:06:36.0200688Z 
2026-10-03T03:06:36.0200888Z CMake Warning (dev) at /usr/local/share/cmake-3.31/Modules/FetchContent.cmake:1373 (message):
2026-10-03T03:06:36.0201450Z   The DOWNLOAD_EXTRACT_TIMESTAMP option was not given and policy CMP0135 is
2026-10-03T03:06:36.0201903Z   not set.  The policy's OLD behavior will be used.  When using a URL
2026-10-03T03:06:36.0202245Z   download, the timestamps of extracted files should preferably be that of
2026-10-03T03:06:36.0202581Z   the time of extraction, otherwise code that depends on the extracted
2026-10-03T03:06:36.0203039Z   contents might not be rebuilt if the URL changes.  The OLD behavior
2026-10-03T03:06:36.0203385Z   preserves the timestamps from the archive instead, but this is usually not
2026-10-03T03:06:36.0203763Z   what you want.  Update your project to the NEW behavior or specify the
2026-10-03T03:06:36.0204101Z   DOWNLOAD_EXTRACT_TIMESTAMP option with a value of true to avoid this
2026-10-03T03:06:36.0204369Z   robustness issue.
2026-10-03T03:06:36.0204546Z Call Stack (most recent call first):
2026-10-03T03:06:36.0204767Z   CMakeLists.txt:35 (FetchContent_Declare)
2026-10-03T03:06:36.0205164Z This warning is for project developers.  Use -Wno-dev to suppress it.
2026-10-03T03:06:36.0205347Z 
2026-10-03T03:06:36.0205537Z CMake Warning (dev) at /usr/local/share/cmake-3.31/Modules/FetchContent.cmake:1373 (message):
2026-10-03T03:06:36.0205939Z   The DOWNLOAD_EXTRACT_TIMESTAMP option was not given and policy CMP0135 is
2026-10-03T03:06:36.0206308Z   not set.  The policy's OLD behavior will be used.  When using a URL
2026-10-03T03:06:36.0206649Z   download, the timestamps of extracted files should preferably be that of
2026-10-03T03:06:36.0206999Z   the time of extraction, otherwise code that depends on the extracted
2026-10-03T03:06:36.0207320Z   contents might not be rebuilt if the URL changes.  The OLD behavior
2026-10-03T03:06:36.0207670Z   preserves the timestamps from the archive instead, but this is usually not
2026-10-03T03:06:36.0208033Z   what you want.  Update your project to the NEW behavior or specify the
2026-10-03T03:06:36.0208375Z   DOWNLOAD_EXTRACT_TIMESTAMP option with a value of true to avoid this
2026-10-03T03:06:36.0208612Z   robustness issue.
2026-10-03T03:06:36.0208854Z Call Stack (most recent call first):
2026-10-03T03:06:36.0209197Z   CMakeLists.txt:46 (FetchContent_Declare)
2026-10-03T03:06:36.0209541Z This warning is for project developers.  Use -Wno-dev to suppress it.
2026-10-03T03:06:36.0209759Z 
2026-10-03T03:06:36.0209962Z CMake Warning (dev) at /usr/local/share/cmake-3.31/Modules/FetchContent.cmake:1373 (message):
2026-10-03T03:06:36.0210383Z   The DOWNLOAD_EXTRACT_TIMESTAMP option was not given and policy CMP0135 is
2026-10-03T03:06:36.0211105Z   not set.  The policy's OLD behavior will be used.  When using a URL
2026-10-03T03:06:36.0211484Z   download, the timestamps of extracted files should preferably be that of
2026-10-03T03:06:36.0211833Z   the time of extraction, otherwise code that depends on the extracted
2026-10-03T03:06:36.0212178Z   contents might not be rebuilt if the URL changes.  The OLD behavior
2026-10-03T03:06:36.0212530Z   preserves the timestamps from the archive instead, but this is usually not
2026-10-03T03:06:36.0212870Z   what you want.  Update your project to the NEW behavior or specify the
2026-10-03T03:06:36.0213196Z   DOWNLOAD_EXTRACT_TIMESTAMP option with a value of true to avoid this
2026-10-03T03:06:36.0213560Z   robustness issue.
2026-10-03T03:06:36.0213722Z Call Stack (most recent call first):
2026-10-03T03:06:36.0213907Z   CMakeLists.txt:53 (FetchContent_Declare)
2026-10-03T03:06:36.0214143Z This warning is for project developers.  Use -Wno-dev to suppress it.
2026-10-03T03:06:36.0214315Z 
2026-10-03T03:06:36.0214473Z CMake Warning (dev) at /usr/local/share/cmake-3.31/Modules/FetchContent.cmake:1953 (message):
2026-10-03T03:06:36.0214787Z   Calling FetchContent_Populate(kissfft) is deprecated, call
2026-10-03T03:06:36.0215071Z   FetchContent_MakeAvailable(kissfft) instead.  Policy CMP0169 can be set to
2026-10-03T03:06:36.0215374Z   OLD to allow FetchContent_Populate(kissfft) to be called directly for now,
2026-10-03T03:06:36.0215717Z   but the ability to call it with declared details will be removed completely
2026-10-03T03:06:36.0215956Z   in a future version.
2026-10-03T03:06:36.0216131Z Call Stack (most recent call first):
2026-10-03T03:06:36.0216336Z   CMakeLists.txt:64 (FetchContent_Populate)
2026-10-03T03:06:36.0216597Z This warning is for project developers.  Use -Wno-dev to suppress it.
2026-10-03T03:06:36.0216875Z 
2026-10-03T03:06:36.7167985Z CMake Warning (dev) at /usr/local/share/cmake-3.31/Modules/FetchContent.cmake:1953 (message):
2026-10-03T03:06:36.7168383Z   Calling FetchContent_Populate(tflite_micro) is deprecated, call
2026-10-03T03:06:36.7168679Z   FetchContent_MakeAvailable(tflite_micro) instead.  Policy CMP0169 can be
2026-10-03T03:06:36.7168970Z   set to OLD to allow FetchContent_Populate(tflite_micro) to be called
2026-10-03T03:06:36.7169258Z   directly for now, but the ability to call it with declared details will be
2026-10-03T03:06:36.7169502Z   removed completely in a future version.
2026-10-03T03:06:36.7169689Z Call Stack (most recent call first):
2026-10-03T03:06:36.7169876Z   CMakeLists.txt:64 (FetchContent_Populate)
2026-10-03T03:06:36.7170117Z This warning is for project developers.  Use -Wno-dev to suppress it.
2026-10-03T03:06:36.7170284Z 
2026-10-03T03:06:37.8338592Z CMake Warning (dev) at /usr/local/share/cmake-3.31/Modules/FetchContent.cmake:1953 (message):
2026-10-03T03:06:37.8339100Z   Calling FetchContent_Populate(flatbuffers) is deprecated, call
2026-10-03T03:06:37.8339453Z   FetchContent_MakeAvailable(flatbuffers) instead.  Policy CMP0169 can be set
2026-10-03T03:06:37.8339792Z   to OLD to allow FetchContent_Populate(flatbuffers) to be called directly
2026-10-03T03:06:37.8340134Z   for now, but the ability to call it with declared details will be removed
2026-10-03T03:06:37.8340567Z   completely in a future version.
2026-10-03T03:06:37.8340801Z Call Stack (most recent call first):
2026-10-03T03:06:37.8341035Z   CMakeLists.txt:64 (FetchContent_Populate)
2026-10-03T03:06:37.8341315Z This warning is for project developers.  Use -Wno-dev to suppress it.
2026-10-03T03:06:37.8341502Z 
2026-10-03T03:06:38.5719273Z CMake Warning (dev) at /usr/local/share/cmake-3.31/Modules/FetchContent.cmake:1953 (message):
2026-10-03T03:06:38.5719933Z   Calling FetchContent_Populate(gemmlowp) is deprecated, call
2026-10-03T03:06:38.5721707Z   FetchContent_MakeAvailable(gemmlowp) instead.  Policy CMP0169 can be set to
2026-10-03T03:06:38.5722295Z   OLD to allow FetchContent_Populate(gemmlowp) to be called directly for now,
2026-10-03T03:06:38.5722756Z   but the ability to call it with declared details will be removed completely
2026-10-03T03:06:38.5723116Z   in a future version.
2026-10-03T03:06:38.5723360Z Call Stack (most recent call first):
2026-10-03T03:06:38.5723657Z   CMakeLists.txt:64 (FetchContent_Populate)
2026-10-03T03:06:38.5724039Z This warning is for project developers.  Use -Wno-dev to suppress it.
2026-10-03T03:06:38.5724297Z 
2026-10-03T03:06:39.1716559Z CMake Warning (dev) at /usr/local/share/cmake-3.31/Modules/FetchContent.cmake:1953 (message):
2026-10-03T03:06:39.1717236Z   Calling FetchContent_Populate(ruy) is deprecated, call
2026-10-03T03:06:39.1717753Z   FetchContent_MakeAvailable(ruy) instead.  Policy CMP0169 can be set to OLD
2026-10-03T03:06:39.1718714Z   to allow FetchContent_Populate(ruy) to be called directly for now, but the
2026-10-03T03:06:39.1719280Z   ability to call it with declared details will be removed completely in a
2026-10-03T03:06:39.1719672Z   future version.
2026-10-03T03:06:39.1719925Z Call Stack (most recent call first):
2026-10-03T03:06:39.1720242Z   CMakeLists.txt:64 (FetchContent_Populate)
2026-10-03T03:06:39.1720834Z This warning is for project developers.  Use -Wno-dev to suppress it.
2026-10-03T03:06:39.1721123Z 
2026-10-03T03:06:39.6821941Z -- Configuring done (4.1s)
2026-10-03T03:06:39.6943797Z -- Generating done (0.0s)
2026-10-03T03:06:39.6946888Z -- Build files have been written to: /tmp/keyword-native
2026-10-03T03:06:39.7136691Z [  1%] Building CXX object CMakeFiles/tflite_micro_frontend.dir/_deps/tflite_micro-src/tensorflow/lite/experimental/microfrontend/lib/fft.cc.o
2026-10-03T03:06:39.7155995Z [  2%] Building CXX object CMakeFiles/tflite_micro_interpreter.dir/_deps/tflite_micro-src/tensorflow/lite/micro/micro_interpreter.cc.o
2026-10-03T03:06:39.8921738Z [  3%] Building CXX object CMakeFiles/tflite_micro_frontend.dir/_deps/tflite_micro-src/tensorflow/lite/experimental/microfrontend/lib/fft_util.cc.o
2026-10-03T03:06:39.9911871Z [  4%] Building CXX object CMakeFiles/tflite_micro_frontend.dir/_deps/tflite_micro-src/tensorflow/lite/experimental/microfrontend/lib/kiss_fft_int16.cc.o
2026-10-03T03:06:40.3968703Z [  5%] Building C object CMakeFiles/tflite_micro_frontend.dir/_deps/tflite_micro-src/tensorflow/lite/experimental/microfrontend/lib/filterbank.c.o
2026-10-03T03:06:40.4747477Z [  6%] Building C object CMakeFiles/tflite_micro_frontend.dir/_deps/tflite_micro-src/tensorflow/lite/experimental/microfrontend/lib/filterbank_util.c.o
2026-10-03T03:06:40.5500775Z [  7%] Building C object CMakeFiles/tflite_micro_frontend.dir/_deps/tflite_micro-src/tensorflow/lite/experimental/microfrontend/lib/frontend.c.o
2026-10-03T03:06:40.5789314Z [  8%] Building C object CMakeFiles/tflite_micro_frontend.dir/_deps/tflite_micro-src/tensorflow/lite/experimental/microfrontend/lib/frontend_util.c.o
2026-10-03T03:06:40.6098401Z [  9%] Building C object CMakeFiles/tflite_micro_frontend.dir/_deps/tflite_micro-src/tensorflow/lite/experimental/microfrontend/lib/log_lut.c.o
2026-10-03T03:06:40.6203338Z [ 10%] Building C object CMakeFiles/tflite_micro_frontend.dir/_deps/tflite_micro-src/tensorflow/lite/experimental/microfrontend/lib/log_scale.c.o
2026-10-03T03:06:40.6539553Z [ 11%] Building C object CMakeFiles/tflite_micro_frontend.dir/_deps/tflite_micro-src/tensorflow/lite/experimental/microfrontend/lib/log_scale_util.c.o
2026-10-03T03:06:40.6724470Z [ 12%] Building C object CMakeFiles/tflite_micro_frontend.dir/_deps/tflite_micro-src/tensorflow/lite/experimental/microfrontend/lib/noise_reduction.c.o
2026-10-03T03:06:40.6975860Z [ 13%] Building C object CMakeFiles/tflite_micro_frontend.dir/_deps/tflite_micro-src/tensorflow/lite/experimental/microfrontend/lib/noise_reduction_util.c.o
2026-10-03T03:06:40.7219766Z [ 14%] Building C object CMakeFiles/tflite_micro_frontend.dir/_deps/tflite_micro-src/tensorflow/lite/experimental/microfrontend/lib/pcan_gain_control.c.o
2026-10-03T03:06:40.7480737Z [ 15%] Building C object CMakeFiles/tflite_micro_frontend.dir/_deps/tflite_micro-src/tensorflow/lite/experimental/microfrontend/lib/pcan_gain_control_util.c.o
2026-10-03T03:06:40.7844026Z [ 16%] Building C object CMakeFiles/tflite_micro_frontend.dir/_deps/tflite_micro-src/tensorflow/lite/experimental/microfrontend/lib/window.c.o
2026-10-03T03:06:40.8219877Z [ 17%] Building C object CMakeFiles/tflite_micro_frontend.dir/_deps/tflite_micro-src/tensorflow/lite/experimental/microfrontend/lib/window_util.c.o
2026-10-03T03:06:40.8566822Z [ 18%] Linking CXX static library libtflite_micro_frontend.a
2026-10-03T03:06:41.5316445Z [ 18%] Built target tflite_micro_frontend
2026-10-03T03:06:41.5337042Z [ 19%] Building CXX object CMakeFiles/tflite_micro_interpreter.dir/_deps/tflite_micro-src/tensorflow/lite/micro/micro_allocator.cc.o
2026-10-03T03:06:41.5560143Z [ 20%] Building CXX object CMakeFiles/tflite_micro_interpreter.dir/_deps/tflite_micro-src/tensorflow/lite/micro/micro_context.cc.o
2026-10-03T03:06:43.1574982Z [ 21%] Building CXX object CMakeFiles/tflite_micro_interpreter.dir/_deps/tflite_micro-src/tensorflow/lite/micro/micro_op_resolver.cc.o
2026-10-03T03:06:43.2854876Z [ 22%] Building CXX object CMakeFiles/tflite_micro_interpreter.dir/_deps/tflite_micro-src/tensorflow/lite/micro/micro_utils.cc.o
2026-10-03T03:06:44.6353809Z [ 23%] Building CXX object CMakeFiles/tflite_micro_interpreter.dir/_deps/tflite_micro-src/tensorflow/lite/micro/micro_log.cc.o
2026-10-03T03:06:44.6583064Z [ 24%] Building CXX object CMakeFiles/tflite_micro_interpreter.dir/_deps/tflite_micro-src/tensorflow/lite/micro/flatbuffer_utils.cc.o
2026-10-03T03:06:44.8255861Z [ 25%] Building CXX object CMakeFiles/tflite_micro_interpreter.dir/_deps/tflite_micro-src/tensorflow/lite/micro/memory_helpers.cc.o
2026-10-03T03:06:46.3322450Z [ 26%] Building CXX object CMakeFiles/tflite_micro_interpreter.dir/_deps/tflite_micro-src/tensorflow/lite/micro/micro_allocation_info.cc.o
2026-10-03T03:06:46.3390959Z [ 27%] Building CXX object CMakeFiles/tflite_micro_interpreter.dir/_deps/tflite_micro-src/tensorflow/lite/micro/micro_interpreter_context.cc.o
2026-10-03T03:06:48.0899874Z [ 28%] Building CXX object CMakeFiles/tflite_micro_interpreter.dir/_deps/tflite_micro-src/tensorflow/lite/micro/micro_interpreter_graph.cc.o
2026-10-03T03:06:48.1795613Z [ 29%] Building CXX object CMakeFiles/tflite_micro_interpreter.dir/_deps/tflite_micro-src/tensorflow/lite/micro/micro_resource_variable.cc.o
2026-10-03T03:06:49.8364618Z [ 30%] Building CXX object CMakeFiles/tflite_micro_interpreter.dir/_deps/tflite_micro-src/tensorflow/lite/micro/micro_profiler.cc.o
2026-10-03T03:06:49.8417130Z [ 31%] Building CXX object CMakeFiles/tflite_micro_interpreter.dir/_deps/tflite_micro-src/tensorflow/lite/micro/micro_time.cc.o
2026-10-03T03:06:49.8581938Z [ 32%] Building CXX object CMakeFiles/tflite_micro_interpreter.dir/_deps/tflite_micro-src/tensorflow/lite/micro/system_setup.cc.o
2026-10-03T03:06:49.8709969Z [ 33%] Building CXX object CMakeFiles/tflite_micro_interpreter.dir/_deps/tflite_micro-src/tensorflow/lite/micro/fake_micro_context.cc.o
2026-10-03T03:06:49.9951194Z [ 34%] Building CXX object CMakeFiles/tflite_micro_interpreter.dir/_deps/tflite_micro-src/tensorflow/lite/micro/debug_log.cc.o
2026-10-03T03:06:50.0161981Z [ 35%] Building CXX object CMakeFiles/tflite_micro_interpreter.dir/_deps/tflite_micro-src/tensorflow/lite/micro/arena_allocator/single_arena_buffer_allocator.cc.o
2026-10-03T03:06:51.5226056Z [ 36%] Building CXX object CMakeFiles/tflite_micro_interpreter.dir/_deps/tflite_micro-src/tensorflow/lite/micro/arena_allocator/non_persistent_arena_buffer_allocator.cc.o
2026-10-03T03:06:51.5407467Z [ 37%] Building CXX object CMakeFiles/tflite_micro_interpreter.dir/_deps/tflite_micro-src/tensorflow/lite/micro/arena_allocator/persistent_arena_buffer_allocator.cc.o
2026-10-03T03:06:52.9875717Z [ 38%] Building CXX object CMakeFiles/tflite_micro_interpreter.dir/_deps/tflite_micro-src/tensorflow/lite/micro/memory_planner/greedy_memory_planner.cc.o
2026-10-03T03:06:53.0334047Z [ 39%] Building CXX object CMakeFiles/tflite_micro_interpreter.dir/_deps/tflite_micro-src/tensorflow/lite/micro/memory_planner/linear_memory_planner.cc.o
2026-10-03T03:06:53.0697043Z [ 40%] Building CXX object CMakeFiles/tflite_micro_interpreter.dir/_deps/tflite_micro-src/tensorflow/lite/micro/memory_planner/non_persistent_buffer_planner_shim.cc.o
2026-10-03T03:06:53.1025248Z [ 41%] Building CXX object CMakeFiles/tflite_micro_interpreter.dir/_deps/tflite_micro-src/tensorflow/lite/micro/tflite_bridge/micro_error_reporter.cc.o
2026-10-03T03:06:53.1235268Z [ 42%] Building CXX object CMakeFiles/tflite_micro_interpreter.dir/_deps/tflite_micro-src/tensorflow/lite/micro/tflite_bridge/flatbuffer_conversions_bridge.cc.o
2026-10-03T03:06:53.1773597Z [ 43%] Building CXX object CMakeFiles/tflite_micro_interpreter.dir/_deps/tflite_micro-src/tensorflow/compiler/mlir/lite/core/api/error_reporter.cc.o
2026-10-03T03:06:53.1965297Z [ 44%] Building CXX object CMakeFiles/tflite_micro_interpreter.dir/_deps/tflite_micro-src/tensorflow/lite/core/c/common.cc.o
2026-10-03T03:06:53.2418306Z [ 45%] Building CXX object CMakeFiles/tflite_micro_interpreter.dir/_deps/tflite_micro-src/tensorflow/lite/core/api/flatbuffer_conversions.cc.o
2026-10-03T03:06:54.5885285Z [ 46%] Building CXX object CMakeFiles/tflite_micro_interpreter.dir/_deps/tflite_micro-src/tensorflow/lite/core/api/tensor_utils.cc.o
2026-10-03T03:06:54.6169810Z [ 47%] Building CXX object CMakeFiles/tflite_micro_interpreter.dir/_deps/tflite_micro-src/tensorflow/lite/kernels/kernel_util.cc.o
2026-10-03T03:06:54.9187558Z [ 48%] Building CXX object CMakeFiles/tflite_micro_interpreter.dir/_deps/tflite_micro-src/tensorflow/lite/kernels/internal/common.cc.o
2026-10-03T03:06:55.1067694Z [ 49%] Building CXX object CMakeFiles/tflite_micro_interpreter.dir/_deps/tflite_micro-src/tensorflow/lite/kernels/internal/quantization_util.cc.o
2026-10-03T03:06:55.2485997Z [ 50%] Building CXX object CMakeFiles/tflite_micro_interpreter.dir/_deps/tflite_micro-src/tensorflow/lite/kernels/internal/portable_tensor_utils.cc.o
2026-10-03T03:06:55.4284170Z [ 51%] Building CXX object CMakeFiles/tflite_micro_interpreter.dir/_deps/tflite_micro-src/tensorflow/lite/kernels/internal/tensor_ctypes.cc.o
2026-10-03T03:06:55.5160926Z [ 52%] Building CXX object CMakeFiles/tflite_micro_interpreter.dir/_deps/tflite_micro-src/tensorflow/lite/kernels/internal/runtime_shape.cc.o
2026-10-03T03:06:55.5381019Z [ 53%] Building CXX object CMakeFiles/tflite_micro_interpreter.dir/_deps/tflite_micro-src/tensorflow/lite/kernels/internal/reference/portable_tensor_utils.cc.o
2026-10-03T03:06:55.9041756Z [ 54%] Building CXX object CMakeFiles/tflite_micro_interpreter.dir/_deps/tflite_micro-src/tensorflow/compiler/mlir/lite/schema/schema_utils.cc.o
2026-10-03T03:06:56.3057309Z [ 55%] Building CXX object CMakeFiles/tflite_micro_interpreter.dir/_deps/tflite_micro-src/tensorflow/lite/micro/kernels/conv.cc.o
2026-10-03T03:06:57.4513329Z [ 56%] Building CXX object CMakeFiles/tflite_micro_interpreter.dir/_deps/tflite_micro-src/tensorflow/lite/micro/kernels/conv_common.cc.o
2026-10-03T03:06:58.1437202Z [ 57%] Building CXX object CMakeFiles/tflite_micro_interpreter.dir/_deps/tflite_micro-src/tensorflow/lite/micro/kernels/depthwise_conv.cc.o
2026-10-03T03:06:59.1807446Z [ 58%] Building CXX object CMakeFiles/tflite_micro_interpreter.dir/_deps/tflite_micro-src/tensorflow/lite/micro/kernels/depthwise_conv_common.cc.o
2026-10-03T03:06:59.8885801Z [ 59%] Building CXX object CMakeFiles/tflite_micro_interpreter.dir/_deps/tflite_micro-src/tensorflow/lite/micro/kernels/fully_connected.cc.o
2026-10-03T03:07:01.0469424Z [ 60%] Building CXX object CMakeFiles/tflite_micro_interpreter.dir/_deps/tflite_micro-src/tensorflow/lite/micro/kernels/fully_connected_common.cc.o
2026-10-03T03:07:01.6879128Z [ 61%] Building CXX object CMakeFiles/tflite_micro_interpreter.dir/_deps/tflite_micro-src/tensorflow/lite/micro/kernels/pooling.cc.o
2026-10-03T03:07:02.7094025Z [ 62%] Building CXX object CMakeFiles/tflite_micro_interpreter.dir/_deps/tflite_micro-src/tensorflow/lite/micro/kernels/pooling_common.cc.o
2026-10-03T03:07:03.4020632Z [ 63%] Building CXX object CMakeFiles/tflite_micro_interpreter.dir/_deps/tflite_micro-src/tensorflow/lite/micro/kernels/reshape.cc.o
2026-10-03T03:07:04.4072549Z [ 64%] Building CXX object CMakeFiles/tflite_micro_interpreter.dir/_deps/tflite_micro-src/tensorflow/lite/micro/kernels/reshape_common.cc.o
2026-10-03T03:07:04.9870673Z [ 65%] Building CXX object CMakeFiles/tflite_micro_interpreter.dir/_deps/tflite_micro-src/tensorflow/lite/micro/kernels/softmax.cc.o
2026-10-03T03:07:06.0470362Z [ 66%] Building CXX object CMakeFiles/tflite_micro_interpreter.dir/_deps/tflite_micro-src/tensorflow/lite/micro/kernels/softmax_common.cc.o
2026-10-03T03:07:06.7934282Z [ 67%] Building CXX object CMakeFiles/tflite_micro_interpreter.dir/_deps/tflite_micro-src/tensorflow/lite/micro/kernels/logistic.cc.o
2026-10-03T03:07:07.7372156Z [ 68%] Building CXX object CMakeFiles/tflite_micro_interpreter.dir/_deps/tflite_micro-src/tensorflow/lite/micro/kernels/logistic_common.cc.o
2026-10-03T03:07:08.6049675Z [ 69%] Building CXX object CMakeFiles/tflite_micro_interpreter.dir/_deps/tflite_micro-src/tensorflow/lite/micro/kernels/add.cc.o
2026-10-03T03:07:09.5266849Z [ 70%] Building CXX object CMakeFiles/tflite_micro_interpreter.dir/_deps/tflite_micro-src/tensorflow/lite/micro/kernels/add_common.cc.o
2026-10-03T03:07:10.7105383Z [ 71%] Building CXX object CMakeFiles/tflite_micro_interpreter.dir/_deps/tflite_micro-src/tensorflow/lite/micro/kernels/mul.cc.o
2026-10-03T03:07:11.2008884Z [ 72%] Building CXX object CMakeFiles/tflite_micro_interpreter.dir/_deps/tflite_micro-src/tensorflow/lite/micro/kernels/mul_common.cc.o
2026-10-03T03:07:12.3959004Z [ 73%] Building CXX object CMakeFiles/tflite_micro_interpreter.dir/_deps/tflite_micro-src/tensorflow/lite/micro/kernels/quantize.cc.o
2026-10-03T03:07:13.1960605Z [ 74%] Building CXX object CMakeFiles/tflite_micro_interpreter.dir/_deps/tflite_micro-src/tensorflow/lite/micro/kernels/quantize_common.cc.o
2026-10-03T03:07:14.0279780Z [ 75%] Building CXX object CMakeFiles/tflite_micro_interpreter.dir/_deps/tflite_micro-src/tensorflow/lite/micro/kernels/dequantize.cc.o
2026-10-03T03:07:14.9236673Z [ 76%] Building CXX object CMakeFiles/tflite_micro_interpreter.dir/_deps/tflite_micro-src/tensorflow/lite/micro/kernels/dequantize_common.cc.o
2026-10-03T03:07:15.7011734Z [ 77%] Building CXX object CMakeFiles/tflite_micro_interpreter.dir/_deps/tflite_micro-src/tensorflow/lite/micro/kernels/activations.cc.o
2026-10-03T03:07:16.5869894Z [ 78%] Building CXX object CMakeFiles/tflite_micro_interpreter.dir/_deps/tflite_micro-src/tensorflow/lite/micro/kernels/activations_common.cc.o
2026-10-03T03:07:17.4138178Z [ 79%] Building CXX object CMakeFiles/tflite_micro_interpreter.dir/_deps/tflite_micro-src/tensorflow/lite/micro/kernels/pad.cc.o
2026-10-03T03:07:18.3048208Z [ 80%] Building CXX object CMakeFiles/tflite_micro_interpreter.dir/_deps/tflite_micro-src/tensorflow/lite/micro/kernels/pad_common.cc.o
2026-10-03T03:07:19.2880789Z [ 81%] Building CXX object CMakeFiles/tflite_micro_interpreter.dir/_deps/tflite_micro-src/tensorflow/lite/micro/kernels/concatenation.cc.o
2026-10-03T03:07:19.9765691Z [ 82%] Building CXX object CMakeFiles/tflite_micro_interpreter.dir/_deps/tflite_micro-src/tensorflow/lite/micro/kernels/strided_slice.cc.o
2026-10-03T03:07:21.0478643Z [ 83%] Building CXX object CMakeFiles/tflite_micro_interpreter.dir/_deps/tflite_micro-src/tensorflow/lite/micro/kernels/strided_slice_common.cc.o
2026-10-03T03:07:22.0226742Z [ 84%] Building CXX object CMakeFiles/tflite_micro_interpreter.dir/_deps/tflite_micro-src/tensorflow/lite/micro/kernels/pack.cc.o
2026-10-03T03:07:22.7151609Z [ 85%] Building CXX object CMakeFiles/tflite_micro_interpreter.dir/_deps/tflite_micro-src/tensorflow/lite/micro/kernels/unpack.cc.o
2026-10-03T03:07:23.7003763Z [ 86%] Building CXX object CMakeFiles/tflite_micro_interpreter.dir/_deps/tflite_micro-src/tensorflow/lite/micro/kernels/kernel_util.cc.o
2026-10-03T03:07:24.3608552Z [ 87%] Building CXX object CMakeFiles/tflite_micro_interpreter.dir/_deps/tflite_micro-src/tensorflow/lite/micro/kernels/micro_tensor_utils.cc.o
2026-10-03T03:07:24.5537786Z [ 88%] Building CXX object CMakeFiles/tflite_micro_interpreter.dir/_deps/tflite_micro-src/tensorflow/lite/micro/kernels/call_once.cc.o
2026-10-03T03:07:25.3582138Z [ 89%] Building CXX object CMakeFiles/tflite_micro_interpreter.dir/_deps/tflite_micro-src/tensorflow/lite/micro/kernels/var_handle.cc.o
2026-10-03T03:07:26.1756601Z [ 90%] Building CXX object CMakeFiles/tflite_micro_interpreter.dir/_deps/tflite_micro-src/tensorflow/lite/micro/kernels/read_variable.cc.o
2026-10-03T03:07:27.0615455Z [ 91%] Building CXX object CMakeFiles/tflite_micro_interpreter.dir/_deps/tflite_micro-src/tensorflow/lite/micro/kernels/assign_variable.cc.o
2026-10-03T03:07:27.9540209Z [ 92%] Building CXX object CMakeFiles/tflite_micro_interpreter.dir/_deps/tflite_micro-src/tensorflow/lite/micro/kernels/split_v.cc.o
2026-10-03T03:07:28.7832659Z [ 93%] Building CXX object CMakeFiles/tflite_micro_interpreter.dir/_deps/tflite_micro-src/tensorflow/lite/micro/kernels/reduce.cc.o
2026-10-03T03:07:29.6521711Z [ 94%] Building CXX object CMakeFiles/tflite_micro_interpreter.dir/_deps/tflite_micro-src/tensorflow/lite/micro/kernels/reduce_common.cc.o
2026-10-03T03:07:31.5218388Z [ 95%] Linking CXX static library libtflite_micro_interpreter.a
2026-10-03T03:07:31.6406616Z [ 95%] Built target tflite_micro_interpreter
2026-10-03T03:07:31.6471231Z [ 96%] Building CXX object CMakeFiles/microwakeword_test.dir/home/runner/work/Jarvis-OS-V2/Jarvis-OS-V2/scripts/microwakeword_test.cpp.o
2026-10-03T03:07:31.6473789Z [ 97%] Building CXX object CMakeFiles/microwakeword_test.dir/MicroWakeWordEngine.cpp.o
2026-10-03T03:07:33.4836432Z [ 98%] Building CXX object CMakeFiles/microwakeword_test.dir/MicroFrontendWrapper.cpp.o
2026-10-03T03:07:34.6764661Z [100%] Linking CXX executable microwakeword_test
2026-10-03T03:07:34.7341101Z [100%] Built target microwakeword_test
2026-10-03T03:07:34.7875519Z hey_jarvis: native model initialized, 5 seconds processed, no silence trigger
2026-10-03T03:07:34.7876403Z stop: native model initialized, 5 seconds processed, no silence trigger
2026-10-03T03:07:34.7971111Z ##[group]Run python3 -m unittest discover -s scripts -p 'test_*.py'
2026-10-03T03:07:34.7971440Z [36;1mpython3 -m unittest discover -s scripts -p 'test_*.py'[0m
2026-10-03T03:07:34.8025347Z shell: /usr/bin/bash -e {0}
2026-10-03T03:07:34.8025523Z env:
2026-10-03T03:07:34.8025728Z   JAVA_HOME: /opt/hostedtoolcache/Java_Temurin-Hotspot_jdk/21.0.12-1/x64
2026-10-03T03:07:34.8026031Z   JAVA_HOME_21_X64: /opt/hostedtoolcache/Java_Temurin-Hotspot_jdk/21.0.12-1/x64
2026-10-03T03:07:34.8026291Z   GRADLE_ACTION_ID: gradle/actions/setup-gradle
2026-10-03T03:07:34.8026492Z   GRADLE_USER_HOME: /home/runner/.gradle
2026-10-03T03:07:34.8026681Z   GRADLE_BUILD_ACTION_SETUP_COMPLETED: true
2026-10-03T03:07:34.8026871Z   GRADLE_BUILD_ACTION_CACHE_RESTORED: true
2026-10-03T03:07:34.8027145Z   DEVELOCITY_INJECTION_INIT_SCRIPT_NAME: gradle-actions.inject-develocity.init.gradle
2026-10-03T03:07:34.8027454Z   DEVELOCITY_INJECTION_CUSTOM_VALUE: gradle-actions
2026-10-03T03:07:34.8027694Z   GITHUB_DEPENDENCY_GRAPH_ENABLED: false
2026-10-03T03:07:34.8027870Z ##[endgroup]
2026-10-03T03:07:35.7935148Z .......................
2026-10-03T03:07:35.7935595Z ----------------------------------------------------------------------
2026-10-03T03:07:35.7935974Z Ran 23 tests in 0.930s
2026-10-03T03:07:35.7936119Z 
2026-10-03T03:07:35.7936208Z OK
2026-10-03T03:07:35.7937519Z Compact APK preserves identical native, DEX and asset payloads.
2026-10-03T03:07:35.8105892Z ##[group]Run test -n "$ANDROID_KEYSTORE_BASE64"
2026-10-03T03:07:35.8106152Z [36;1mtest -n "$ANDROID_KEYSTORE_BASE64"[0m
2026-10-03T03:07:35.8106355Z [36;1mtest -n "$ANDROID_KEYSTORE_PASSWORD"[0m
2026-10-03T03:07:35.8106546Z [36;1mtest -n "$ANDROID_KEY_ALIAS"[0m
2026-10-03T03:07:35.8106728Z [36;1mtest -n "$ANDROID_KEY_PASSWORD"[0m
2026-10-03T03:07:35.8107329Z [36;1mecho "$ANDROID_KEYSTORE_BASE64" | base64 --decode > "$RUNNER_TEMP/***.keystore"[0m
2026-10-03T03:07:35.8161194Z shell: /usr/bin/bash -e {0}
2026-10-03T03:07:35.8161369Z env:
2026-10-03T03:07:35.8161571Z   JAVA_HOME: /opt/hostedtoolcache/Java_Temurin-Hotspot_jdk/21.0.12-1/x64
2026-10-03T03:07:35.8161871Z   JAVA_HOME_21_X64: /opt/hostedtoolcache/Java_Temurin-Hotspot_jdk/21.0.12-1/x64
2026-10-03T03:07:35.8162136Z   GRADLE_ACTION_ID: gradle/actions/setup-gradle
2026-10-03T03:07:35.8162337Z   GRADLE_USER_HOME: /home/runner/.gradle
2026-10-03T03:07:35.8162526Z   GRADLE_BUILD_ACTION_SETUP_COMPLETED: true
2026-10-03T03:07:35.8162754Z   GRADLE_BUILD_ACTION_CACHE_RESTORED: true
2026-10-03T03:07:35.8163029Z   DEVELOCITY_INJECTION_INIT_SCRIPT_NAME: gradle-actions.inject-develocity.init.gradle
2026-10-03T03:07:35.8163321Z   DEVELOCITY_INJECTION_CUSTOM_VALUE: gradle-actions
2026-10-03T03:07:35.8163527Z   GITHUB_DEPENDENCY_GRAPH_ENABLED: false
2026-10-03T03:07:35.8174603Z   ANDROID_KEYSTORE_BASE64: ***
2026-10-03T03:07:35.8174852Z   ANDROID_KEYSTORE_PASSWORD: ***
2026-10-03T03:07:35.8175044Z   ANDROID_KEY_ALIAS: ***
2026-10-03T03:07:35.8175264Z   ANDROID_KEY_PASSWORD: ***
2026-10-03T03:07:35.8175421Z ##[endgroup]
2026-10-03T03:07:35.8287506Z ##[group]Run gradle --no-daemon testReleaseUnitTest assembleRelease assembleReleaseAndroidTest
2026-10-03T03:07:35.8287940Z [36;1mgradle --no-daemon testReleaseUnitTest assembleRelease assembleReleaseAndroidTest[0m
2026-10-03T03:07:35.8336642Z shell: /usr/bin/bash -e {0}
2026-10-03T03:07:35.8336811Z env:
2026-10-03T03:07:35.8337009Z   JAVA_HOME: /opt/hostedtoolcache/Java_Temurin-Hotspot_jdk/21.0.12-1/x64
2026-10-03T03:07:35.8337318Z   JAVA_HOME_21_X64: /opt/hostedtoolcache/Java_Temurin-Hotspot_jdk/21.0.12-1/x64
2026-10-03T03:07:35.8337585Z   GRADLE_ACTION_ID: gradle/actions/setup-gradle
2026-10-03T03:07:35.8337788Z   GRADLE_USER_HOME: /home/runner/.gradle
2026-10-03T03:07:35.8337979Z   GRADLE_BUILD_ACTION_SETUP_COMPLETED: true
2026-10-03T03:07:35.8338173Z   GRADLE_BUILD_ACTION_CACHE_RESTORED: true
2026-10-03T03:07:35.8338451Z   DEVELOCITY_INJECTION_INIT_SCRIPT_NAME: gradle-actions.inject-develocity.init.gradle
2026-10-03T03:07:35.8338928Z   DEVELOCITY_INJECTION_CUSTOM_VALUE: gradle-actions
2026-10-03T03:07:35.8339138Z   GITHUB_DEPENDENCY_GRAPH_ENABLED: false
2026-10-03T03:07:35.8339470Z   ANDROID_KEYSTORE_PATH: /home/runner/work/_temp/***.keystore
2026-10-03T03:07:35.8339814Z   ANDROID_KEYSTORE_PASSWORD: ***
2026-10-03T03:07:35.8340001Z   ANDROID_KEY_ALIAS: ***
2026-10-03T03:07:35.8340223Z   ANDROID_KEY_PASSWORD: ***
2026-10-03T03:07:35.8340844Z   ANDROID_VERSION_CODE: 908
2026-10-03T03:07:35.8341014Z   ANDROID_VERSION_NAME: 0.1.0-build.908
2026-10-03T03:07:35.8341187Z ##[endgroup]
2026-10-03T03:07:36.3509586Z To honour the JVM settings for this build a single-use Daemon process will be forked. For more on this, please refer to https://docs.gradle.org/8.10.2/userguide/gradle_daemon.html#sec:disabling_the_daemon in the Gradle documentation.
2026-10-03T03:07:37.2474921Z Daemon will be stopped at the end of the build 
2026-10-03T03:08:19.7481859Z > Task :app:buildKotlinToolingMetadata
2026-10-03T03:08:19.7482488Z > Task :app:checkKotlinGradlePluginConfigurationErrors SKIPPED
2026-10-03T03:08:20.5466418Z > Task :app:extractMoonshine
2026-10-03T03:08:22.0466660Z > Task :app:extractSherpa
2026-10-03T03:08:25.3469475Z 
2026-10-03T03:08:25.3470132Z > Task :app:buildSherpa
2026-10-03T03:08:25.3473354Z CMake Deprecation Warning at /usr/local/lib/android/sdk/ndk/27.2.12479018/build/cmake/android.toolchain.cmake:35 (cmake_minimum_required):
2026-10-03T03:08:25.3473987Z   Compatibility with CMake < 3.10 will be removed from a future version of
2026-10-03T03:08:25.3474331Z   CMake.
2026-10-03T03:08:25.3474447Z 
2026-10-03T03:08:25.3474642Z   Update the VERSION argument <min> value.  Or, use the <min>...<max> syntax
2026-10-03T03:08:25.3475092Z   to tell CMake that the project requires at least <min> but has been updated
2026-10-03T03:08:25.3475473Z   to work with policies introduced by <max> or earlier.
2026-10-03T03:08:25.3475774Z Call Stack (most recent call first):
2026-10-03T03:08:25.3476174Z   /usr/local/share/cmake-3.31/Modules/CMakeDetermineSystem.cmake:146 (include)
2026-10-03T03:08:25.3476543Z -- CMake version: 3.31.6
2026-10-03T03:08:25.3476859Z   CMakeLists.txt:26 (project)
2026-10-03T03:08:25.3481517Z 
2026-10-03T03:08:25.3481530Z 
2026-10-03T03:08:25.3482098Z CMake Deprecation Warning at /usr/local/lib/android/sdk/ndk/27.2.12479018/build/cmake/android-legacy.toolchain.cmake:35 (cmake_minimum_required):
2026-10-03T03:08:25.3482799Z   Compatibility with CMake < 3.10 will be removed from a future version of
2026-10-03T03:08:25.3483157Z   CMake.
2026-10-03T03:08:25.3483268Z 
2026-10-03T03:08:25.3483460Z   Update the VERSION argument <min> value.  Or, use the <min>...<max> syntax
2026-10-03T03:08:25.3483763Z   to tell CMake that the project requires at least <min> but has been updated
2026-10-03T03:08:25.3484027Z   to work with policies introduced by <max> or earlier.
2026-10-03T03:08:25.3484238Z Call Stack (most recent call first):
2026-10-03T03:08:25.3484511Z   /usr/local/lib/android/sdk/ndk/27.2.12479018/build/cmake/android.toolchain.cmake:55 (include)
2026-10-03T03:08:25.3485296Z   /usr/local/share/cmake-3.31/Modules/CMakeDetermineSystem.cmake:146 (include)
2026-10-03T03:08:25.3485543Z   CMakeLists.txt:26 (project)
2026-10-03T03:08:25.3485649Z 
2026-10-03T03:08:25.3485652Z 
2026-10-03T03:08:25.3485889Z CMake Deprecation Warning at /usr/local/lib/android/sdk/ndk/27.2.12479018/build/cmake/android.toolchain.cmake:35 (cmake_minimum_required):
2026-10-03T03:08:25.3486288Z   Compatibility with CMake < 3.10 will be removed from a future version of
2026-10-03T03:08:25.3486509Z   CMake.
2026-10-03T03:08:25.3486578Z 
2026-10-03T03:08:25.3486697Z   Update the VERSION argument <min> value.  Or, use the <min>...<max> syntax
2026-10-03T03:08:25.3486982Z   to tell CMake that the project requires at least <min> but has been updated
2026-10-03T03:08:25.3487238Z   to work with policies introduced by <max> or earlier.
2026-10-03T03:08:25.3487439Z Call Stack (most recent call first):
2026-10-03T03:08:25.3487925Z   /home/runner/work/Jarvis-OS-V2/Jarvis-OS-V2/app/build/sherpa-native/cmake/CMakeFiles/3.31.6/CMakeSystem.cmake:6 (include)
2026-10-03T03:08:25.3488253Z   CMakeLists.txt:26 (project)
2026-10-03T03:08:25.3488352Z 
2026-10-03T03:08:25.3488356Z 
2026-10-03T03:08:25.4466491Z -- The C compiler identification is Clang 18.0.3
2026-10-03T03:08:25.5478936Z CMake Deprecation Warning at /usr/local/lib/android/sdk/ndk/27.2.12479018/build/cmake/flags.cmake:18 (cmake_minimum_required):
2026-10-03T03:08:25.5479596Z -- The CXX compiler identification is Clang 18.0.3
2026-10-03T03:08:25.5485214Z   Compatibility with CMake < 3.10 will be removed from a future version of
2026-10-03T03:08:25.5485536Z -- Detecting C compiler ABI info
2026-10-03T03:08:25.5485784Z   CMake.
2026-10-03T03:08:25.5485901Z 
2026-10-03T03:08:25.5486081Z   Update the VERSION argument <min> value.  Or, use the <min>...<max> syntax
2026-10-03T03:08:25.5486581Z   to tell CMake that the project requires at least <min> but has been updated
2026-10-03T03:08:25.5487014Z   to work with policies introduced by <max> or earlier.
2026-10-03T03:08:25.5487238Z Call Stack (most recent call first):
2026-10-03T03:08:25.5487497Z   /usr/local/share/cmake-3.31/Modules/Platform/Android-Clang.cmake:23 (include)
2026-10-03T03:08:25.5487820Z   /usr/local/share/cmake-3.31/Modules/Platform/Android-Clang-C.cmake:1 (include)
2026-10-03T03:08:25.5488130Z   /usr/local/share/cmake-3.31/Modules/CMakeCInformation.cmake:48 (include)
2026-10-03T03:08:25.5488374Z   CMakeLists.txt:26 (project)
2026-10-03T03:08:25.5488485Z 
2026-10-03T03:08:25.5488488Z 
2026-10-03T03:08:25.5488740Z CMake Deprecation Warning at /usr/local/lib/android/sdk/ndk/27.2.12479018/build/cmake/android.toolchain.cmake:35 (cmake_minimum_required):
2026-10-03T03:08:25.5489167Z   Compatibility with CMake < 3.10 will be removed from a future version of
2026-10-03T03:08:25.5489395Z   CMake.
2026-10-03T03:08:25.5489464Z 
2026-10-03T03:08:25.5489591Z   Update the VERSION argument <min> value.  Or, use the <min>...<max> syntax
2026-10-03T03:08:25.5489893Z   to tell CMake that the project requires at least <min> but has been updated
2026-10-03T03:08:25.5490163Z   to work with policies introduced by <max> or earlier.
2026-10-03T03:08:25.5490370Z Call Stack (most recent call first):
2026-10-03T03:08:25.5490946Z   /home/runner/work/Jarvis-OS-V2/Jarvis-OS-V2/app/build/sherpa-native/cmake/CMakeFiles/3.31.6/CMakeSystem.cmake:6 (include)
2026-10-03T03:08:25.5491475Z   /home/runner/work/Jarvis-OS-V2/Jarvis-OS-V2/app/build/sherpa-native/cmake/CMakeFiles/CMakeScratch/TryCompile-YxIk8b/CMakeLists.txt:4 (project)
2026-10-03T03:08:25.5491785Z 
2026-10-03T03:08:25.5491788Z 
2026-10-03T03:08:25.5492047Z CMake Deprecation Warning at /usr/local/lib/android/sdk/ndk/27.2.12479018/build/cmake/android-legacy.toolchain.cmake:35 (cmake_minimum_required):
2026-10-03T03:08:25.5492476Z   Compatibility with CMake < 3.10 will be removed from a future version of
2026-10-03T03:08:25.5492703Z   CMake.
2026-10-03T03:08:25.5492774Z 
2026-10-03T03:08:25.5492902Z   Update the VERSION argument <min> value.  Or, use the <min>...<max> syntax
2026-10-03T03:08:25.5493605Z   to tell CMake that the project requires at least <min> but has been updated
2026-10-03T03:08:25.5493868Z   to work with policies introduced by <max> or earlier.
2026-10-03T03:08:25.5494074Z Call Stack (most recent call first):
2026-10-03T03:08:25.5494348Z   /usr/local/lib/android/sdk/ndk/27.2.12479018/build/cmake/android.toolchain.cmake:55 (include)
2026-10-03T03:08:25.5494774Z   /home/runner/work/Jarvis-OS-V2/Jarvis-OS-V2/app/build/sherpa-native/cmake/CMakeFiles/3.31.6/CMakeSystem.cmake:6 (include)
2026-10-03T03:08:25.5495293Z   /home/runner/work/Jarvis-OS-V2/Jarvis-OS-V2/app/build/sherpa-native/cmake/CMakeFiles/CMakeScratch/TryCompile-YxIk8b/CMakeLists.txt:4 (project)
2026-10-03T03:08:25.5495599Z 
2026-10-03T03:08:25.5495602Z 
2026-10-03T03:08:25.5495818Z CMake Deprecation Warning at /usr/local/lib/android/sdk/ndk/27.2.12479018/build/cmake/flags.cmake:18 (cmake_minimum_required):
2026-10-03T03:08:25.5496496Z   Compatibility with CMake < 3.10 will be removed from a future version of
2026-10-03T03:08:25.5496727Z   CMake.
2026-10-03T03:08:25.5496798Z 
2026-10-03T03:08:25.5496922Z   Update the VERSION argument <min> value.  Or, use the <min>...<max> syntax
2026-10-03T03:08:25.5497213Z   to tell CMake that the project requires at least <min> but has been updated
2026-10-03T03:08:25.5497474Z   to work with policies introduced by <max> or earlier.
2026-10-03T03:08:25.5497676Z Call Stack (most recent call first):
2026-10-03T03:08:25.5497924Z   /usr/local/share/cmake-3.31/Modules/Platform/Android-Clang.cmake:23 (include)
2026-10-03T03:08:25.5498238Z   /usr/local/share/cmake-3.31/Modules/Platform/Android-Clang-C.cmake:1 (include)
2026-10-03T03:08:25.5498543Z   /usr/local/share/cmake-3.31/Modules/CMakeCInformation.cmake:48 (include)
2026-10-03T03:08:25.5498974Z   /home/runner/work/Jarvis-OS-V2/Jarvis-OS-V2/app/build/sherpa-native/cmake/CMakeFiles/CMakeScratch/TryCompile-YxIk8b/CMakeLists.txt:4 (project)
2026-10-03T03:08:25.5499289Z 
2026-10-03T03:08:25.5499291Z 
2026-10-03T03:08:25.6466424Z -- Detecting C compiler ABI info - done
2026-10-03T03:08:25.6467105Z -- Check for working C compiler: /usr/local/lib/android/sdk/ndk/27.2.12479018/toolchains/llvm/prebuilt/linux-x86_64/bin/clang - skipped
2026-10-03T03:08:25.6467636Z -- Detecting C compile features
2026-10-03T03:08:25.6467826Z -- Detecting C compile features - done
2026-10-03T03:08:25.6468014Z -- Detecting CXX compiler ABI info
2026-10-03T03:08:25.6478309Z CMake Deprecation Warning at /usr/local/lib/android/sdk/ndk/27.2.12479018/build/cmake/android.toolchain.cmake:35 (cmake_minimum_required):
2026-10-03T03:08:25.6478972Z   Compatibility with CMake < 3.10 will be removed from a future version of
2026-10-03T03:08:25.6479332Z   CMake.
2026-10-03T03:08:25.6479443Z 
2026-10-03T03:08:25.6479645Z   Update the VERSION argument <min> value.  Or, use the <min>...<max> syntax
2026-10-03T03:08:25.6480128Z   to tell CMake that the project requires at least <min> but has been updated
2026-10-03T03:08:25.6480707Z   to work with policies introduced by <max> or earlier.
2026-10-03T03:08:25.6481052Z Call Stack (most recent call first):
2026-10-03T03:08:25.6481599Z   /home/runner/work/Jarvis-OS-V2/Jarvis-OS-V2/app/build/sherpa-native/cmake/CMakeFiles/3.31.6/CMakeSystem.cmake:6 (include)
2026-10-03T03:08:25.6482478Z   /home/runner/work/Jarvis-OS-V2/Jarvis-OS-V2/app/build/sherpa-native/cmake/CMakeFiles/CMakeScratch/TryCompile-llCXez/CMakeLists.txt:4 (project)
2026-10-03T03:08:25.6483015Z 
2026-10-03T03:08:25.6483020Z 
2026-10-03T03:08:25.6483462Z CMake Deprecation Warning at /usr/local/lib/android/sdk/ndk/27.2.12479018/build/cmake/android-legacy.toolchain.cmake:35 (cmake_minimum_required):
2026-10-03T03:08:25.6484195Z   Compatibility with CMake < 3.10 will be removed from a future version of
2026-10-03T03:08:25.6484569Z   CMake.
2026-10-03T03:08:25.6484683Z 
2026-10-03T03:08:25.6484890Z   Update the VERSION argument <min> value.  Or, use the <min>...<max> syntax
2026-10-03T03:08:25.6485406Z   to tell CMake that the project requires at least <min> but has been updated
2026-10-03T03:08:25.6486385Z   to work with policies introduced by <max> or earlier.
2026-10-03T03:08:25.6486755Z Call Stack (most recent call first):
2026-10-03T03:08:25.6487210Z   /usr/local/lib/android/sdk/ndk/27.2.12479018/build/cmake/android.toolchain.cmake:55 (include)
2026-10-03T03:08:25.6487911Z   /home/runner/work/Jarvis-OS-V2/Jarvis-OS-V2/app/build/sherpa-native/cmake/CMakeFiles/3.31.6/CMakeSystem.cmake:6 (include)
2026-10-03T03:08:25.6488885Z   /home/runner/work/Jarvis-OS-V2/Jarvis-OS-V2/app/build/sherpa-native/cmake/CMakeFiles/CMakeScratch/TryCompile-llCXez/CMakeLists.txt:4 (project)
2026-10-03T03:08:25.6489429Z 
2026-10-03T03:08:25.6489434Z 
2026-10-03T03:08:25.6489800Z CMake Deprecation Warning at /usr/local/lib/android/sdk/ndk/27.2.12479018/build/cmake/flags.cmake:18 (cmake_minimum_required):
2026-10-03T03:08:25.6490592Z   Compatibility with CMake < 3.10 will be removed from a future version of
2026-10-03T03:08:25.6491235Z   CMake.
2026-10-03T03:08:25.6491350Z 
2026-10-03T03:08:25.6491569Z   Update the VERSION argument <min> value.  Or, use the <min>...<max> syntax
2026-10-03T03:08:25.6492068Z   to tell CMake that the project requires at least <min> but has been updated
2026-10-03T03:08:25.6492506Z   to work with policies introduced by <max> or earlier.
2026-10-03T03:08:25.6492843Z Call Stack (most recent call first):
2026-10-03T03:08:25.6493243Z   /usr/local/share/cmake-3.31/Modules/Platform/Android-Clang.cmake:23 (include)
2026-10-03T03:08:25.6493772Z   /usr/local/share/cmake-3.31/Modules/Platform/Android-Clang-CXX.cmake:1 (include)
2026-10-03T03:08:25.6494280Z   /usr/local/share/cmake-3.31/Modules/CMakeCXXInformation.cmake:48 (include)
2026-10-03T03:08:25.6495011Z   /home/runner/work/Jarvis-OS-V2/Jarvis-OS-V2/app/build/sherpa-native/cmake/CMakeFiles/CMakeScratch/TryCompile-llCXez/CMakeLists.txt:4 (project)
2026-10-03T03:08:25.6495544Z 
2026-10-03T03:08:25.6495549Z 
2026-10-03T03:08:25.7474415Z CMake Deprecation Warning at /usr/local/lib/android/sdk/ndk/27.2.12479018/build/cmake/android.toolchain.cmake:35 (cmake_minimum_required):
2026-10-03T03:08:25.7475076Z -- Detecting CXX compiler ABI info - done
2026-10-03T03:08:25.7475776Z -- Check for working CXX compiler: /usr/local/lib/android/sdk/ndk/27.2.12479018/toolchains/llvm/prebuilt/linux-x86_64/bin/clang++ - skipped
2026-10-03T03:08:25.7476399Z -- Detecting CXX compile features
2026-10-03T03:08:25.7476746Z -- Detecting CXX compile features - done
2026-10-03T03:08:25.7477082Z -- CMAKE_BUILD_TYPE: Release
2026-10-03T03:08:25.7477366Z -- CMAKE_INSTALL_PREFIX: /usr/local
2026-10-03T03:08:25.7477679Z -- BUILD_SHARED_LIBS OFF
2026-10-03T03:08:25.7477973Z -- SHERPA_ONNX_ENABLE_PYTHON OFF
2026-10-03T03:08:25.7478274Z -- SHERPA_ONNX_ENABLE_TESTS OFF
2026-10-03T03:08:25.7478577Z -- SHERPA_ONNX_ENABLE_CHECK OFF
2026-10-03T03:08:25.7478871Z -- SHERPA_ONNX_ENABLE_PORTAUDIO OFF
2026-10-03T03:08:25.7479177Z -- SHERPA_ONNX_ENABLE_JNI ON
2026-10-03T03:08:25.7479466Z -- SHERPA_ONNX_ENABLE_C_API OFF
2026-10-03T03:08:25.7479777Z -- SHERPA_ONNX_ENABLE_WEBSOCKET OFF
2026-10-03T03:08:25.7480098Z -- SHERPA_ONNX_ENABLE_GPU OFF
2026-10-03T03:08:25.7480552Z -- SHERPA_ONNX_ENABLE_WASM OFF
2026-10-03T03:08:25.7480882Z -- SHERPA_ONNX_ENABLE_WASM_SPEAKER_DIARIZATION OFF
2026-10-03T03:08:25.7481219Z -- SHERPA_ONNX_ENABLE_WASM_TTS OFF
2026-10-03T03:08:25.7481492Z -- SHERPA_ONNX_ENABLE_WASM_ASR OFF
2026-10-03T03:08:25.7481765Z -- SHERPA_ONNX_ENABLE_WASM_KWS OFF
2026-10-03T03:08:25.7482044Z -- SHERPA_ONNX_ENABLE_WASM_VAD OFF
2026-10-03T03:08:25.7482319Z -- SHERPA_ONNX_ENABLE_WASM_VAD_ASR OFF
2026-10-03T03:08:25.7482612Z -- SHERPA_ONNX_ENABLE_WASM_NODEJS OFF
2026-10-03T03:08:25.7482889Z -- SHERPA_ONNX_ENABLE_WASM_WEB OFF
2026-10-03T03:08:25.7483199Z -- SHERPA_ONNX_ENABLE_WASM_SPEECH_ENHANCEMENT OFF
2026-10-03T03:08:25.7483514Z -- SHERPA_ONNX_ENABLE_BINARY OFF
2026-10-03T03:08:25.7483787Z -- SHERPA_ONNX_ENABLE_TTS ON
2026-10-03T03:08:25.7484047Z -- SHERPA_ONNX_ENABLE_SPEAKER_DIARIZATION OFF
2026-10-03T03:08:25.7484375Z -- SHERPA_ONNX_LINK_LIBSTDCPP_STATICALLY ON
2026-10-03T03:08:25.7485108Z -- SHERPA_ONNX_USE_PRE_INSTALLED_ONNXRUNTIME_IF_AVAILABLE ON
2026-10-03T03:08:25.7485468Z -- SHERPA_ONNX_ENABLE_SANITIZER: OFF
2026-10-03T03:08:25.7485758Z -- SHERPA_ONNX_BUILD_C_API_EXAMPLES: ON
2026-10-03T03:08:25.7486044Z -- SHERPA_ONNX_ENABLE_RKNN: OFF
2026-10-03T03:08:25.7486309Z -- SHERPA_ONNX_ENABLE_AXERA: OFF
2026-10-03T03:08:25.7486579Z -- SHERPA_ONNX_ENABLE_AXCL: OFF
2026-10-03T03:08:25.7486855Z -- SHERPA_ONNX_ENABLE_ASCEND_NPU: OFF
2026-10-03T03:08:25.7487143Z -- SHERPA_ONNX_ENABLE_QNN: OFF
2026-10-03T03:08:25.7487415Z -- SHERPA_ONNX_ENABLE_SPACEMIT: OFF
2026-10-03T03:08:25.7487689Z -- SHERPA_ONNX_LINK_D3D: OFF
2026-10-03T03:08:25.7487953Z -- SHERPA_ONNX_USE_STATIC_CRT: ON
2026-10-03T03:08:25.7488216Z -- TTS is enabled
2026-10-03T03:08:25.7488452Z -- speaker diarization is disabled
2026-10-03T03:08:25.7488728Z -- DirectML is disabled
2026-10-03T03:08:25.7488973Z -- C++ Standard version: 17
2026-10-03T03:08:25.7489439Z -- Looking for C++ include cxxabi.h
2026-10-03T03:08:25.7489957Z   Compatibility with CMake < 3.10 will be removed from a future version of
2026-10-03T03:08:25.7490372Z   CMake.
2026-10-03T03:08:25.7490649Z 
2026-10-03T03:08:25.7490861Z   Update the VERSION argument <min> value.  Or, use the <min>...<max> syntax
2026-10-03T03:08:25.7491387Z   to tell CMake that the project requires at least <min> but has been updated
2026-10-03T03:08:25.7492123Z   to work with policies introduced by <max> or earlier.
2026-10-03T03:08:25.7492552Z Call Stack (most recent call first):
2026-10-03T03:08:25.7493071Z   /home/runner/work/Jarvis-OS-V2/Jarvis-OS-V2/app/build/sherpa-native/cmake/CMakeFiles/3.31.6/CMakeSystem.cmake:6 (include)
2026-10-03T03:08:25.7493726Z   /home/runner/work/Jarvis-OS-V2/Jarvis-OS-V2/app/build/sherpa-native/cmake/CMakeFiles/CMakeScratch/TryCompile-T57V3a/CMakeLists.txt:4 (project)
2026-10-03T03:08:25.7494032Z 
2026-10-03T03:08:25.7494035Z 
2026-10-03T03:08:25.7494290Z CMake Deprecation Warning at /usr/local/lib/android/sdk/ndk/27.2.12479018/build/cmake/android-legacy.toolchain.cmake:35 (cmake_minimum_required):
2026-10-03T03:08:25.7494725Z   Compatibility with CMake < 3.10 will be removed from a future version of
2026-10-03T03:08:25.7494946Z   CMake.
2026-10-03T03:08:25.7495015Z 
2026-10-03T03:08:25.7495135Z   Update the VERSION argument <min> value.  Or, use the <min>...<max> syntax
2026-10-03T03:08:25.7495422Z   to tell CMake that the project requires at least <min> but has been updated
2026-10-03T03:08:25.7495676Z   to work with policies introduced by <max> or earlier.
2026-10-03T03:08:25.7495877Z Call Stack (most recent call first):
2026-10-03T03:08:25.7496143Z   /usr/local/lib/android/sdk/ndk/27.2.12479018/build/cmake/android.toolchain.cmake:55 (include)
2026-10-03T03:08:25.7496565Z   /home/runner/work/Jarvis-OS-V2/Jarvis-OS-V2/app/build/sherpa-native/cmake/CMakeFiles/3.31.6/CMakeSystem.cmake:6 (include)
2026-10-03T03:08:25.7497071Z   /home/runner/work/Jarvis-OS-V2/Jarvis-OS-V2/app/build/sherpa-native/cmake/CMakeFiles/CMakeScratch/TryCompile-T57V3a/CMakeLists.txt:4 (project)
2026-10-03T03:08:25.7497374Z 
2026-10-03T03:08:25.7497378Z 
2026-10-03T03:08:25.7497588Z CMake Deprecation Warning at /usr/local/lib/android/sdk/ndk/27.2.12479018/build/cmake/flags.cmake:18 (cmake_minimum_required):
2026-10-03T03:08:25.7497964Z   Compatibility with CMake < 3.10 will be removed from a future version of
2026-10-03T03:08:25.7498180Z   CMake.
2026-10-03T03:08:25.7498247Z 
2026-10-03T03:08:25.7498367Z   Update the VERSION argument <min> value.  Or, use the <min>...<max> syntax
2026-10-03T03:08:25.7498650Z   to tell CMake that the project requires at least <min> but has been updated
2026-10-03T03:08:25.7498903Z   to work with policies introduced by <max> or earlier.
2026-10-03T03:08:25.7499258Z Call Stack (most recent call first):
2026-10-03T03:08:25.7499574Z   /usr/local/share/cmake-3.31/Modules/Platform/Android-Clang.cmake:23 (include)
2026-10-03T03:08:25.7499888Z   /usr/local/share/cmake-3.31/Modules/Platform/Android-Clang-CXX.cmake:1 (include)
2026-10-03T03:08:25.7500329Z   /usr/local/share/cmake-3.31/Modules/CMakeCXXInformation.cmake:48 (include)
2026-10-03T03:08:25.7500900Z   /home/runner/work/Jarvis-OS-V2/Jarvis-OS-V2/app/build/sherpa-native/cmake/CMakeFiles/CMakeScratch/TryCompile-T57V3a/CMakeLists.txt:4 (project)
2026-10-03T03:08:25.7501203Z 
2026-10-03T03:08:25.7501205Z 
2026-10-03T03:08:25.8466578Z -- Looking for C++ include cxxabi.h - found
2026-10-03T03:08:25.8467289Z CMake Deprecation Warning at /usr/local/lib/android/sdk/ndk/27.2.12479018/build/cmake/android.toolchain.cmake:35 (cmake_minimum_required):
2026-10-03T03:08:25.8467801Z -- Looking for C++ include execinfo.h
2026-10-03T03:08:25.8484601Z   Compatibility with CMake < 3.10 will be removed from a future version of
2026-10-03T03:08:25.8485058Z -- Looking for C++ include execinfo.h - found
2026-10-03T03:08:25.8485853Z -- CMAKE_SOURCE_DIR: /home/runner/work/Jarvis-OS-V2/Jarvis-OS-V2/app/build/sherpa-native/source
2026-10-03T03:08:25.8486481Z -- CMAKE_BINARY_DIR: /home/runner/work/Jarvis-OS-V2/Jarvis-OS-V2/app/build/sherpa-native/cmake
2026-10-03T03:08:25.8487436Z -- PROJECT_SOURCE_DIR: /home/runner/work/Jarvis-OS-V2/Jarvis-OS-V2/app/build/sherpa-native/source
2026-10-03T03:08:25.8488065Z -- PROJECT_BINARY_DIR: /home/runner/work/Jarvis-OS-V2/Jarvis-OS-V2/app/build/sherpa-native/cmake
2026-10-03T03:08:25.8488517Z -- CMake version: 3.31.6
2026-10-03T03:08:25.8488773Z -- CMAKE_SYSTEM: Android-1
2026-10-03T03:08:25.8489030Z -- CMAKE_SYSTEM_NAME: Android
2026-10-03T03:08:25.8489295Z -- CMAKE_SYSTEM_VERSION: 1
2026-10-03T03:08:25.8489558Z -- CMAKE_SYSTEM_PROCESSOR: aarch64
2026-10-03T03:08:25.8489923Z -- sherpa-onnx git sha1: deac28fb850b179f9ab5d65cc71b1e03b88b3bff
2026-10-03T03:08:25.8490321Z -- sherpa-onnx git date: Sat Oct 3 03:05:57 2026
2026-10-03T03:08:25.8490834Z -- OS used to build sherpa-onnx: Ubuntu 24.04.5 LTS
2026-10-03T03:08:25.8491370Z -- C++ compiler: /usr/local/lib/android/sdk/ndk/27.2.12479018/toolchains/llvm/prebuilt/linux-x86_64/bin/clang++
2026-10-03T03:08:25.8491881Z -- C++ compiler ID: Clang
2026-10-03T03:08:25.8492140Z -- C++ compiler version: 18.0.3
2026-10-03T03:08:25.8492624Z -- C compiler: /usr/local/lib/android/sdk/ndk/27.2.12479018/toolchains/llvm/prebuilt/linux-x86_64/bin/clang
2026-10-03T03:08:25.8493089Z -- C compiler ID: Clang
2026-10-03T03:08:25.8493313Z -- C compiler version: 18.0.3
2026-10-03T03:08:25.8493564Z   CMake.
2026-10-03T03:08:25.8493676Z 
2026-10-03T03:08:25.8493818Z   Update the VERSION argument <min> value.  Or, use the <min>...<max> syntax
2026-10-03T03:08:25.8494118Z   to tell CMake that the project requires at least <min> but has been updated
2026-10-03T03:08:25.8494380Z   to work with policies introduced by <max> or earlier.
2026-10-03T03:08:25.8494585Z Call Stack (most recent call first):
2026-10-03T03:08:25.8494922Z   /home/runner/work/Jarvis-OS-V2/Jarvis-OS-V2/app/build/sherpa-native/cmake/CMakeFiles/3.31.6/CMakeSystem.cmake:6 (include)
2026-10-03T03:08:25.8495453Z   /home/runner/work/Jarvis-OS-V2/Jarvis-OS-V2/app/build/sherpa-native/cmake/CMakeFiles/CMakeScratch/TryCompile-5jBCrX/CMakeLists.txt:4 (project)
2026-10-03T03:08:25.8495772Z 
2026-10-03T03:08:25.8495776Z 
2026-10-03T03:08:25.8496031Z CMake Deprecation Warning at /usr/local/lib/android/sdk/ndk/27.2.12479018/build/cmake/android-legacy.toolchain.cmake:35 (cmake_minimum_required):
2026-10-03T03:08:25.8496455Z   Compatibility with CMake < 3.10 will be removed from a future version of
2026-10-03T03:08:25.8496678Z   CMake.
2026-10-03T03:08:25.8496749Z 
2026-10-03T03:08:25.8496872Z   Update the VERSION argument <min> value.  Or, use the <min>...<max> syntax
2026-10-03T03:08:25.8497425Z   to tell CMake that the project requires at least <min> but has been updated
2026-10-03T03:08:25.8497771Z   to work with policies introduced by <max> or earlier.
2026-10-03T03:08:25.8498096Z Call Stack (most recent call first):
2026-10-03T03:08:25.8498513Z   /usr/local/lib/android/sdk/ndk/27.2.12479018/build/cmake/android.toolchain.cmake:55 (include)
2026-10-03T03:08:25.8499072Z   /home/runner/work/Jarvis-OS-V2/Jarvis-OS-V2/app/build/sherpa-native/cmake/CMakeFiles/3.31.6/CMakeSystem.cmake:6 (include)
2026-10-03T03:08:25.8499844Z   /home/runner/work/Jarvis-OS-V2/Jarvis-OS-V2/app/build/sherpa-native/cmake/CMakeFiles/CMakeScratch/TryCompile-5jBCrX/CMakeLists.txt:4 (project)
2026-10-03T03:08:25.8500217Z 
2026-10-03T03:08:25.8500220Z 
2026-10-03T03:08:25.8521028Z CMake Deprecation Warning at /usr/local/lib/android/sdk/ndk/27.2.12479018/build/cmake/flags.cmake:18 (cmake_minimum_required):
2026-10-03T03:08:25.8521671Z   Compatibility with CMake < 3.10 will be removed from a future version of
2026-10-03T03:08:25.8522020Z   CMake.
2026-10-03T03:08:25.8522154Z 
2026-10-03T03:08:25.8522341Z   Update the VERSION argument <min> value.  Or, use the <min>...<max> syntax
2026-10-03T03:08:25.8522789Z   to tell CMake that the project requires at least <min> but has been updated
2026-10-03T03:08:25.8523188Z   to work with policies introduced by <max> or earlier.
2026-10-03T03:08:25.8523523Z Call Stack (most recent call first):
2026-10-03T03:08:25.8524131Z   /usr/local/share/cmake-3.31/Modules/Platform/Android-Clang.cmake:23 (include)
2026-10-03T03:08:25.8524642Z   /usr/local/share/cmake-3.31/Modules/Platform/Android-Clang-CXX.cmake:1 (include)
2026-10-03T03:08:25.8524964Z   /usr/local/share/cmake-3.31/Modules/CMakeCXXInformation.cmake:48 (include)
2026-10-03T03:08:25.8525413Z   /home/runner/work/Jarvis-OS-V2/Jarvis-OS-V2/app/build/sherpa-native/cmake/CMakeFiles/CMakeScratch/TryCompile-5jBCrX/CMakeLists.txt:4 (project)
2026-10-03T03:08:25.8525725Z 
2026-10-03T03:08:25.8525728Z 
2026-10-03T03:08:25.9466292Z -- Downloading kaldi-native-fbank from https://github.com/csukuangfj/kaldi-native-fbank/archive/refs/tags/v1.22.3.tar.gz
2026-10-03T03:08:26.3466388Z -- kaldi-native-fbank is downloaded to /home/runner/work/Jarvis-OS-V2/Jarvis-OS-V2/app/build/sherpa-native/cmake/_deps/kaldi_native_fbank-src
2026-10-03T03:08:26.3467114Z -- kaldi-native-fbank's binary dir is /home/runner/work/Jarvis-OS-V2/Jarvis-OS-V2/app/build/sherpa-native/cmake/_deps/kaldi_native_fbank-build
2026-10-03T03:08:26.3467548Z -- CMAKE_BUILD_TYPE: Release
2026-10-03T03:08:26.3467765Z -- CMAKE_EXPORT_COMPILE_COMMANDS: 
2026-10-03T03:08:26.3467985Z -- BUILD_SHARED_LIBS: OFF
2026-10-03T03:08:26.3468157Z -- KALDI_NATIVE_FBANK_BUILD_TESTS: OFF
2026-10-03T03:08:26.3468368Z -- KALDI_NATIVE_FBANK_BUILD_PYTHON: OFF
2026-10-03T03:08:26.3468557Z -- KALDI_NATIVE_FBANK_ENABLE_CHECK: OFF
2026-10-03T03:08:26.3468765Z -- KALDI_NATIVE_FBANK_ENABLE_CHECK: OFF
2026-10-03T03:08:26.3469392Z -- CMAKE_CXX_FLAGS: -g -DANDROID -fdata-sections -ffunction-sections -funwind-tables -fstack-protector-strong -no-canonical-prefixes -D__BIONIC_NO_PAGE_SIZE_MACRO -D_FORTIFY_SOURCE=2 -Wformat -Werror=format-security  -ffunction-sections -fdata-sections
2026-10-03T03:08:26.3470022Z -- CMAKE_INSTALL_PREFIX: /usr/local
2026-10-03T03:08:26.3470209Z -- Looking for C++ include cxxabi.h
2026-10-03T03:08:26.4465430Z -- Looking for C++ include cxxabi.h - found
2026-10-03T03:08:26.4465836Z -- Looking for C++ include execinfo.h
2026-10-03T03:08:26.4466071Z -- Looking for C++ include execinfo.h - found
2026-10-03T03:08:26.4466475Z -- Downloading kissfft from https://github.com/mborgerding/kissfft/archive/febd4caeed32e33ad8b2e0bb5ea77542c40f18ec.zip
2026-10-03T03:08:26.9465391Z -- kissfft is downloaded to /home/runner/work/Jarvis-OS-V2/Jarvis-OS-V2/app/build/sherpa-native/cmake/_deps/kissfft-src
2026-10-03T03:08:26.9465953Z -- kissfft's binary dir is /home/runner/work/Jarvis-OS-V2/Jarvis-OS-V2/app/build/sherpa-native/cmake/_deps/kissfft-build
2026-10-03T03:08:26.9466467Z -- Building KissFFT with datatype: float
2026-10-03T03:08:26.9466754Z -- Building static library
2026-10-03T03:08:26.9467183Z -- PKGINCLUDEDIR is /kissfft
2026-10-03T03:08:26.9467463Z -- Disable building Python
2026-10-03T03:08:26.9467962Z -- Downloading kaldi-decoder from https://github.com/k2-fsa/kaldi-decoder/archive/refs/tags/v0.3.0.tar.gz
2026-10-03T03:08:27.3465405Z -- kaldi-decoder is downloaded to /home/runner/work/Jarvis-OS-V2/Jarvis-OS-V2/app/build/sherpa-native/cmake/_deps/kaldi_decoder-src
2026-10-03T03:08:27.3466260Z -- kaldi-decoder's binary dir is /home/runner/work/Jarvis-OS-V2/Jarvis-OS-V2/app/build/sherpa-native/cmake/_deps/kaldi_decoder-build
2026-10-03T03:08:27.3466615Z -- CMAKE_BUILD_TYPE: Release
2026-10-03T03:08:27.3466927Z -- Downloading kaldifst from https://github.com/k2-fsa/kaldifst/archive/refs/tags/v1.8.0.tar.gz
2026-10-03T03:08:27.8465196Z -- kaldifst is downloaded to /home/runner/work/Jarvis-OS-V2/Jarvis-OS-V2/app/build/sherpa-native/cmake/_deps/kaldifst-src
2026-10-03T03:08:27.8465716Z -- kaldifst's binary dir is /home/runner/work/Jarvis-OS-V2/Jarvis-OS-V2/app/build/sherpa-native/cmake/_deps/kaldifst-build
2026-10-03T03:08:27.8466031Z -- CMAKE_BUILD_TYPE: Release
2026-10-03T03:08:27.8466206Z -- CMAKE_BUILD_TYPE: Release
2026-10-03T03:08:27.8466372Z -- CMAKE_INSTALL_PREFIX: /usr/local
2026-10-03T03:08:27.8466554Z -- C++ Standard version: 17
2026-10-03T03:08:27.8467172Z -- CMAKE_CXX_FLAGS: -g -DANDROID -fdata-sections -ffunction-sections -funwind-tables -fstack-protector-strong -no-canonical-prefixes -D__BIONIC_NO_PAGE_SIZE_MACRO -D_FORTIFY_SOURCE=2 -Wformat -Werror=format-security  -ffunction-sections -fdata-sections
2026-10-03T03:08:27.8468145Z -- Downloading openfst from https://github.com/csukuangfj/openfst/archive/refs/tags/v1.8.5-2026-07-09.tar.gz
2026-10-03T03:08:28.7465534Z -- openfst is downloaded to /home/runner/work/Jarvis-OS-V2/Jarvis-OS-V2/app/build/sherpa-native/cmake/_deps/openfst-src
2026-10-03T03:08:28.7466127Z -- BUILD_SHARED_LIBS: OFF
2026-10-03T03:08:28.7466360Z -- BUILD_TESTING: OFF
2026-10-03T03:08:28.7466570Z -- HAVE_BIN: OFF
2026-10-03T03:08:28.7466770Z -- HAVE_SCRIPT: OFF
2026-10-03T03:08:28.7466983Z -- HAVE_COMPACT: OFF
2026-10-03T03:08:28.7467200Z -- HAVE_COMPRESS: OFF
2026-10-03T03:08:28.7467412Z -- HAVE_CONST: OFF
2026-10-03T03:08:28.7467611Z -- HAVE_FAR: ON
2026-10-03T03:08:28.7467814Z -- HAVE_FSTS: OFF
2026-10-03T03:08:28.7468017Z -- HAVE_GRM: OFF
2026-10-03T03:08:28.7468218Z -- HAVE_LINEAR: OFF
2026-10-03T03:08:28.7468459Z -- HAVE_LOOKAHEAD: OFF
2026-10-03T03:08:28.7468671Z -- HAVE_MPDT: OFF
2026-10-03T03:08:28.7468881Z -- HAVE_NGRAM: OFF
2026-10-03T03:08:28.7469089Z -- HAVE_PDT: OFF
2026-10-03T03:08:28.7471817Z -- HAVE_SPECIAL: OFF
2026-10-03T03:08:28.7472204Z -- OPENFST_USE_ABSL: OFF
2026-10-03T03:08:28.7472701Z -- Downloading eigen from https://gitlab.com/libeigen/eigen/-/archive/5.0.1/eigen-5.0.1.tar.gz
2026-10-03T03:08:29.2466944Z -- eigen is downloaded to /home/runner/work/Jarvis-OS-V2/Jarvis-OS-V2/app/build/sherpa-native/cmake/_deps/eigen-src
2026-10-03T03:08:29.2467536Z -- eigen's binary dir is /home/runner/work/Jarvis-OS-V2/Jarvis-OS-V2/app/build/sherpa-native/cmake/_deps/eigen-build
2026-10-03T03:08:29.2467882Z -- 
2026-10-03T03:08:29.2468044Z -- Configured Eigen 5.0.1-dev
2026-10-03T03:08:29.2468229Z -- 
2026-10-03T03:08:29.2468380Z -- CMAKE_SYSTEM_NAME: Android
2026-10-03T03:08:29.2468560Z -- CMAKE_SYSTEM_PROCESSOR: aarch64
2026-10-03T03:08:29.2468919Z -- location_onnxruntime_header_dir: /home/runner/work/Jarvis-OS-V2/Jarvis-OS-V2/app/build/sherpa-native/ort-android/headers
2026-10-03T03:08:29.2469501Z -- location_onnxruntime_lib: /home/runner/work/Jarvis-OS-V2/Jarvis-OS-V2/app/build/sherpa-native/ort-android/jni/arm64-v8a/libonnxruntime.so
2026-10-03T03:08:29.2470196Z -- onnxruntime lib files: /home/runner/work/Jarvis-OS-V2/Jarvis-OS-V2/app/build/sherpa-native/ort-android/jni/arm64-v8a/libonnxruntime.so
2026-10-03T03:08:29.2471033Z -- Downloading simple-sentencepiece https://github.com/pkufool/simple-sentencepiece/archive/refs/tags/v0.7.tar.gz
2026-10-03T03:08:29.8465685Z -- simple-sentencepiece is downloaded to /home/runner/work/Jarvis-OS-V2/Jarvis-OS-V2/app/build/sherpa-native/cmake/_deps/simple-sentencepiece-src
2026-10-03T03:08:29.8466338Z -- Performing Test SBPE_COMPILER_SUPPORTS_CXX14
2026-10-03T03:08:29.9465344Z -- Performing Test SBPE_COMPILER_SUPPORTS_CXX14 - Success
2026-10-03T03:08:29.9465701Z -- C++ Standard version: 17
2026-10-03T03:08:29.9465879Z -- ONNXRUNTIME_DIR: 
2026-10-03T03:08:29.9466212Z -- Downloading json from https://github.com/nlohmann/json/archive/refs/tags/v3.12.0.tar.gz
2026-10-03T03:08:30.7465825Z -- json is downloaded to /home/runner/work/Jarvis-OS-V2/Jarvis-OS-V2/app/build/sherpa-native/cmake/_deps/json-src
2026-10-03T03:08:30.7466384Z -- json's binary dir is /home/runner/work/Jarvis-OS-V2/Jarvis-OS-V2/app/build/sherpa-native/cmake/_deps/json-build
2026-10-03T03:08:30.7466929Z -- Using the multi-header code from /home/runner/work/Jarvis-OS-V2/Jarvis-OS-V2/app/build/sherpa-native/cmake/_deps/json-src/include/
2026-10-03T03:08:30.7467512Z -- Downloading espeak-ng from https://github.com/csukuangfj/espeak-ng/archive/ed530aa113046142eb5115cf2fc9157854d0ffe1.zip
2026-10-03T03:08:33.3465611Z -- espeak-ng is downloaded to /home/runner/work/Jarvis-OS-V2/Jarvis-OS-V2/app/build/sherpa-native/cmake/_deps/espeak_ng-src
2026-10-03T03:08:33.3466896Z -- espeak-ng binary dir is /home/runner/work/Jarvis-OS-V2/Jarvis-OS-V2/app/build/sherpa-native/cmake/_deps/espeak_ng-build
2026-10-03T03:08:33.3467963Z -- Looking for mkstemp
2026-10-03T03:08:33.3468440Z -- Looking for mkstemp - found
2026-10-03T03:08:33.4464795Z -- Configuration:
2026-10-03T03:08:33.4465021Z --   shared: OFF
2026-10-03T03:08:33.4465192Z --   mbrola: OFF (MBROLA_BIN-NOTFOUND)
2026-10-03T03:08:33.4465424Z --   libsonic: OFF (SONIC_LIB-NOTFOUND SONIC_INC-NOTFOUND)
2026-10-03T03:08:33.4465695Z --   libpcaudio: OFF (PCAUDIO_LIB-NOTFOUND PCAUDIO_INC-NOTFOUND)
2026-10-03T03:08:33.4465907Z --   klatt: OFF
2026-10-03T03:08:33.4466071Z --   speech-player: OFF
2026-10-03T03:08:33.4466220Z --   async: OFF
2026-10-03T03:08:33.4466501Z -- ESPEAK_NG_DIR: /home/runner/work/Jarvis-OS-V2/Jarvis-OS-V2/app/build/sherpa-native/cmake/_deps/espeak_ng-src
2026-10-03T03:08:33.4467018Z -- Downloading piper-phonemize from https://github.com/csukuangfj/piper-phonemize/archive/f3ff95afc03640bc1399e113e83361192a2fafb4.zip
2026-10-03T03:08:34.8465520Z -- piper-phonemize is downloaded to /home/runner/work/Jarvis-OS-V2/Jarvis-OS-V2/app/build/sherpa-native/cmake/_deps/piper_phonemize-src
2026-10-03T03:08:34.8466181Z -- piper-phonemize binary dir is /home/runner/work/Jarvis-OS-V2/Jarvis-OS-V2/app/build/sherpa-native/cmake/_deps/piper_phonemize-build
2026-10-03T03:08:34.8480660Z -- CMAKE_CXX_FLAGS: -g -DANDROID -fdata-sections -ffunction-sections -funwind-tables -fstack-protector-strong -no-canonical-prefixes -D__BIONIC_NO_PAGE_SIZE_MACRO -D_FORTIFY_SOURCE=2 -Wformat -Werror=format-security  -ffunction-sections -fdata-sections
2026-10-03T03:08:34.8482398Z -- CMAKE_CXX_FLAGS: -g -DANDROID -fdata-sections -ffunction-sections -funwind-tables -fstack-protector-strong -no-canonical-prefixes -D__BIONIC_NO_PAGE_SIZE_MACRO -D_FORTIFY_SOURCE=2 -Wformat -Werror=format-security  -ffunction-sections -fdata-sections
2026-10-03T03:08:34.8483419Z -- Configuring done (9.5s)
2026-10-03T03:08:34.8483728Z -- Generating done (0.1s)
2026-10-03T03:08:34.8484222Z -- Build files have been written to: /home/runner/work/Jarvis-OS-V2/Jarvis-OS-V2/app/build/sherpa-native/cmake
2026-10-03T03:08:34.9476058Z [  1%] Building C object _deps/espeak_ng-build/src/ucd-tools/CMakeFiles/ucd.dir/src/case.c.o
2026-10-03T03:08:34.9476704Z [  1%] Building C object _deps/kissfft-build/CMakeFiles/kissfft.dir/kiss_fft.c.o
2026-10-03T03:08:34.9477284Z [  1%] Building C object _deps/espeak_ng-build/src/ucd-tools/CMakeFiles/ucd.dir/src/categories.c.o
2026-10-03T03:08:34.9477903Z [  1%] Building C object _deps/espeak_ng-build/src/ucd-tools/CMakeFiles/ucd.dir/src/ctype.c.o
2026-10-03T03:08:35.0470972Z [  2%] Building C object _deps/espeak_ng-build/src/ucd-tools/CMakeFiles/ucd.dir/src/proplist.c.o
2026-10-03T03:08:35.0474113Z [  2%] Building C object _deps/kissfft-build/CMakeFiles/kissfft.dir/kfc.c.o
2026-10-03T03:08:35.0474992Z [  2%] Building C object _deps/kissfft-build/CMakeFiles/kissfft.dir/kiss_fftnd.c.o
2026-10-03T03:08:35.1466128Z [  3%] Building C object _deps/kissfft-build/CMakeFiles/kissfft.dir/kiss_fftndr.c.o
2026-10-03T03:08:35.1467198Z [  3%] Building C object _deps/kissfft-build/CMakeFiles/kissfft.dir/kiss_fftr.c.o
2026-10-03T03:08:35.1468136Z [  3%] Linking C static library ../../lib/libkissfft-float.a
2026-10-03T03:08:35.1469072Z [  3%] Built target kissfft
2026-10-03T03:08:35.1469528Z [  3%] Building CXX object _deps/openfst-build/CMakeFiles/fst.dir/src/lib/compat.cc.o
2026-10-03T03:08:35.2465748Z [  3%] Building C object _deps/espeak_ng-build/src/ucd-tools/CMakeFiles/ucd.dir/src/scripts.c.o
2026-10-03T03:08:35.3465976Z [  3%] Building C object _deps/espeak_ng-build/src/ucd-tools/CMakeFiles/ucd.dir/src/tostring.c.o
2026-10-03T03:08:35.3466701Z [  4%] Linking C static library ../../../../lib/libucd.a
2026-10-03T03:08:35.3467071Z [  4%] Built target ucd
2026-10-03T03:08:35.3467685Z [  4%] Building CXX object _deps/simple-sentencepiece-build/ssentencepiece/csrc/CMakeFiles/ssentencepiece_core.dir/ssentencepiece.cc.o
2026-10-03T03:08:35.6465618Z [  5%] Building CXX object _deps/openfst-build/CMakeFiles/fst.dir/src/lib/encode.cc.o
2026-10-03T03:08:36.2465866Z [  5%] Building CXX object _deps/openfst-build/CMakeFiles/fst.dir/src/lib/flags.cc.o
2026-10-03T03:08:37.1466012Z [  5%] Building CXX object _deps/openfst-build/CMakeFiles/fst.dir/src/lib/fst.cc.o
2026-10-03T03:08:37.4465954Z [  5%] Linking CXX static library ../../../../lib/libssentencepiece_core.a
2026-10-03T03:08:37.4466724Z [  5%] Built target ssentencepiece_core
2026-10-03T03:08:37.4467369Z [  6%] Building CXX object _deps/openfst-build/CMakeFiles/fst.dir/src/lib/fst-types.cc.o
2026-10-03T03:08:38.0467619Z [  6%] Building CXX object _deps/openfst-build/CMakeFiles/fst.dir/src/lib/mapped-file.cc.o
2026-10-03T03:08:38.4465436Z [  6%] Building CXX object _deps/openfst-build/CMakeFiles/fst.dir/src/lib/properties.cc.o
2026-10-03T03:08:38.8465538Z [  7%] Building CXX object _deps/openfst-build/CMakeFiles/fst.dir/src/lib/symbol-table.cc.o
2026-10-03T03:08:39.9465142Z [  7%] Building CXX object _deps/openfst-build/CMakeFiles/fst.dir/src/lib/symbol-table-ops.cc.o
2026-10-03T03:08:40.9465380Z [  7%] Building CXX object _deps/openfst-build/CMakeFiles/fst.dir/src/lib/util.cc.o
2026-10-03T03:08:41.7465470Z [  7%] Building C object _deps/espeak_ng-build/src/libespeak-ng/CMakeFiles/espeak-ng.dir/common.c.o
2026-10-03T03:08:41.7491565Z [  7%] Building C object _deps/espeak_ng-build/src/libespeak-ng/CMakeFiles/espeak-ng.dir/mnemonics.c.o
2026-10-03T03:08:41.7521354Z [  7%] Building C object _deps/espeak_ng-build/src/libespeak-ng/CMakeFiles/espeak-ng.dir/error.c.o
2026-10-03T03:08:41.8472475Z [  8%] Building C object _deps/espeak_ng-build/src/libespeak-ng/CMakeFiles/espeak-ng.dir/ieee80.c.o
2026-10-03T03:08:41.8473164Z [  8%] Building C object _deps/espeak_ng-build/src/libespeak-ng/CMakeFiles/espeak-ng.dir/compiledata.c.o
2026-10-03T03:08:42.1465732Z [  8%] Building C object _deps/espeak_ng-build/src/libespeak-ng/CMakeFiles/espeak-ng.dir/compiledict.c.o
2026-10-03T03:08:42.4465480Z [  9%] Building C object _deps/espeak_ng-build/src/libespeak-ng/CMakeFiles/espeak-ng.dir/dictionary.c.o
2026-10-03T03:08:42.8465416Z [  9%] Building C object _deps/espeak_ng-build/src/libespeak-ng/CMakeFiles/espeak-ng.dir/encoding.c.o
2026-10-03T03:08:42.8467056Z [  9%] Building C object _deps/espeak_ng-build/src/libespeak-ng/CMakeFiles/espeak-ng.dir/intonation.c.o
2026-10-03T03:08:42.9465855Z [ 10%] Building C object _deps/espeak_ng-build/src/libespeak-ng/CMakeFiles/espeak-ng.dir/langopts.c.o
2026-10-03T03:08:43.0465341Z [ 10%] Building C object _deps/espeak_ng-build/src/libespeak-ng/CMakeFiles/espeak-ng.dir/numbers.c.o
2026-10-03T03:08:43.2466798Z [ 10%] Building C object _deps/espeak_ng-build/src/libespeak-ng/CMakeFiles/espeak-ng.dir/phoneme.c.o
2026-10-03T03:08:43.2467943Z [ 10%] Building C object _deps/espeak_ng-build/src/libespeak-ng/CMakeFiles/espeak-ng.dir/phonemelist.c.o
2026-10-03T03:08:43.3465473Z [ 11%] Building C object _deps/espeak_ng-build/src/libespeak-ng/CMakeFiles/espeak-ng.dir/readclause.c.o
2026-10-03T03:08:43.4465374Z [ 11%] Building C object _deps/espeak_ng-build/src/libespeak-ng/CMakeFiles/espeak-ng.dir/setlengths.c.o
2026-10-03T03:08:43.5471875Z [ 11%] Building C object _deps/espeak_ng-build/src/libespeak-ng/CMakeFiles/espeak-ng.dir/soundicon.c.o
2026-10-03T03:08:43.5472933Z [ 12%] Building C object _deps/espeak_ng-build/src/libespeak-ng/CMakeFiles/espeak-ng.dir/spect.c.o
2026-10-03T03:08:43.6465732Z [ 12%] Building C object _deps/espeak_ng-build/src/libespeak-ng/CMakeFiles/espeak-ng.dir/ssml.c.o
2026-10-03T03:08:43.7483881Z [ 12%] Building C object _deps/espeak_ng-build/src/libespeak-ng/CMakeFiles/espeak-ng.dir/synthdata.c.o
2026-10-03T03:08:43.9465298Z [ 13%] Building C object _deps/espeak_ng-build/src/libespeak-ng/CMakeFiles/espeak-ng.dir/synthesize.c.o
2026-10-03T03:08:44.1466076Z [ 13%] Building C object _deps/espeak_ng-build/src/libespeak-ng/CMakeFiles/espeak-ng.dir/tr_languages.c.o
2026-10-03T03:08:44.3466210Z [ 13%] Building C object _deps/espeak_ng-build/src/libespeak-ng/CMakeFiles/espeak-ng.dir/translate.c.o
2026-10-03T03:08:44.5465630Z [ 14%] Building C object _deps/espeak_ng-build/src/libespeak-ng/CMakeFiles/espeak-ng.dir/translateword.c.o
2026-10-03T03:08:44.7465557Z [ 14%] Building C object _deps/espeak_ng-build/src/libespeak-ng/CMakeFiles/espeak-ng.dir/voices.c.o
2026-10-03T03:08:44.8465063Z [ 14%] Building C object _deps/espeak_ng-build/src/libespeak-ng/CMakeFiles/espeak-ng.dir/wavegen.c.o
2026-10-03T03:08:45.1465683Z [ 14%] Building C object _deps/espeak_ng-build/src/libespeak-ng/CMakeFiles/espeak-ng.dir/speech.c.o
2026-10-03T03:08:45.2465353Z [ 15%] Building C object _deps/espeak_ng-build/src/libespeak-ng/CMakeFiles/espeak-ng.dir/espeak_api.c.o
2026-10-03T03:08:45.2466483Z [ 15%] Linking C static library ../../../../lib/libespeak-ng.a
2026-10-03T03:08:45.2466944Z [ 15%] Built target espeak-ng
2026-10-03T03:08:45.2467587Z [ 15%] Building CXX object _deps/kaldi_native_fbank-build/kaldi-native-fbank/csrc/CMakeFiles/kaldi-native-fbank-core.dir/feature-fbank.cc.o
2026-10-03T03:08:45.7466018Z [ 16%] Building CXX object _deps/kaldi_native_fbank-build/kaldi-native-fbank/csrc/CMakeFiles/kaldi-native-fbank-core.dir/feature-functions.cc.o
2026-10-03T03:08:46.0465653Z [ 16%] Building CXX object _deps/kaldi_native_fbank-build/kaldi-native-fbank/csrc/CMakeFiles/kaldi-native-fbank-core.dir/feature-mfcc.cc.o
2026-10-03T03:08:46.6465416Z [ 16%] Building CXX object _deps/kaldi_native_fbank-build/kaldi-native-fbank/csrc/CMakeFiles/kaldi-native-fbank-core.dir/feature-raw-audio-samples.cc.o
2026-10-03T03:08:46.9465285Z [ 17%] Building CXX object _deps/kaldi_native_fbank-build/kaldi-native-fbank/csrc/CMakeFiles/kaldi-native-fbank-core.dir/feature-window.cc.o
2026-10-03T03:08:47.4464969Z [ 17%] Building CXX object _deps/kaldi_native_fbank-build/kaldi-native-fbank/csrc/CMakeFiles/kaldi-native-fbank-core.dir/istft.cc.o
2026-10-03T03:08:47.8465726Z [ 17%] Building CXX object _deps/kaldi_native_fbank-build/kaldi-native-fbank/csrc/CMakeFiles/kaldi-native-fbank-core.dir/kaldi-math.cc.o
2026-10-03T03:08:48.0465630Z [ 18%] Building CXX object _deps/kaldi_native_fbank-build/kaldi-native-fbank/csrc/CMakeFiles/kaldi-native-fbank-core.dir/mel-computations.cc.o
2026-10-03T03:08:48.6465711Z [ 18%] Building CXX object _deps/kaldi_native_fbank-build/kaldi-native-fbank/csrc/CMakeFiles/kaldi-native-fbank-core.dir/online-feature.cc.o
2026-10-03T03:08:49.3465662Z [ 18%] Building CXX object _deps/kaldi_native_fbank-build/kaldi-native-fbank/csrc/CMakeFiles/kaldi-native-fbank-core.dir/rfft.cc.o
2026-10-03T03:08:49.6465356Z [ 19%] Building CXX object _deps/kaldi_native_fbank-build/kaldi-native-fbank/csrc/CMakeFiles/kaldi-native-fbank-core.dir/stft.cc.o
2026-10-03T03:08:50.1465556Z [ 19%] Building CXX object _deps/kaldi_native_fbank-build/kaldi-native-fbank/csrc/CMakeFiles/kaldi-native-fbank-core.dir/whisper-feature.cc.o
2026-10-03T03:08:50.6465602Z [ 19%] Linking CXX static library ../../../../lib/libkaldi-native-fbank-core.a
2026-10-03T03:08:50.6466113Z [ 19%] Built target kaldi-native-fbank-core
2026-10-03T03:08:50.6466589Z [ 19%] Building CXX object _deps/openfst-build/CMakeFiles/fst.dir/src/lib/weight.cc.o
2026-10-03T03:08:51.2465482Z [ 20%] Building CXX object _deps/piper_phonemize-build/CMakeFiles/piper_phonemize.dir/src/phonemize.cpp.o
2026-10-03T03:08:52.0465584Z [ 21%] Linking CXX static library ../../lib/libsherpa-onnx-fst.a
2026-10-03T03:08:52.1471753Z [ 21%] Built target fst
2026-10-03T03:08:52.1472409Z [ 21%] Building CXX object _deps/piper_phonemize-build/CMakeFiles/piper_phonemize.dir/src/phoneme_ids.cpp.o
2026-10-03T03:08:52.7465788Z [ 21%] Building CXX object _deps/piper_phonemize-build/CMakeFiles/piper_phonemize.dir/src/shared.cpp.o
2026-10-03T03:08:52.7466738Z [ 21%] Building CXX object _deps/openfst-build/CMakeFiles/fstfar.dir/src/extensions/far/far.cc.o
2026-10-03T03:08:53.5465964Z [ 21%] Building CXX object _deps/openfst-build/CMakeFiles/fstfar.dir/src/extensions/far/stlist.cc.o
2026-10-03T03:08:53.5466898Z [ 22%] Linking CXX static library ../../lib/libpiper_phonemize.a
2026-10-03T03:08:53.5467512Z [ 22%] Built target piper_phonemize
2026-10-03T03:08:53.5468068Z [ 22%] Building CXX object _deps/kaldifst-build/kaldifst/csrc/CMakeFiles/kaldifst_core.dir/context-fst.cc.o
2026-10-03T03:08:53.9465726Z [ 23%] Building CXX object _deps/openfst-build/CMakeFiles/fstfar.dir/src/extensions/far/sttable.cc.o
2026-10-03T03:08:54.4465141Z [ 23%] Linking CXX static library ../../lib/libsherpa-onnx-fstfar.a
2026-10-03T03:08:54.4476611Z [ 23%] Built target fstfar
2026-10-03T03:08:54.4478768Z [ 24%] Building CXX object _deps/kaldifst-build/kaldifst/csrc/CMakeFiles/kaldifst_core.dir/kaldi-fst-io.cc.o
2026-10-03T03:08:55.6465674Z [ 24%] Building CXX object _deps/kaldifst-build/kaldifst/csrc/CMakeFiles/kaldifst_core.dir/kaldi-holder.cc.o
2026-10-03T03:08:56.0465796Z [ 24%] Building CXX object _deps/kaldifst-build/kaldifst/csrc/CMakeFiles/kaldifst_core.dir/kaldi-io.cc.o
2026-10-03T03:08:56.7465650Z [ 25%] Building CXX object _deps/kaldifst-build/kaldifst/csrc/CMakeFiles/kaldifst_core.dir/kaldi-math.cc.o
2026-10-03T03:08:56.9465527Z [ 25%] Building CXX object _deps/kaldifst-build/kaldifst/csrc/CMakeFiles/kaldifst_core.dir/kaldi-semaphore.cc.o
2026-10-03T03:08:57.0465550Z [ 25%] Building CXX object _deps/kaldifst-build/kaldifst/csrc/CMakeFiles/kaldifst_core.dir/kaldi-table.cc.o
2026-10-03T03:08:57.3465508Z [ 26%] Building CXX object _deps/kaldifst-build/kaldifst/csrc/CMakeFiles/kaldifst_core.dir/parse-options.cc.o
2026-10-03T03:08:57.6465308Z [ 26%] Building CXX object _deps/kaldifst-build/kaldifst/csrc/CMakeFiles/kaldifst_core.dir/text-normalizer.cc.o
2026-10-03T03:08:57.6466095Z [ 26%] Building CXX object _deps/kaldifst-build/kaldifst/csrc/CMakeFiles/kaldifst_core.dir/text-utils.cc.o
2026-10-03T03:09:05.9465462Z [ 27%] Linking CXX static library ../../../../lib/libsherpa-onnx-kaldifst-core.a
2026-10-03T03:09:05.9466118Z [ 27%] Built target kaldifst_core
2026-10-03T03:09:05.9466754Z [ 27%] Building CXX object _deps/kaldi_decoder-build/kaldi-decoder/csrc/CMakeFiles/kaldi-decoder-core.dir/decodable-ctc.cc.o
2026-10-03T03:09:05.9469872Z [ 28%] Building CXX object _deps/kaldi_decoder-build/kaldi-decoder/csrc/CMakeFiles/kaldi-decoder-core.dir/eigen.cc.o
2026-10-03T03:09:06.6465590Z [ 28%] Building CXX object _deps/kaldi_decoder-build/kaldi-decoder/csrc/CMakeFiles/kaldi-decoder-core.dir/faster-decoder.cc.o
2026-10-03T03:09:06.9465473Z [ 28%] Building CXX object _deps/kaldi_decoder-build/kaldi-decoder/csrc/CMakeFiles/kaldi-decoder-core.dir/lattice-faster-decoder.cc.o
2026-10-03T03:09:07.7465596Z [ 29%] Building CXX object _deps/kaldi_decoder-build/kaldi-decoder/csrc/CMakeFiles/kaldi-decoder-core.dir/lattice-simple-decoder.cc.o
2026-10-03T03:09:08.4468398Z [ 29%] Building CXX object _deps/kaldi_decoder-build/kaldi-decoder/csrc/CMakeFiles/kaldi-decoder-core.dir/simple-decoder.cc.o
2026-10-03T03:09:14.0493386Z [ 29%] Linking CXX static library ../../../../lib/libkaldi-decoder-core.a
2026-10-03T03:09:14.0494201Z [ 29%] Built target kaldi-decoder-core
2026-10-03T03:09:14.0495113Z [ 29%] Building CXX object sherpa-onnx/csrc/CMakeFiles/sherpa-onnx-core.dir/base64-decode.cc.o
2026-10-03T03:09:14.0496015Z [ 29%] Building CXX object sherpa-onnx/csrc/CMakeFiles/sherpa-onnx-core.dir/bbpe.cc.o
2026-10-03T03:09:14.3465565Z [ 29%] Building CXX object sherpa-onnx/csrc/CMakeFiles/sherpa-onnx-core.dir/cat.cc.o
2026-10-03T03:09:14.7466172Z [ 30%] Building CXX object sherpa-onnx/csrc/CMakeFiles/sherpa-onnx-core.dir/circular-buffer.cc.o
2026-10-03T03:09:15.1465620Z [ 30%] Building CXX object sherpa-onnx/csrc/CMakeFiles/sherpa-onnx-core.dir/context-graph.cc.o
2026-10-03T03:09:15.3465478Z [ 30%] Building CXX object sherpa-onnx/csrc/CMakeFiles/sherpa-onnx-core.dir/endpoint.cc.o
2026-10-03T03:09:15.8465387Z [ 31%] Building CXX object sherpa-onnx/csrc/CMakeFiles/sherpa-onnx-core.dir/features.cc.o
2026-10-03T03:09:15.8466091Z [ 31%] Building CXX object sherpa-onnx/csrc/CMakeFiles/sherpa-onnx-core.dir/file-utils.cc.o
2026-10-03T03:09:16.2465289Z [ 31%] Building CXX object sherpa-onnx/csrc/CMakeFiles/sherpa-onnx-core.dir/fst-utils.cc.o
2026-10-03T03:09:16.5465385Z [ 32%] Building CXX object sherpa-onnx/csrc/CMakeFiles/sherpa-onnx-core.dir/homophone-replacer.cc.o
2026-10-03T03:09:18.0465341Z [ 32%] Building CXX object sherpa-onnx/csrc/CMakeFiles/sherpa-onnx-core.dir/hypothesis.cc.o
2026-10-03T03:09:18.9465302Z [ 32%] Building CXX object sherpa-onnx/csrc/CMakeFiles/sherpa-onnx-core.dir/keyword-spotter-impl.cc.o
2026-10-03T03:09:20.0465644Z [ 33%] Building CXX object sherpa-onnx/csrc/CMakeFiles/sherpa-onnx-core.dir/keyword-spotter.cc.o
2026-10-03T03:09:21.8465092Z [ 33%] Building CXX object sherpa-onnx/csrc/CMakeFiles/sherpa-onnx-core.dir/lfr.cc.o
2026-10-03T03:09:22.2465383Z [ 33%] Building CXX object sherpa-onnx/csrc/CMakeFiles/sherpa-onnx-core.dir/lodr-fst.cc.o
2026-10-03T03:09:23.4465550Z [ 33%] Building CXX object sherpa-onnx/csrc/CMakeFiles/sherpa-onnx-core.dir/math.cc.o
2026-10-03T03:09:25.4465442Z [ 34%] Building CXX object sherpa-onnx/csrc/CMakeFiles/sherpa-onnx-core.dir/normal-data-generator.cc.o
2026-10-03T03:09:25.6465550Z [ 34%] Building CXX object sherpa-onnx/csrc/CMakeFiles/sherpa-onnx-core.dir/offline-canary-model-config.cc.o
2026-10-03T03:09:25.9465476Z [ 34%] Building CXX object sherpa-onnx/csrc/CMakeFiles/sherpa-onnx-core.dir/offline-canary-model.cc.o
2026-10-03T03:09:26.1465731Z [ 35%] Building CXX object sherpa-onnx/csrc/CMakeFiles/sherpa-onnx-core.dir/offline-cohere-transcribe-greedy-search-decoder.cc.o
2026-10-03T03:09:27.2466066Z [ 35%] Building CXX object sherpa-onnx/csrc/CMakeFiles/sherpa-onnx-core.dir/offline-cohere-transcribe-model-config.cc.o
2026-10-03T03:09:27.5465919Z [ 35%] Building CXX object sherpa-onnx/csrc/CMakeFiles/sherpa-onnx-core.dir/offline-cohere-transcribe-model.cc.o
2026-10-03T03:09:27.9465543Z [ 36%] Building CXX object sherpa-onnx/csrc/CMakeFiles/sherpa-onnx-core.dir/offline-ctc-fst-decoder-config.cc.o
2026-10-03T03:09:28.5465772Z [ 36%] Building CXX object sherpa-onnx/csrc/CMakeFiles/sherpa-onnx-core.dir/offline-ctc-fst-decoder.cc.o
2026-10-03T03:09:29.2465439Z [ 36%] Building CXX object sherpa-onnx/csrc/CMakeFiles/sherpa-onnx-core.dir/offline-ctc-greedy-search-decoder.cc.o
2026-10-03T03:09:30.0465391Z [ 37%] Building CXX object sherpa-onnx/csrc/CMakeFiles/sherpa-onnx-core.dir/offline-ctc-model.cc.o
2026-10-03T03:09:31.0465561Z [ 37%] Building CXX object sherpa-onnx/csrc/CMakeFiles/sherpa-onnx-core.dir/offline-dolphin-model-config.cc.o
2026-10-03T03:09:31.5465451Z [ 37%] Building CXX object sherpa-onnx/csrc/CMakeFiles/sherpa-onnx-core.dir/offline-dolphin-model.cc.o
2026-10-03T03:09:31.5466293Z [ 37%] Building CXX object sherpa-onnx/csrc/CMakeFiles/sherpa-onnx-core.dir/offline-fire-red-asr-ctc-model-config.cc.o
2026-10-03T03:09:32.1465447Z [ 38%] Building CXX object sherpa-onnx/csrc/CMakeFiles/sherpa-onnx-core.dir/offline-fire-red-asr-ctc-model.cc.o
2026-10-03T03:09:33.1465701Z [ 38%] Building CXX object sherpa-onnx/csrc/CMakeFiles/sherpa-onnx-core.dir/offline-fire-red-asr-greedy-search-decoder.cc.o
2026-10-03T03:09:33.7465775Z [ 38%] Building CXX object sherpa-onnx/csrc/CMakeFiles/sherpa-onnx-core.dir/offline-fire-red-asr-model-config.cc.o
2026-10-03T03:09:34.1465591Z [ 39%] Building CXX object sherpa-onnx/csrc/CMakeFiles/sherpa-onnx-core.dir/offline-fire-red-asr-model.cc.o
2026-10-03T03:09:34.3465484Z [ 39%] Building CXX object sherpa-onnx/csrc/CMakeFiles/sherpa-onnx-core.dir/offline-lm-config.cc.o
2026-10-03T03:09:34.8465999Z [ 39%] Building CXX object sherpa-onnx/csrc/CMakeFiles/sherpa-onnx-core.dir/offline-lm.cc.o
2026-10-03T03:09:35.4465430Z [ 40%] Building CXX object sherpa-onnx/csrc/CMakeFiles/sherpa-onnx-core.dir/offline-medasr-ctc-model-config.cc.o
2026-10-03T03:09:35.9464789Z [ 40%] Building CXX object sherpa-onnx/csrc/CMakeFiles/sherpa-onnx-core.dir/offline-medasr-ctc-model.cc.o
2026-10-03T03:09:36.5465684Z [ 40%] Building CXX object sherpa-onnx/csrc/CMakeFiles/sherpa-onnx-core.dir/offline-model-config.cc.o
2026-10-03T03:09:37.1465573Z [ 41%] Building CXX object sherpa-onnx/csrc/CMakeFiles/sherpa-onnx-core.dir/offline-moonshine-greedy-search-decoder.cc.o
2026-10-03T03:09:37.2465188Z [ 41%] Building CXX object sherpa-onnx/csrc/CMakeFiles/sherpa-onnx-core.dir/offline-moonshine-model-config.cc.o
2026-10-03T03:09:37.8465548Z [ 41%] Building CXX object sherpa-onnx/csrc/CMakeFiles/sherpa-onnx-core.dir/offline-moonshine-model-v2.cc.o
2026-10-03T03:09:38.1465591Z [ 41%] Building CXX object sherpa-onnx/csrc/CMakeFiles/sherpa-onnx-core.dir/offline-moonshine-model.cc.o
2026-10-03T03:09:39.0465398Z [ 42%] Building CXX object sherpa-onnx/csrc/CMakeFiles/sherpa-onnx-core.dir/offline-moonshine-v2-greedy-search-decoder.cc.o
2026-10-03T03:09:39.2465971Z [ 42%] Building CXX object sherpa-onnx/csrc/CMakeFiles/sherpa-onnx-core.dir/offline-nemo-enc-dec-ctc-model-config.cc.o
2026-10-03T03:09:39.8465739Z [ 42%] Building CXX object sherpa-onnx/csrc/CMakeFiles/sherpa-onnx-core.dir/offline-nemo-enc-dec-ctc-model.cc.o
2026-10-03T03:09:40.0465797Z [ 43%] Building CXX object sherpa-onnx/csrc/CMakeFiles/sherpa-onnx-core.dir/offline-omnilingual-asr-ctc-model-config.cc.o
2026-10-03T03:09:40.5465610Z [ 43%] Building CXX object sherpa-onnx/csrc/CMakeFiles/sherpa-onnx-core.dir/offline-omnilingual-asr-ctc-model.cc.o
2026-10-03T03:09:41.0465803Z [ 43%] Building CXX object sherpa-onnx/csrc/CMakeFiles/sherpa-onnx-core.dir/offline-paraformer-greedy-search-decoder.cc.o
2026-10-03T03:09:41.8465635Z [ 44%] Building CXX object sherpa-onnx/csrc/CMakeFiles/sherpa-onnx-core.dir/offline-paraformer-model-config.cc.o
2026-10-03T03:09:42.2465930Z [ 44%] Building CXX object sherpa-onnx/csrc/CMakeFiles/sherpa-onnx-core.dir/offline-paraformer-model.cc.o
2026-10-03T03:09:42.5465820Z [ 44%] Building CXX object sherpa-onnx/csrc/CMakeFiles/sherpa-onnx-core.dir/offline-recognizer-impl.cc.o
2026-10-03T03:09:43.4470233Z [ 45%] Building CXX object sherpa-onnx/csrc/CMakeFiles/sherpa-onnx-core.dir/offline-recognizer.cc.o
2026-10-03T03:09:44.6465359Z [ 45%] Building CXX object sherpa-onnx/csrc/CMakeFiles/sherpa-onnx-core.dir/offline-rnn-lm.cc.o
2026-10-03T03:09:46.4465661Z [ 45%] Building CXX object sherpa-onnx/csrc/CMakeFiles/sherpa-onnx-core.dir/offline-sense-voice-model-config.cc.o
2026-10-03T03:09:47.0465704Z [ 45%] Building CXX object sherpa-onnx/csrc/CMakeFiles/sherpa-onnx-core.dir/offline-sense-voice-model.cc.o
2026-10-03T03:09:48.3465385Z [ 46%] Building CXX object sherpa-onnx/csrc/CMakeFiles/sherpa-onnx-core.dir/offline-source-separation-impl.cc.o
2026-10-03T03:09:50.6465377Z [ 46%] Building CXX object sherpa-onnx/csrc/CMakeFiles/sherpa-onnx-core.dir/offline-source-separation-model-config.cc.o
2026-10-03T03:09:50.6466606Z [ 46%] Building CXX object sherpa-onnx/csrc/CMakeFiles/sherpa-onnx-core.dir/offline-source-separation-spleeter-model-config.cc.o
2026-10-03T03:09:51.1465339Z [ 47%] Building CXX object sherpa-onnx/csrc/CMakeFiles/sherpa-onnx-core.dir/offline-source-separation-spleeter-model.cc.o
2026-10-03T03:09:51.1466794Z [ 47%] Building CXX object sherpa-onnx/csrc/CMakeFiles/sherpa-onnx-core.dir/offline-source-separation-uvr-model-config.cc.o
2026-10-03T03:09:51.7465352Z [ 47%] Building CXX object sherpa-onnx/csrc/CMakeFiles/sherpa-onnx-core.dir/offline-source-separation-uvr-model.cc.o
2026-10-03T03:09:52.1465340Z [ 48%] Building CXX object sherpa-onnx/csrc/CMakeFiles/sherpa-onnx-core.dir/offline-source-separation.cc.o
2026-10-03T03:09:52.6465524Z [ 48%] Building CXX object sherpa-onnx/csrc/CMakeFiles/sherpa-onnx-core.dir/offline-stream.cc.o
2026-10-03T03:09:52.7466034Z [ 48%] Building CXX object sherpa-onnx/csrc/CMakeFiles/sherpa-onnx-core.dir/offline-tdnn-ctc-model.cc.o
2026-10-03T03:09:53.8465225Z [ 49%] Building CXX object sherpa-onnx/csrc/CMakeFiles/sherpa-onnx-core.dir/offline-tdnn-model-config.cc.o
2026-10-03T03:09:54.2465419Z [ 49%] Building CXX object sherpa-onnx/csrc/CMakeFiles/sherpa-onnx-core.dir/offline-telespeech-ctc-model.cc.o
2026-10-03T03:09:54.3465834Z [ 49%] Building CXX object sherpa-onnx/csrc/CMakeFiles/sherpa-onnx-core.dir/offline-transducer-greedy-search-decoder.cc.o
2026-10-03T03:09:55.3465815Z [ 49%] Building CXX object sherpa-onnx/csrc/CMakeFiles/sherpa-onnx-core.dir/offline-transducer-greedy-search-nemo-decoder.cc.o
2026-10-03T03:09:56.1465666Z [ 50%] Building CXX object sherpa-onnx/csrc/CMakeFiles/sherpa-onnx-core.dir/offline-transducer-model-config.cc.o
2026-10-03T03:09:56.7465670Z [ 50%] Building CXX object sherpa-onnx/csrc/CMakeFiles/sherpa-onnx-core.dir/offline-transducer-model.cc.o
2026-10-03T03:09:56.8465528Z [ 50%] Building CXX object sherpa-onnx/csrc/CMakeFiles/sherpa-onnx-core.dir/offline-transducer-modified-beam-search-decoder.cc.o
2026-10-03T03:09:58.7466063Z [ 51%] Building CXX object sherpa-onnx/csrc/CMakeFiles/sherpa-onnx-core.dir/offline-transducer-modified-beam-search-nemo-decoder.cc.o
2026-10-03T03:09:59.4465661Z [ 51%] Building CXX object sherpa-onnx/csrc/CMakeFiles/sherpa-onnx-core.dir/offline-transducer-nemo-model.cc.o
2026-10-03T03:10:00.7465489Z [ 51%] Building CXX object sherpa-onnx/csrc/CMakeFiles/sherpa-onnx-core.dir/offline-wenet-ctc-model-config.cc.o
2026-10-03T03:10:01.2465152Z [ 52%] Building CXX object sherpa-onnx/csrc/CMakeFiles/sherpa-onnx-core.dir/offline-wenet-ctc-model.cc.o
2026-10-03T03:10:01.3465611Z [ 52%] Building CXX object sherpa-onnx/csrc/CMakeFiles/sherpa-onnx-core.dir/offline-whisper-dtw.cc.o
2026-10-03T03:10:02.0465474Z [ 52%] Building CXX object sherpa-onnx/csrc/CMakeFiles/sherpa-onnx-core.dir/offline-whisper-greedy-search-decoder.cc.o
2026-10-03T03:10:02.3465720Z [ 53%] Building CXX object sherpa-onnx/csrc/CMakeFiles/sherpa-onnx-core.dir/offline-whisper-model-config.cc.o
2026-10-03T03:10:03.4465397Z [ 53%] Building CXX object sherpa-onnx/csrc/CMakeFiles/sherpa-onnx-core.dir/offline-whisper-model.cc.o
2026-10-03T03:10:03.7465423Z [ 53%] Building CXX object sherpa-onnx/csrc/CMakeFiles/sherpa-onnx-core.dir/offline-whisper-timestamp-rules.cc.o
2026-10-03T03:10:04.5465743Z [ 53%] Building CXX object sherpa-onnx/csrc/CMakeFiles/sherpa-onnx-core.dir/offline-zipformer-ctc-model-config.cc.o
2026-10-03T03:10:05.1465423Z [ 54%] Building CXX object sherpa-onnx/csrc/CMakeFiles/sherpa-onnx-core.dir/offline-zipformer-ctc-model.cc.o
2026-10-03T03:10:05.4465869Z [ 54%] Building CXX object sherpa-onnx/csrc/CMakeFiles/sherpa-onnx-core.dir/online-conformer-transducer-model.cc.o
2026-10-03T03:10:06.2465549Z [ 54%] Building CXX object sherpa-onnx/csrc/CMakeFiles/sherpa-onnx-core.dir/online-ctc-fst-decoder-config.cc.o
2026-10-03T03:10:06.7465646Z [ 55%] Building CXX object sherpa-onnx/csrc/CMakeFiles/sherpa-onnx-core.dir/online-ctc-fst-decoder.cc.o
2026-10-03T03:10:07.3465592Z [ 55%] Building CXX object sherpa-onnx/csrc/CMakeFiles/sherpa-onnx-core.dir/online-ctc-greedy-search-decoder.cc.o
2026-10-03T03:10:08.5465452Z [ 55%] Building CXX object sherpa-onnx/csrc/CMakeFiles/sherpa-onnx-core.dir/online-ctc-model.cc.o
2026-10-03T03:10:09.2465085Z [ 56%] Building CXX object sherpa-onnx/csrc/CMakeFiles/sherpa-onnx-core.dir/online-ebranchformer-transducer-model.cc.o
2026-10-03T03:10:09.9465286Z [ 56%] Building CXX object sherpa-onnx/csrc/CMakeFiles/sherpa-onnx-core.dir/online-lm-config.cc.o
2026-10-03T03:10:10.4465212Z [ 56%] Building CXX object sherpa-onnx/csrc/CMakeFiles/sherpa-onnx-core.dir/online-lm.cc.o
2026-10-03T03:10:11.1465743Z [ 56%] Building CXX object sherpa-onnx/csrc/CMakeFiles/sherpa-onnx-core.dir/online-lstm-transducer-model.cc.o
2026-10-03T03:10:11.7465312Z [ 57%] Building CXX object sherpa-onnx/csrc/CMakeFiles/sherpa-onnx-core.dir/online-model-config.cc.o
2026-10-03T03:10:12.6466092Z [ 57%] Building CXX object sherpa-onnx/csrc/CMakeFiles/sherpa-onnx-core.dir/online-nemo-ctc-model-config.cc.o
2026-10-03T03:10:12.9465598Z [ 57%] Building CXX object sherpa-onnx/csrc/CMakeFiles/sherpa-onnx-core.dir/online-nemo-ctc-model.cc.o
2026-10-03T03:10:13.2465834Z [ 58%] Building CXX object sherpa-onnx/csrc/CMakeFiles/sherpa-onnx-core.dir/online-paraformer-model-config.cc.o
2026-10-03T03:10:13.7465422Z [ 58%] Building CXX object sherpa-onnx/csrc/CMakeFiles/sherpa-onnx-core.dir/online-paraformer-model.cc.o
2026-10-03T03:10:14.3465546Z [ 58%] Building CXX object sherpa-onnx/csrc/CMakeFiles/sherpa-onnx-core.dir/online-recognizer-impl.cc.o
2026-10-03T03:10:14.8465644Z [ 59%] Building CXX object sherpa-onnx/csrc/CMakeFiles/sherpa-onnx-core.dir/online-recognizer.cc.o
2026-10-03T03:10:16.7465805Z [ 59%] Building CXX object sherpa-onnx/csrc/CMakeFiles/sherpa-onnx-core.dir/online-rnn-lm.cc.o
2026-10-03T03:10:18.6465215Z [ 59%] Building CXX object sherpa-onnx/csrc/CMakeFiles/sherpa-onnx-core.dir/online-stream.cc.o
2026-10-03T03:10:20.8465494Z [ 60%] Building CXX object sherpa-onnx/csrc/CMakeFiles/sherpa-onnx-core.dir/online-t-one-ctc-model-config.cc.o
2026-10-03T03:10:21.3465395Z [ 60%] Building CXX object sherpa-onnx/csrc/CMakeFiles/sherpa-onnx-core.dir/online-t-one-ctc-model.cc.o
2026-10-03T03:10:21.3466186Z [ 60%] Building CXX object sherpa-onnx/csrc/CMakeFiles/sherpa-onnx-core.dir/online-transducer-decoder.cc.o
2026-10-03T03:10:22.4465389Z [ 60%] Building CXX object sherpa-onnx/csrc/CMakeFiles/sherpa-onnx-core.dir/online-transducer-greedy-search-decoder.cc.o
2026-10-03T03:10:23.0465513Z [ 61%] Building CXX object sherpa-onnx/csrc/CMakeFiles/sherpa-onnx-core.dir/online-transducer-greedy-search-nemo-parakeet-unified-decoder.cc.o
2026-10-03T03:10:24.1465406Z [ 61%] Building CXX object sherpa-onnx/csrc/CMakeFiles/sherpa-onnx-core.dir/online-transducer-greedy-search-nemo-decoder.cc.o
2026-10-03T03:10:24.8465243Z [ 61%] Building CXX object sherpa-onnx/csrc/CMakeFiles/sherpa-onnx-core.dir/online-transducer-model-config.cc.o
2026-10-03T03:10:25.5465642Z [ 62%] Building CXX object sherpa-onnx/csrc/CMakeFiles/sherpa-onnx-core.dir/online-transducer-model.cc.o
2026-10-03T03:10:25.9465567Z [ 62%] Building CXX object sherpa-onnx/csrc/CMakeFiles/sherpa-onnx-core.dir/online-transducer-modified-beam-search-decoder.cc.o
2026-10-03T03:10:27.1465375Z [ 62%] Building CXX object sherpa-onnx/csrc/CMakeFiles/sherpa-onnx-core.dir/online-transducer-nemo-parakeet-unified-model.cc.o
2026-10-03T03:10:28.2464753Z [ 63%] Building CXX object sherpa-onnx/csrc/CMakeFiles/sherpa-onnx-core.dir/online-transducer-nemo-model.cc.o
2026-10-03T03:10:28.2465813Z [ 63%] Building CXX object sherpa-onnx/csrc/CMakeFiles/sherpa-onnx-core.dir/online-wenet-ctc-model-config.cc.o
2026-10-03T03:10:28.7465526Z [ 63%] Building CXX object sherpa-onnx/csrc/CMakeFiles/sherpa-onnx-core.dir/online-wenet-ctc-model.cc.o
2026-10-03T03:10:29.7465204Z [ 64%] Building CXX object sherpa-onnx/csrc/CMakeFiles/sherpa-onnx-core.dir/online-zipformer-transducer-model.cc.o
2026-10-03T03:10:31.9465365Z [ 64%] Building CXX object sherpa-onnx/csrc/CMakeFiles/sherpa-onnx-core.dir/online-zipformer2-ctc-model-config.cc.o
2026-10-03T03:10:32.0465504Z [ 64%] Building CXX object sherpa-onnx/csrc/CMakeFiles/sherpa-onnx-core.dir/online-zipformer2-ctc-model.cc.o
2026-10-03T03:10:32.4465603Z [ 64%] Building CXX object sherpa-onnx/csrc/CMakeFiles/sherpa-onnx-core.dir/online-zipformer2-transducer-model.cc.o
2026-10-03T03:10:33.5465452Z [ 65%] Building CXX object sherpa-onnx/csrc/CMakeFiles/sherpa-onnx-core.dir/onnx-utils.cc.o
2026-10-03T03:10:34.6465340Z [ 65%] Building CXX object sherpa-onnx/csrc/CMakeFiles/sherpa-onnx-core.dir/packed-sequence.cc.o
2026-10-03T03:10:34.7465519Z [ 65%] Building CXX object sherpa-onnx/csrc/CMakeFiles/sherpa-onnx-core.dir/pad-sequence.cc.o
2026-10-03T03:10:35.4465489Z [ 66%] Building CXX object sherpa-onnx/csrc/CMakeFiles/sherpa-onnx-core.dir/parse-options.cc.o
2026-10-03T03:10:35.4466624Z [ 66%] Building CXX object sherpa-onnx/csrc/CMakeFiles/sherpa-onnx-core.dir/phrase-matcher.cc.o
2026-10-03T03:10:35.9465711Z [ 66%] Building CXX object sherpa-onnx/csrc/CMakeFiles/sherpa-onnx-core.dir/provider-config.cc.o
2026-10-03T03:10:36.8465529Z [ 67%] Building CXX object sherpa-onnx/csrc/CMakeFiles/sherpa-onnx-core.dir/provider.cc.o
2026-10-03T03:10:37.2465841Z [ 67%] Building CXX object sherpa-onnx/csrc/CMakeFiles/sherpa-onnx-core.dir/resample.cc.o
2026-10-03T03:10:37.5465193Z [ 67%] Building CXX object sherpa-onnx/csrc/CMakeFiles/sherpa-onnx-core.dir/session.cc.o
2026-10-03T03:10:37.7465897Z [ 68%] Building CXX object sherpa-onnx/csrc/CMakeFiles/sherpa-onnx-core.dir/silero-vad-model-config.cc.o
2026-10-03T03:10:38.2465457Z [ 68%] Building CXX object sherpa-onnx/csrc/CMakeFiles/sherpa-onnx-core.dir/silero-vad-model.cc.o
2026-10-03T03:10:38.9465502Z [ 68%] Building CXX object sherpa-onnx/csrc/CMakeFiles/sherpa-onnx-core.dir/slice.cc.o
2026-10-03T03:10:39.3465467Z [ 68%] Building CXX object sherpa-onnx/csrc/CMakeFiles/sherpa-onnx-core.dir/spoken-language-identification-impl.cc.o
2026-10-03T03:10:39.5465408Z [ 69%] Building CXX object sherpa-onnx/csrc/CMakeFiles/sherpa-onnx-core.dir/spoken-language-identification.cc.o
2026-10-03T03:10:40.0465217Z [ 69%] Building CXX object sherpa-onnx/csrc/CMakeFiles/sherpa-onnx-core.dir/stack.cc.o
2026-10-03T03:10:40.2465173Z [ 69%] Building CXX object sherpa-onnx/csrc/CMakeFiles/sherpa-onnx-core.dir/symbol-table.cc.o
2026-10-03T03:10:40.9465386Z [ 70%] Building CXX object sherpa-onnx/csrc/CMakeFiles/sherpa-onnx-core.dir/ten-vad-model-config.cc.o
2026-10-03T03:10:41.1465310Z [ 70%] Building CXX object sherpa-onnx/csrc/CMakeFiles/sherpa-onnx-core.dir/ten-vad-model.cc.o
2026-10-03T03:10:41.4465267Z [ 70%] Building CXX object sherpa-onnx/csrc/CMakeFiles/sherpa-onnx-core.dir/text-utils.cc.o
2026-10-03T03:10:43.0465415Z [ 71%] Building CXX object sherpa-onnx/csrc/CMakeFiles/sherpa-onnx-core.dir/timer.cc.o
2026-10-03T03:10:43.0466512Z [ 71%] Building CXX object sherpa-onnx/csrc/CMakeFiles/sherpa-onnx-core.dir/transducer-keyword-decoder.cc.o
2026-10-03T03:10:43.3465538Z [ 71%] Building CXX object sherpa-onnx/csrc/CMakeFiles/sherpa-onnx-core.dir/transpose.cc.o
2026-10-03T03:10:44.0465418Z [ 72%] Building CXX object sherpa-onnx/csrc/CMakeFiles/sherpa-onnx-core.dir/unbind.cc.o
2026-10-03T03:10:44.9465390Z [ 72%] Building CXX object sherpa-onnx/csrc/CMakeFiles/sherpa-onnx-core.dir/utils.cc.o
2026-10-03T03:10:45.4465364Z [ 72%] Building CXX object sherpa-onnx/csrc/CMakeFiles/sherpa-onnx-core.dir/vad-model-config.cc.o
2026-10-03T03:10:45.7465166Z [ 72%] Building CXX object sherpa-onnx/csrc/CMakeFiles/sherpa-onnx-core.dir/vad-model.cc.o
2026-10-03T03:10:45.9465261Z [ 73%] Building CXX object sherpa-onnx/csrc/CMakeFiles/sherpa-onnx-core.dir/version.cc.o
2026-10-03T03:10:45.9466249Z [ 73%] Building CXX object sherpa-onnx/csrc/CMakeFiles/sherpa-onnx-core.dir/voice-activity-detector.cc.o
2026-10-03T03:10:46.2465422Z [ 73%] Building CXX object sherpa-onnx/csrc/CMakeFiles/sherpa-onnx-core.dir/wave-reader.cc.o
2026-10-03T03:10:46.7465320Z [ 74%] Building CXX object sherpa-onnx/csrc/CMakeFiles/sherpa-onnx-core.dir/wave-writer.cc.o
2026-10-03T03:10:46.8466021Z [ 74%] Building CXX object sherpa-onnx/csrc/CMakeFiles/sherpa-onnx-core.dir/speaker-embedding-extractor-impl.cc.o
2026-10-03T03:10:47.1465337Z [ 74%] Building CXX object sherpa-onnx/csrc/CMakeFiles/sherpa-onnx-core.dir/speaker-embedding-extractor-model.cc.o
2026-10-03T03:10:49.0465623Z [ 75%] Building CXX object sherpa-onnx/csrc/CMakeFiles/sherpa-onnx-core.dir/speaker-embedding-extractor-nemo-model.cc.o
2026-10-03T03:10:49.2475062Z [ 75%] Building CXX object sherpa-onnx/csrc/CMakeFiles/sherpa-onnx-core.dir/speaker-embedding-extractor.cc.o
2026-10-03T03:10:50.9465374Z [ 75%] Building CXX object sherpa-onnx/csrc/CMakeFiles/sherpa-onnx-core.dir/speaker-embedding-manager.cc.o
2026-10-03T03:10:51.0465158Z [ 76%] Building CXX object sherpa-onnx/csrc/CMakeFiles/sherpa-onnx-core.dir/audio-tagging-impl.cc.o
2026-10-03T03:10:52.3465598Z [ 76%] Building CXX object sherpa-onnx/csrc/CMakeFiles/sherpa-onnx-core.dir/audio-tagging-label-file.cc.o
2026-10-03T03:10:52.9465922Z [ 76%] Building CXX object sherpa-onnx/csrc/CMakeFiles/sherpa-onnx-core.dir/audio-tagging-model-config.cc.o
2026-10-03T03:10:53.3465131Z [ 76%] Building CXX object sherpa-onnx/csrc/CMakeFiles/sherpa-onnx-core.dir/audio-tagging.cc.o
2026-10-03T03:10:53.4465636Z [ 77%] Building CXX object sherpa-onnx/csrc/CMakeFiles/sherpa-onnx-core.dir/offline-ced-model.cc.o
2026-10-03T03:10:53.9465537Z [ 77%] Building CXX object sherpa-onnx/csrc/CMakeFiles/sherpa-onnx-core.dir/offline-zipformer-audio-tagging-model-config.cc.o
2026-10-03T03:10:54.4465395Z [ 77%] Building CXX object sherpa-onnx/csrc/CMakeFiles/sherpa-onnx-core.dir/offline-zipformer-audio-tagging-model.cc.o
2026-10-03T03:10:54.4466142Z [ 78%] Building CXX object sherpa-onnx/csrc/CMakeFiles/sherpa-onnx-core.dir/qnn-config.cc.o
2026-10-03T03:10:54.9465371Z [ 78%] Building CXX object sherpa-onnx/csrc/CMakeFiles/sherpa-onnx-core.dir/offline-ct-transformer-model.cc.o
2026-10-03T03:10:55.3465320Z [ 78%] Building CXX object sherpa-onnx/csrc/CMakeFiles/sherpa-onnx-core.dir/offline-punctuation-impl.cc.o
2026-10-03T03:10:56.0466166Z [ 79%] Building CXX object sherpa-onnx/csrc/CMakeFiles/sherpa-onnx-core.dir/offline-punctuation-model-config.cc.o
2026-10-03T03:10:56.5465386Z [ 79%] Building CXX object sherpa-onnx/csrc/CMakeFiles/sherpa-onnx-core.dir/offline-punctuation.cc.o
2026-10-03T03:10:56.8465522Z [ 79%] Building CXX object sherpa-onnx/csrc/CMakeFiles/sherpa-onnx-core.dir/online-cnn-bilstm-model.cc.o
2026-10-03T03:10:57.0465417Z [ 79%] Building CXX object sherpa-onnx/csrc/CMakeFiles/sherpa-onnx-core.dir/online-punctuation-impl.cc.o
2026-10-03T03:10:57.8465207Z [ 80%] Building CXX object sherpa-onnx/csrc/CMakeFiles/sherpa-onnx-core.dir/online-punctuation-model-config.cc.o
2026-10-03T03:10:58.3465435Z [ 80%] Building CXX object sherpa-onnx/csrc/CMakeFiles/sherpa-onnx-core.dir/online-punctuation.cc.o
2026-10-03T03:10:58.7471848Z [ 80%] Building CXX object sherpa-onnx/csrc/CMakeFiles/sherpa-onnx-core.dir/tashkeel-tokenizer.cc.o
2026-10-03T03:10:58.8469290Z [ 81%] Building CXX object sherpa-onnx/csrc/CMakeFiles/sherpa-onnx-core.dir/offline-catt-model.cc.o
2026-10-03T03:10:59.9465623Z [ 81%] Building CXX object sherpa-onnx/csrc/CMakeFiles/sherpa-onnx-core.dir/offline-diacritization-model-config.cc.o
2026-10-03T03:11:00.3465687Z [ 81%] Building CXX object sherpa-onnx/csrc/CMakeFiles/sherpa-onnx-core.dir/offline-diacritization.cc.o
2026-10-03T03:11:00.4465468Z [ 82%] Building CXX object sherpa-onnx/csrc/CMakeFiles/sherpa-onnx-core.dir/offline-diacritization-impl.cc.o
2026-10-03T03:11:00.7465323Z [ 82%] Building CXX object sherpa-onnx/csrc/CMakeFiles/sherpa-onnx-core.dir/offline-funasr-nano-model-config.cc.o
2026-10-03T03:11:01.3465537Z [ 82%] Building CXX object sherpa-onnx/csrc/CMakeFiles/sherpa-onnx-core.dir/offline-funasr-nano-model.cc.o
2026-10-03T03:11:01.3466503Z [ 83%] Building CXX object sherpa-onnx/csrc/CMakeFiles/sherpa-onnx-core.dir/offline-recognizer-funasr-nano-impl.cc.o
2026-10-03T03:11:03.1465255Z [ 83%] Building CXX object sherpa-onnx/csrc/CMakeFiles/sherpa-onnx-core.dir/funasr-nano-tokenizer.cc.o
2026-10-03T03:11:03.7465204Z [ 83%] Building CXX object sherpa-onnx/csrc/CMakeFiles/sherpa-onnx-core.dir/offline-qwen3-asr-model-config.cc.o
2026-10-03T03:11:04.3465505Z [ 83%] Building CXX object sherpa-onnx/csrc/CMakeFiles/sherpa-onnx-core.dir/offline-qwen3-asr-model.cc.o
2026-10-03T03:11:05.4465274Z [ 84%] Building CXX object sherpa-onnx/csrc/CMakeFiles/sherpa-onnx-core.dir/offline-recognizer-qwen3-asr-impl.cc.o
2026-10-03T03:11:05.9465235Z [ 84%] Building CXX object sherpa-onnx/csrc/CMakeFiles/sherpa-onnx-core.dir/qwen-asr-tokenizer.cc.o
2026-10-03T03:11:08.2465750Z [ 84%] Building CXX object sherpa-onnx/csrc/CMakeFiles/sherpa-onnx-core.dir/character-lexicon.cc.o
2026-10-03T03:11:09.5465333Z [ 85%] Building CXX object sherpa-onnx/csrc/CMakeFiles/sherpa-onnx-core.dir/hifigan-vocoder.cc.o
2026-10-03T03:11:10.5465488Z [ 85%] Building CXX object sherpa-onnx/csrc/CMakeFiles/sherpa-onnx-core.dir/kokoro-multi-lang-lexicon.cc.o
2026-10-03T03:11:11.5465872Z [ 85%] Building CXX object sherpa-onnx/csrc/CMakeFiles/sherpa-onnx-core.dir/lexicon.cc.o
2026-10-03T03:11:12.7465539Z [ 86%] Building CXX object sherpa-onnx/csrc/CMakeFiles/sherpa-onnx-core.dir/matcha-tts-lexicon.cc.o
2026-10-03T03:11:16.8465212Z [ 86%] Building CXX object sherpa-onnx/csrc/CMakeFiles/sherpa-onnx-core.dir/melo-tts-lexicon.cc.o
2026-10-03T03:11:17.0465397Z [ 86%] Building CXX object sherpa-onnx/csrc/CMakeFiles/sherpa-onnx-core.dir/offline-tts-character-frontend.cc.o
2026-10-03T03:11:17.8465587Z [ 87%] Building CXX object sherpa-onnx/csrc/CMakeFiles/sherpa-onnx-core.dir/offline-tts-frontend.cc.o
2026-10-03T03:11:18.1465586Z [ 87%] Building CXX object sherpa-onnx/csrc/CMakeFiles/sherpa-onnx-core.dir/offline-tts-impl.cc.o
2026-10-03T03:11:19.9465378Z [ 87%] Building CXX object sherpa-onnx/csrc/CMakeFiles/sherpa-onnx-core.dir/offline-tts-kitten-model-config.cc.o
2026-10-03T03:11:20.4465421Z [ 87%] Building CXX object sherpa-onnx/csrc/CMakeFiles/sherpa-onnx-core.dir/offline-tts-kitten-model.cc.o
2026-10-03T03:11:21.6465463Z [ 88%] Building CXX object sherpa-onnx/csrc/CMakeFiles/sherpa-onnx-core.dir/offline-tts-kokoro-model-config.cc.o
2026-10-03T03:11:22.2465277Z [ 88%] Building CXX object sherpa-onnx/csrc/CMakeFiles/sherpa-onnx-core.dir/offline-tts-kokoro-model.cc.o
2026-10-03T03:11:23.3465129Z [ 88%] Building CXX object sherpa-onnx/csrc/CMakeFiles/sherpa-onnx-core.dir/offline-tts-matcha-model-config.cc.o
2026-10-03T03:11:23.5465335Z [ 89%] Building CXX object sherpa-onnx/csrc/CMakeFiles/sherpa-onnx-core.dir/offline-tts-matcha-model.cc.o
2026-10-03T03:11:23.9465615Z [ 89%] Building CXX object sherpa-onnx/csrc/CMakeFiles/sherpa-onnx-core.dir/offline-tts-model-config.cc.o
2026-10-03T03:11:24.3465091Z [ 89%] Building CXX object sherpa-onnx/csrc/CMakeFiles/sherpa-onnx-core.dir/offline-tts-pocket-model-config.cc.o
2026-10-03T03:11:24.6465300Z [ 90%] Building CXX object sherpa-onnx/csrc/CMakeFiles/sherpa-onnx-core.dir/offline-tts-pocket-model.cc.o
2026-10-03T03:11:24.9465789Z [ 90%] Building CXX object sherpa-onnx/csrc/CMakeFiles/sherpa-onnx-core.dir/offline-tts-supertonic-impl.cc.o
2026-10-03T03:11:25.8465495Z [ 90%] Building CXX object sherpa-onnx/csrc/CMakeFiles/sherpa-onnx-core.dir/offline-tts-supertonic-model-config.cc.o
2026-10-03T03:11:26.3465565Z [ 91%] Building CXX object sherpa-onnx/csrc/CMakeFiles/sherpa-onnx-core.dir/offline-tts-supertonic-model.cc.o
2026-10-03T03:11:26.4465537Z [ 91%] Building CXX object sherpa-onnx/csrc/CMakeFiles/sherpa-onnx-core.dir/offline-tts-supertonic-unicode-processor.cc.o
2026-10-03T03:11:27.0465364Z [ 91%] Building CXX object sherpa-onnx/csrc/CMakeFiles/sherpa-onnx-core.dir/offline-tts-vits-model-config.cc.o
2026-10-03T03:11:27.6465304Z [ 91%] Building CXX object sherpa-onnx/csrc/CMakeFiles/sherpa-onnx-core.dir/offline-tts-vits-model.cc.o
2026-10-03T03:11:28.9465400Z [ 92%] Building CXX object sherpa-onnx/csrc/CMakeFiles/sherpa-onnx-core.dir/offline-tts-zipvoice-model-config.cc.o
2026-10-03T03:11:29.2471944Z [ 92%] Building CXX object sherpa-onnx/csrc/CMakeFiles/sherpa-onnx-core.dir/offline-tts-zipvoice-model.cc.o
2026-10-03T03:11:29.5465149Z [ 92%] Building CXX object sherpa-onnx/csrc/CMakeFiles/sherpa-onnx-core.dir/offline-tts.cc.o
2026-10-03T03:11:30.4465056Z [ 93%] Building CXX object sherpa-onnx/csrc/CMakeFiles/sherpa-onnx-core.dir/piper-phonemize-lexicon.cc.o
2026-10-03T03:11:30.5466706Z [ 93%] Building CXX object sherpa-onnx/csrc/CMakeFiles/sherpa-onnx-core.dir/sentence-piece-tokenizer.cc.o
2026-10-03T03:11:32.7465663Z [ 93%] Building CXX object sherpa-onnx/csrc/CMakeFiles/sherpa-onnx-core.dir/vocoder.cc.o
2026-10-03T03:11:33.6465312Z [ 94%] Building CXX object sherpa-onnx/csrc/CMakeFiles/sherpa-onnx-core.dir/vocos-vocoder.cc.o
2026-10-03T03:11:33.6466115Z [ 94%] Building CXX object sherpa-onnx/csrc/CMakeFiles/sherpa-onnx-core.dir/offline-speech-denoiser-dpdfnet-model-config.cc.o
2026-10-03T03:11:34.2473729Z [ 94%] Building CXX object sherpa-onnx/csrc/CMakeFiles/sherpa-onnx-core.dir/offline-speech-denoiser-dpdfnet-model.cc.o
2026-10-03T03:11:34.8465754Z [ 95%] Building CXX object sherpa-onnx/csrc/CMakeFiles/sherpa-onnx-core.dir/offline-speech-denoiser-gtcrn-model-config.cc.o
2026-10-03T03:11:35.2465346Z [ 95%] Building CXX object sherpa-onnx/csrc/CMakeFiles/sherpa-onnx-core.dir/offline-speech-denoiser-gtcrn-model.cc.o
2026-10-03T03:11:35.4465524Z [ 95%] Building CXX object sherpa-onnx/csrc/CMakeFiles/sherpa-onnx-core.dir/offline-speech-denoiser-impl.cc.o
2026-10-03T03:11:36.4465714Z [ 95%] Building CXX object sherpa-onnx/csrc/CMakeFiles/sherpa-onnx-core.dir/offline-speech-denoiser-model-config.cc.o
2026-10-03T03:11:36.8465331Z [ 96%] Building CXX object sherpa-onnx/csrc/CMakeFiles/sherpa-onnx-core.dir/offline-speech-denoiser.cc.o
2026-10-03T03:11:36.9465339Z [ 96%] Building CXX object sherpa-onnx/csrc/CMakeFiles/sherpa-onnx-core.dir/online-speech-denoiser-impl.cc.o
2026-10-03T03:11:37.3465622Z [ 96%] Building CXX object sherpa-onnx/csrc/CMakeFiles/sherpa-onnx-core.dir/online-speech-denoiser.cc.o
2026-10-03T03:11:38.4464844Z [ 97%] Linking CXX static library ../../lib/libsherpa-onnx-core.a
2026-10-03T03:11:38.5464877Z [ 97%] Built target sherpa-onnx-core
2026-10-03T03:11:38.6465239Z [ 97%] Building CXX object sherpa-onnx/jni/CMakeFiles/sherpa-onnx-jni.dir/common.cc.o
2026-10-03T03:11:38.6465912Z [ 97%] Building CXX object sherpa-onnx/jni/CMakeFiles/sherpa-onnx-jni.dir/jni.cc.o
2026-10-03T03:11:38.9466671Z [ 98%] Building CXX object sherpa-onnx/jni/CMakeFiles/sherpa-onnx-jni.dir/offline-recognizer.cc.o
2026-10-03T03:11:39.2465101Z [ 98%] Building CXX object sherpa-onnx/jni/CMakeFiles/sherpa-onnx-jni.dir/offline-stream.cc.o
2026-10-03T03:11:39.7465720Z [ 98%] Building CXX object sherpa-onnx/jni/CMakeFiles/sherpa-onnx-jni.dir/online-stream.cc.o
2026-10-03T03:11:40.1465412Z [ 99%] Building CXX object sherpa-onnx/jni/CMakeFiles/sherpa-onnx-jni.dir/speaker-embedding-extractor.cc.o
2026-10-03T03:11:41.3464966Z [ 99%] Building CXX object sherpa-onnx/jni/CMakeFiles/sherpa-onnx-jni.dir/version.cc.o
2026-10-03T03:11:41.7465391Z [ 99%] Building CXX object sherpa-onnx/jni/CMakeFiles/sherpa-onnx-jni.dir/voice-activity-detector.cc.o
2026-10-03T03:11:41.7466332Z [ 99%] Building CXX object sherpa-onnx/jni/CMakeFiles/sherpa-onnx-jni.dir/offline-tts.cc.o
2026-10-03T03:11:42.7474069Z [100%] Linking CXX shared library ../../lib/libsherpa-onnx-jni.so
2026-10-03T03:11:42.8464259Z [100%] Built target sherpa-onnx-jni
2026-10-03T03:11:42.8464633Z Upstream Sherpa ready: /home/runner/work/Jarvis-OS-V2/Jarvis-OS-V2/app/build/sherpa-native
2026-10-03T03:11:43.0464675Z 
2026-10-03T03:11:43.0464980Z > Task :app:preBuild
2026-10-03T03:11:43.0465213Z > Task :app:preReleaseBuild
2026-10-03T03:11:43.0465409Z > Task :app:generateReleaseBuildConfig
2026-10-03T03:11:57.8481856Z > Task :app:generateReleaseResValues
2026-10-03T03:11:57.8482698Z > Task :app:checkReleaseAarMetadata
2026-10-03T03:11:57.9466573Z > Task :app:mapReleaseSourceSetPaths
2026-10-03T03:11:57.9481731Z > Task :app:generateReleaseResources
2026-10-03T03:11:59.0493163Z > Task :app:packageReleaseResources
2026-10-03T03:11:59.1464892Z > Task :app:mergeReleaseResources
2026-10-03T03:11:59.3477778Z > Task :app:createReleaseCompatibleScreenManifests
2026-10-03T03:11:59.3518508Z > Task :app:extractDeepLinksRelease
2026-10-03T03:11:59.4471920Z > Task :app:parseReleaseLocalResources
2026-10-03T03:11:59.6496660Z > Task :app:processReleaseMainManifest
2026-10-03T03:11:59.6512935Z > Task :app:processReleaseManifest
2026-10-03T03:11:59.6514627Z > Task :app:processReleaseManifestForPackage
2026-10-03T03:11:59.6515338Z > Task :app:javaPreCompileRelease
2026-10-03T03:11:59.8465440Z > Task :app:preReleaseUnitTestBuild
2026-10-03T03:11:59.8521722Z > Task :app:javaPreCompileReleaseUnitTest
2026-10-03T03:11:59.8536376Z > Task :app:extractProguardFiles
2026-10-03T03:12:00.0471709Z > Task :app:processReleaseResources
2026-10-03T03:12:01.8464389Z 
2026-10-03T03:12:01.8464985Z > Task :app:configureCMakeRelWithDebInfo[arm64-v8a]
2026-10-03T03:12:01.8465487Z Checking the license for package CMake 3.22.1 in /usr/local/lib/android/sdk/licenses
2026-10-03T03:12:01.8465935Z License for package CMake 3.22.1 accepted.
2026-10-03T03:12:01.8466474Z Preparing "Install CMake 3.22.1 v.3.22.1".
2026-10-03T03:12:01.8466762Z "Install CMake 3.22.1 v.3.22.1" ready.
2026-10-03T03:12:01.8467111Z Installing CMake 3.22.1 in /usr/local/lib/android/sdk/cmake/3.22.1
2026-10-03T03:12:01.8467454Z "Install CMake 3.22.1 v.3.22.1" complete.
2026-10-03T03:12:01.8467738Z "Install CMake 3.22.1 v.3.22.1" finished.
2026-10-03T03:12:35.4480933Z 
2026-10-03T03:12:35.4571507Z > Task :app:compileReleaseKotlin
2026-10-03T03:12:41.7471675Z > Task :app:buildCMakeRelWithDebInfo[arm64-v8a]
2026-10-03T03:12:55.6466081Z > Task :app:mergeReleaseJniLibFolders
2026-10-03T03:12:56.9465227Z > Task :app:mergeReleaseNativeLibs
2026-10-03T03:12:57.0491602Z > Task :app:checkReleaseDuplicateClasses
2026-10-03T03:12:57.2477891Z > Task :app:mergeReleaseStartupProfile
2026-10-03T03:12:57.2478776Z > Task :app:mergeReleaseArtProfile
2026-10-03T03:12:57.2501300Z > Task :app:mergeReleaseShaders
2026-10-03T03:12:57.2526708Z > Task :app:compileReleaseShaders NO-SOURCE
2026-10-03T03:12:57.2551071Z > Task :app:generateReleaseAssets UP-TO-DATE
2026-10-03T03:12:57.3505447Z > Task :app:stripReleaseDebugSymbols
2026-10-03T03:12:57.5468661Z > Task :app:mergeReleaseAssets
2026-10-03T03:12:58.0466069Z > Task :app:compressReleaseAssets
2026-10-03T03:12:58.1481990Z > Task :app:extractReleaseVersionControlInfo
2026-10-03T03:12:58.1510315Z > Task :app:extractReleaseNativeSymbolTables
2026-10-03T03:12:58.2521528Z > Task :app:collectReleaseDependencies
2026-10-03T03:12:58.2541139Z > Task :app:convertLinkedResourcesToProtoRelease
2026-10-03T03:12:58.4465045Z > Task :app:sdkReleaseDependencyData
2026-10-03T03:12:58.5465432Z > Task :app:validateSigningRelease
2026-10-03T03:12:58.5467835Z > Task :app:writeReleaseAppMetadata
2026-10-03T03:12:58.5468254Z > Task :app:writeReleaseSigningConfigVersions
2026-10-03T03:12:58.5468674Z > Task :app:preReleaseAndroidTestBuild SKIPPED
2026-10-03T03:12:58.6477432Z e: file:///home/runner/work/Jarvis-OS-V2/Jarvis-OS-V2/app/src/main/java/com/battlesbudz/jarvis/v2/memory/SQLiteMemoryStore.kt:88:115 Type argument for reified type parameter 'T' was inferred to the intersection of ['Comparable<*>' & 'Serializable']. Reification of an intersection type results in the common supertype being used. This may lead to subtle issues and an explicit type argument is encouraged.
2026-10-03T03:12:58.6478776Z 
2026-10-03T03:12:58.6482377Z e: file:///home/runner/work/Jarvis-OS-V2/Jarvis-OS-V2/app/src/main/java/com/battlesbudz/jarvis/v2/memory/SQLiteMemoryStore.kt:147:114 Type argument for reified type parameter 'T' was inferred to the intersection of ['Comparable<*>' & 'Serializable']. Reification of an intersection type results in the common supertype being used. This may lead to subtle issues and an explicit type argument is encouraged.
2026-10-03T03:12:58.6483732Z > Task :app:compileReleaseKotlin FAILED
2026-10-03T03:12:58.6485318Z e: file:///home/runner/work/Jarvis-OS-V2/Jarvis-OS-V2/app/src/main/java/com/battlesbudz/jarvis/v2/memory/SQLiteMemoryStore.kt:148:120 Type argument for reified type parameter 'T' was inferred to the intersection of ['Comparable<*>' & 'Serializable']. Reification of an intersection type results in the common supertype being used. This may lead to subtle issues and an explicit type argument is encouraged.
2026-10-03T03:12:58.6487879Z e: file:///home/runner/work/Jarvis-OS-V2/Jarvis-OS-V2/app/src/main/java/com/battlesbudz/jarvis/v2/memory/SQLiteMemoryStore.kt:178:133 Type argument for reified type parameter 'T' was inferred to the intersection of ['Comparable<*>' & 'Serializable']. Reification of an intersection type results in the common supertype being used. This may lead to subtle issues and an explicit type argument is encouraged.
2026-10-03T03:12:58.6490785Z e: file:///home/runner/work/Jarvis-OS-V2/Jarvis-OS-V2/app/src/main/java/com/battlesbudz/jarvis/v2/memory/SQLiteMemoryStore.kt:211:256 Type argument for reified type parameter 'T' was inferred to the intersection of ['Comparable<*>' & 'Serializable']. Reification of an intersection type results in the common supertype being used. This may lead to subtle issues and an explicit type argument is encouraged.
2026-10-03T03:12:59.8464380Z 
2026-10-03T03:12:59.8465362Z > Task :app:processReleaseAndroidTestManifest
2026-10-03T03:13:00.7466802Z > Task :app:mergeReleaseNativeDebugMetadata
2026-10-03T03:13:00.7469261Z gradle/actions: Writing build results to /home/runner/work/_temp/.gradle-actions/build-results/__run_5-1790996859877.json
2026-10-03T03:13:00.8471050Z 
2026-10-03T03:13:00.8471669Z 43 actionable tasks: 43 executed
2026-10-03T03:13:00.8472235Z FAILURE: Build failed with an exception.
2026-10-03T03:13:00.8472526Z 
2026-10-03T03:13:00.8472895Z * What went wrong:
2026-10-03T03:13:00.8473389Z Execution failed for task ':app:compileReleaseKotlin'.
2026-10-03T03:13:00.8474306Z > A failure occurred while executing org.jetbrains.kotlin.compilerRunner.GradleCompilerRunnerWithWorkers$GradleKotlinCompilerWorkAction
2026-10-03T03:13:00.8477966Z    > Compilation error. See log for more details
2026-10-03T03:13:00.8541563Z 
2026-10-03T03:13:00.8553768Z * Try:
2026-10-03T03:13:00.8592984Z > Run with --stacktrace option to get the stack trace.
2026-10-03T03:13:00.8631093Z > Run with --info or --debug option to get more log output.
2026-10-03T03:13:00.8671250Z > Run with --scan to get full insights.
2026-10-03T03:13:00.8691308Z > Get more help at https://help.gradle.org.
2026-10-03T03:13:00.8692546Z 
2026-10-03T03:13:00.8692801Z BUILD FAILED in 5m 24s
2026-10-03T03:13:01.1917052Z ##[error]Process completed with exit code 1.
2026-10-03T03:13:01.1953534Z ##[group]Run actions/upload-artifact@v4
2026-10-03T03:13:01.1953705Z with:
2026-10-03T03:13:01.1953956Z   name: ***-unit-tests
2026-10-03T03:13:01.1954230Z   path: app/build/test-results/testReleaseUnitTest/
app/build/reports/tests/testReleaseUnitTest/

2026-10-03T03:13:01.1954502Z   if-no-files-found: warn
2026-10-03T03:13:01.1954650Z   compression-level: 6
2026-10-03T03:13:01.1954787Z   overwrite: false
2026-10-03T03:13:01.1954939Z   include-hidden-files: false
2026-10-03T03:13:01.1955090Z env:
2026-10-03T03:13:01.1955270Z   JAVA_HOME: /opt/hostedtoolcache/Java_Temurin-Hotspot_jdk/21.0.12-1/x64
2026-10-03T03:13:01.1955550Z   JAVA_HOME_21_X64: /opt/hostedtoolcache/Java_Temurin-Hotspot_jdk/21.0.12-1/x64
2026-10-03T03:13:01.1955789Z   GRADLE_ACTION_ID: gradle/actions/setup-gradle
2026-10-03T03:13:01.1955971Z   GRADLE_USER_HOME: /home/runner/.gradle
2026-10-03T03:13:01.1956145Z   GRADLE_BUILD_ACTION_SETUP_COMPLETED: true
2026-10-03T03:13:01.1956344Z   GRADLE_BUILD_ACTION_CACHE_RESTORED: true
2026-10-03T03:13:01.1956596Z   DEVELOCITY_INJECTION_INIT_SCRIPT_NAME: gradle-actions.inject-develocity.init.gradle
2026-10-03T03:13:01.1956864Z   DEVELOCITY_INJECTION_CUSTOM_VALUE: gradle-actions
2026-10-03T03:13:01.1957049Z   GITHUB_DEPENDENCY_GRAPH_ENABLED: false
2026-10-03T03:13:01.1957209Z ##[endgroup]
2026-10-03T03:13:01.2988794Z (node:6512) [DEP0040] DeprecationWarning: The `punycode` module is deprecated. Please use a userland alternative instead.
2026-10-03T03:13:01.2989437Z (Use `node --trace-deprecation ...` to show where the warning was created)
2026-10-03T03:13:01.3021114Z Multiple search paths detected. Calculating the least common ancestor of all paths
2026-10-03T03:13:01.3031333Z The least common ancestor is /home/runner/work/Jarvis-OS-V2/Jarvis-OS-V2/app/build. This will be the root directory of the artifact
2026-10-03T03:13:01.3051415Z ##[warning]No files were found with the provided path: app/build/test-results/testReleaseUnitTest/
app/build/reports/tests/testReleaseUnitTest/. No artifacts will be uploaded.
2026-10-03T03:13:01.3260034Z Post job cleanup.
2026-10-03T03:13:01.4780511Z In post-action step
2026-10-03T03:13:01.4785374Z Cache is read-only: will not save state for use in subsequent builds.
2026-10-03T03:13:01.4788778Z Generating Job Summary
2026-10-03T03:13:01.4800884Z Completed post-action step
2026-10-03T03:13:01.4956908Z Post job cleanup.
2026-10-03T03:13:01.5814848Z (node:6536) [DEP0040] DeprecationWarning: The `punycode` module is deprecated. Please use a userland alternative instead.
2026-10-03T03:13:01.5815561Z (Use `node --trace-deprecation ...` to show where the warning was created)
2026-10-03T03:13:01.5994902Z Post job cleanup.
2026-10-03T03:13:01.6691102Z [command]/usr/bin/git version
2026-10-03T03:13:01.6721111Z git version 2.55.0
2026-10-03T03:13:01.6745755Z Temporarily overriding HOME='/home/runner/work/_temp/73cf00f0-9b5a-4f2d-b3be-e4b8a5143ca9' before making global git config changes
2026-10-03T03:13:01.6746532Z Adding repository directory to the temporary git global config as a safe directory
2026-10-03T03:13:01.6748572Z [command]/usr/bin/git config --global --add safe.directory /home/runner/work/Jarvis-OS-V2/Jarvis-OS-V2
2026-10-03T03:13:01.6779519Z [command]/usr/bin/git config --local --name-only --get-regexp core\.sshCommand
2026-10-03T03:13:01.6811285Z [command]/usr/bin/git submodule foreach --recursive sh -c "git config --local --name-only --get-regexp 'core\.sshCommand' && git config --local --unset-all 'core.sshCommand' || :"
2026-10-03T03:13:01.7012556Z [command]/usr/bin/git config --local --name-only --get-regexp http\.https\:\/\/github\.com\/\.extraheader
2026-10-03T03:13:01.7029559Z http.https://github.com/.extraheader
2026-10-03T03:13:01.7044756Z [command]/usr/bin/git config --local --unset-all http.https://github.com/.extraheader
2026-10-03T03:13:01.7078133Z [command]/usr/bin/git submodule foreach --recursive sh -c "git config --local --name-only --get-regexp 'http\.https\:\/\/github\.com\/\.extraheader' && git config --local --unset-all 'http.https://github.com/.extraheader' || :"
2026-10-03T03:13:01.7275297Z [command]/usr/bin/git config --local --name-only --get-regexp ^includeIf\.gitdir:
2026-10-03T03:13:01.7305919Z [command]/usr/bin/git submodule foreach --recursive git config --local --show-origin --name-only --get-regexp remote.origin.url
2026-10-03T03:13:01.7599853Z Cleaning up orphan processes
2026-10-03T03:13:01.7808270Z Terminate orphan process: pid (6241) (java)
2026-10-03T03:13:01.7826271Z ##[warning]Node.js 20 is deprecated. The following actions target Node.js 20 but are being forced to run on Node.js 24: actions/cache@v4, actions/checkout@v4, actions/setup-java@v4, actions/upload-artifact@v4, gradle/actions/setup-gradle@v4. For more information see: https://github.blog/changelog/2025-09-19-deprecation-of-node-20-on-github-actions-runners/

