2026-10-02T21:59:32.4208331Z Current runner version: '2.337.0'
2026-10-02T21:59:32.4224504Z ##[group]Runner Image Provisioner
2026-10-02T21:59:32.4225192Z Hosted Compute Agent
2026-10-02T21:59:32.4225600Z Version: 20260901.588
2026-10-02T21:59:32.4226093Z Commit: f88ec8081b781fac6c440065ac7ff9e710ce3d0b
2026-10-02T21:59:32.4226657Z Build Date: 2026-09-01T19:56:44Z
2026-10-02T21:59:32.4227193Z Worker ID: {c63d54d3-ab63-4b3f-9447-c17f7ee1f793}
2026-10-02T21:59:32.4227930Z Azure Region: centralus
2026-10-02T21:59:32.4228391Z ##[endgroup]
2026-10-02T21:59:32.4229699Z ##[group]Operating System
2026-10-02T21:59:32.4230183Z Ubuntu
2026-10-02T21:59:32.4230614Z 24.04.5
2026-10-02T21:59:32.4230983Z LTS
2026-10-02T21:59:32.4231354Z ##[endgroup]
2026-10-02T21:59:32.4231767Z ##[group]Runner Image
2026-10-02T21:59:32.4232239Z Image: ubuntu-24.04
2026-10-02T21:59:32.4232679Z Version: 20260927.320.1
2026-10-02T21:59:32.4233653Z Included Software: https://github.com/actions/runner-images/blob/ubuntu24/20260927.320/images/ubuntu/Ubuntu2404-Readme.md
2026-10-02T21:59:32.4234997Z Image Release: https://github.com/actions/runner-images/releases/tag/ubuntu24%2F20260927.320
2026-10-02T21:59:32.4235784Z ##[endgroup]
2026-10-02T21:59:32.4236626Z ##[group]GITHUB_TOKEN Permissions
2026-10-02T21:59:32.4238409Z Contents: read
2026-10-02T21:59:32.4238884Z Metadata: read
2026-10-02T21:59:32.4239317Z ##[endgroup]
2026-10-02T21:59:32.4240720Z Secret source: Actions
2026-10-02T21:59:32.4241374Z Cache mode: write
2026-10-02T21:59:32.4241882Z Prepare workflow directory
2026-10-02T21:59:32.4502373Z Prepare all required actions
2026-10-02T21:59:32.4546925Z Getting action download info
2026-10-02T21:59:32.7362210Z Download action repository 'actions/checkout@v4' (SHA:11d5960a326750d5838078e36cf38b85af677262)
2026-10-02T21:59:33.2570292Z Download action repository 'actions/setup-java@v4' (SHA:cf277c60eb25467037889841efdb72551f06f6c3)
2026-10-02T21:59:34.2384342Z Download action repository 'actions/cache@v4' (SHA:0057852bfaa89a56745cba8c7296529d2fc39830)
2026-10-02T21:59:34.3528422Z Download action repository 'gradle/actions@v4' (SHA:ed408507eac070d1f99cc633dbcf757c94c7933a)
2026-10-02T21:59:35.8285055Z Download action repository 'actions/upload-artifact@v4' (SHA:ea165f8d65b6e75b540449e92b4886f43607fa02)
2026-10-02T21:59:36.0620614Z Complete job name: Build signed release APK
2026-10-02T21:59:36.1112965Z ##[group]Run actions/checkout@v4
2026-10-02T21:59:36.1113437Z with:
2026-10-02T21:59:36.1113755Z   repository: battlesbudz/Jarvis-OS-V2
2026-10-02T21:59:36.1115561Z   token: ***
2026-10-02T21:59:36.1115854Z   ssh-strict: true
2026-10-02T21:59:36.1116089Z   ssh-user: git
2026-10-02T21:59:36.1116329Z   persist-credentials: true
2026-10-02T21:59:36.1116611Z   clean: true
2026-10-02T21:59:36.1116850Z   sparse-checkout-cone-mode: true
2026-10-02T21:59:36.1117103Z   fetch-depth: 1
2026-10-02T21:59:36.1117534Z   fetch-tags: false
2026-10-02T21:59:36.1117748Z   show-progress: true
2026-10-02T21:59:36.1117995Z   lfs: false
2026-10-02T21:59:36.1118220Z   submodules: false
2026-10-02T21:59:36.1118504Z   set-safe-directory: true
2026-10-02T21:59:36.1118758Z   allow-unsafe-pr-checkout: false
2026-10-02T21:59:36.1119159Z ##[endgroup]
2026-10-02T21:59:36.1862673Z Syncing repository: battlesbudz/Jarvis-OS-V2
2026-10-02T21:59:36.1864247Z ##[group]Getting Git version info
2026-10-02T21:59:36.1864890Z Working directory is '/home/runner/work/Jarvis-OS-V2/Jarvis-OS-V2'
2026-10-02T21:59:36.1865658Z [command]/usr/bin/git version
2026-10-02T21:59:36.1882221Z git version 2.55.0
2026-10-02T21:59:36.1894949Z ##[endgroup]
2026-10-02T21:59:36.1905669Z Temporarily overriding HOME='/home/runner/work/_temp/f841b2ee-bf74-43ed-884f-f4968f80e0f2' before making global git config changes
2026-10-02T21:59:36.1906883Z Adding repository directory to the temporary git global config as a safe directory
2026-10-02T21:59:36.1908514Z [command]/usr/bin/git config --global --add safe.directory /home/runner/work/Jarvis-OS-V2/Jarvis-OS-V2
2026-10-02T21:59:36.1947986Z Deleting the contents of '/home/runner/work/Jarvis-OS-V2/Jarvis-OS-V2'
2026-10-02T21:59:36.1952631Z ##[group]Initializing the repository
2026-10-02T21:59:36.1964220Z [command]/usr/bin/git init /home/runner/work/Jarvis-OS-V2/Jarvis-OS-V2
2026-10-02T21:59:36.2053635Z hint: Using 'master' as the name for the initial branch. This default branch name
2026-10-02T21:59:36.2054486Z hint: will change to "main" in Git 3.0. To configure the initial branch name
2026-10-02T21:59:36.2055877Z hint: to use in all of your new repositories, which will suppress this warning,
2026-10-02T21:59:36.2056448Z hint: call:
2026-10-02T21:59:36.2056791Z hint:
2026-10-02T21:59:36.2057435Z hint: 	git config --global init.defaultBranch <name>
2026-10-02T21:59:36.2057917Z hint:
2026-10-02T21:59:36.2058333Z hint: Names commonly chosen instead of 'master' are 'main', 'trunk' and
2026-10-02T21:59:36.2058957Z hint: 'development'. The just-created branch can be renamed via this command:
2026-10-02T21:59:36.2059554Z hint:
2026-10-02T21:59:36.2059910Z hint: 	git branch -m <name>
2026-10-02T21:59:36.2060262Z hint:
2026-10-02T21:59:36.2060746Z hint: Disable this message with "git config set advice.defaultBranchName false"
2026-10-02T21:59:36.2061507Z Initialized empty Git repository in /home/runner/work/Jarvis-OS-V2/Jarvis-OS-V2/.git/
2026-10-02T21:59:36.2072470Z [command]/usr/bin/git remote add origin https://github.com/battlesbudz/Jarvis-OS-V2
2026-10-02T21:59:36.2172748Z ##[endgroup]
2026-10-02T21:59:36.2173961Z ##[group]Disabling automatic garbage collection
2026-10-02T21:59:36.2174818Z [command]/usr/bin/git config --local gc.auto 0
2026-10-02T21:59:36.2199755Z ##[endgroup]
2026-10-02T21:59:36.2200148Z ##[group]Setting up auth
2026-10-02T21:59:36.2213395Z [command]/usr/bin/git config --local --name-only --get-regexp core\.sshCommand
2026-10-02T21:59:36.2234705Z [command]/usr/bin/git submodule foreach --recursive sh -c "git config --local --name-only --get-regexp 'core\.sshCommand' && git config --local --unset-all 'core.sshCommand' || :"
2026-10-02T21:59:36.2500399Z [command]/usr/bin/git config --local --name-only --get-regexp http\.https\:\/\/github\.com\/\.extraheader
2026-10-02T21:59:36.2523406Z [command]/usr/bin/git submodule foreach --recursive sh -c "git config --local --name-only --get-regexp 'http\.https\:\/\/github\.com\/\.extraheader' && git config --local --unset-all 'http.https://github.com/.extraheader' || :"
2026-10-02T21:59:36.2667204Z [command]/usr/bin/git config --local --name-only --get-regexp ^includeIf\.gitdir:
2026-10-02T21:59:36.2689491Z [command]/usr/bin/git submodule foreach --recursive git config --local --show-origin --name-only --get-regexp remote.origin.url
2026-10-02T21:59:36.2824726Z [command]/usr/bin/git config --local http.https://github.com/.extraheader AUTHORIZATION: basic ***
2026-10-02T21:59:36.2852819Z ##[endgroup]
2026-10-02T21:59:36.2853391Z ##[group]Fetching the repository
2026-10-02T21:59:36.2859900Z [command]/usr/bin/git -c protocol.version=2 fetch --no-tags --prune --no-recurse-submodules --depth=1 origin +7c4741644bcee78754b48692a76344755fc3e234:refs/remotes/origin/feature/memory-os-overnight-candidate-privacy-20261002-1
2026-10-02T21:59:37.2446255Z From https://github.com/battlesbudz/Jarvis-OS-V2
2026-10-02T21:59:37.2447673Z  * [new ref]         7c4741644bcee78754b48692a76344755fc3e234 -> origin/feature/memory-os-overnight-candidate-privacy-20261002-1
2026-10-02T21:59:37.2450283Z ##[endgroup]
2026-10-02T21:59:37.2450873Z ##[group]Determining the checkout info
2026-10-02T21:59:37.2453572Z ##[endgroup]
2026-10-02T21:59:37.2459313Z [command]/usr/bin/git sparse-checkout disable
2026-10-02T21:59:37.2510361Z [command]/usr/bin/git config --local --unset-all extensions.worktreeConfig
2026-10-02T21:59:37.2534520Z ##[group]Checking out the ref
2026-10-02T21:59:37.2545596Z [command]/usr/bin/git checkout --progress --force -B feature/memory-os-overnight-candidate-privacy-20261002-1 refs/remotes/origin/feature/memory-os-overnight-candidate-privacy-20261002-1
2026-10-02T21:59:37.2796380Z Switched to a new branch 'feature/memory-os-overnight-candidate-privacy-20261002-1'
2026-10-02T21:59:37.2799829Z branch 'feature/memory-os-overnight-candidate-privacy-20261002-1' set up to track 'origin/feature/memory-os-overnight-candidate-privacy-20261002-1'.
2026-10-02T21:59:37.2802130Z ##[endgroup]
2026-10-02T21:59:37.2831126Z [command]/usr/bin/git log -1 --format=%H
2026-10-02T21:59:37.2848122Z 7c4741644bcee78754b48692a76344755fc3e234
2026-10-02T21:59:37.3086779Z ##[group]Run actions/setup-java@v4
2026-10-02T21:59:37.3087042Z with:
2026-10-02T21:59:37.3087384Z   distribution: temurin
2026-10-02T21:59:37.3087623Z   java-version: 21
2026-10-02T21:59:37.3087828Z   java-package: jdk
2026-10-02T21:59:37.3088045Z   check-latest: false
2026-10-02T21:59:37.3088263Z   server-id: github
2026-10-02T21:59:37.3088428Z   server-username: GITHUB_ACTOR
2026-10-02T21:59:37.3088636Z   server-password: GITHUB_TOKEN
2026-10-02T21:59:37.3088862Z   overwrite-settings: true
2026-10-02T21:59:37.3089061Z   job-status: success
2026-10-02T21:59:37.3090611Z   token: ***
2026-10-02T21:59:37.3090785Z ##[endgroup]
2026-10-02T21:59:37.4237427Z ##[warning]setup-java v4 is deprecated and will no longer receive updates. Please migrate to actions/setup-java@v5.
2026-10-02T21:59:37.4242421Z ##[group]Installed distributions
2026-10-02T21:59:37.5575340Z Resolved Java 21.0.12+1 from tool-cache
2026-10-02T21:59:37.5576201Z Setting Java 21.0.12+1 as the default
2026-10-02T21:59:37.5583052Z (node:2094) [DEP0040] DeprecationWarning: The `punycode` module is deprecated. Please use a userland alternative instead.
2026-10-02T21:59:37.5583932Z (Use `node --trace-deprecation ...` to show where the warning was created)
2026-10-02T21:59:37.5585126Z Creating toolchains.xml for JDK version 21 from temurin
2026-10-02T21:59:37.5635881Z Writing to /home/runner/.m2/toolchains.xml
2026-10-02T21:59:37.5636485Z 
2026-10-02T21:59:37.5637147Z Java configuration:
2026-10-02T21:59:37.5637598Z   Distribution: temurin
2026-10-02T21:59:37.5637885Z   Version: 21.0.12+1
2026-10-02T21:59:37.5638339Z   Path: /opt/hostedtoolcache/Java_Temurin-Hotspot_jdk/21.0.12-1/x64
2026-10-02T21:59:37.5638701Z 
2026-10-02T21:59:37.5639077Z ##[endgroup]
2026-10-02T21:59:37.5655596Z Creating settings.xml with server-id: github
2026-10-02T21:59:37.5672140Z Writing to /home/runner/.m2/settings.xml
2026-10-02T21:59:37.5798183Z ##[group]Run "${ANDROID_HOME}/cmdline-tools/latest/bin/sdkmanager" "ndk;27.2.12479018"
2026-10-02T21:59:37.5798666Z [36;1m"${ANDROID_HOME}/cmdline-tools/latest/bin/sdkmanager" "ndk;27.2.12479018"[0m
2026-10-02T21:59:37.6001873Z shell: /usr/bin/bash -e {0}
2026-10-02T21:59:37.6002099Z env:
2026-10-02T21:59:37.6002336Z   JAVA_HOME: /opt/hostedtoolcache/Java_Temurin-Hotspot_jdk/21.0.12-1/x64
2026-10-02T21:59:37.6002696Z   JAVA_HOME_21_X64: /opt/hostedtoolcache/Java_Temurin-Hotspot_jdk/21.0.12-1/x64
2026-10-02T21:59:37.6002973Z ##[endgroup]
2026-10-02T21:59:53.4079285Z Loading package information...                                                  
2026-10-02T21:59:53.4705549Z Loading local repository...                                                     
2026-10-02T21:59:53.4707777Z [                                       ] 3% Loading local repository...        
2026-10-02T21:59:56.4787926Z [                                       ] 3% Fetch remote repository...         
2026-10-02T21:59:56.9689362Z [=                                      ] 3% Fetch remote repository...         
2026-10-02T21:59:57.0229094Z [=                                      ] 4% Fetch remote repository...         
2026-10-02T21:59:57.0481162Z [=                                      ] 5% Fetch remote repository...         
2026-10-02T21:59:57.1100157Z [==                                     ] 5% Fetch remote repository...         
2026-10-02T21:59:57.1586602Z [==                                     ] 6% Fetch remote repository...         
2026-10-02T21:59:57.2849144Z [==                                     ] 7% Fetch remote repository...         
2026-10-02T21:59:57.2873486Z [==                                     ] 7% Computing updates...               
2026-10-02T21:59:57.2928250Z [===                                    ] 8% Computing updates...               
2026-10-02T21:59:57.3748745Z [===                                    ] 10% Computing updates...              
2026-10-02T21:59:57.4295569Z [===                                    ] 10% Installing NDK (Side by side) 27.2
2026-10-02T21:59:57.6018500Z [===                                    ] 10% Downloading android-ndk-r27c-linux
2026-10-02T21:59:57.6685775Z [====                                   ] 10% Downloading android-ndk-r27c-linux
2026-10-02T21:59:57.7268497Z [====                                   ] 11% Downloading android-ndk-r27c-linux
2026-10-02T21:59:57.8037566Z [====                                   ] 12% Downloading android-ndk-r27c-linux
2026-10-02T21:59:57.8479387Z [=====                                  ] 13% Downloading android-ndk-r27c-linux
2026-10-02T21:59:57.8834538Z [=====                                  ] 14% Downloading android-ndk-r27c-linux
2026-10-02T21:59:57.9129983Z [=====                                  ] 15% Downloading android-ndk-r27c-linux
2026-10-02T21:59:57.9329991Z [======                                 ] 15% Downloading android-ndk-r27c-linux
2026-10-02T21:59:57.9972387Z [======                                 ] 16% Downloading android-ndk-r27c-linux
2026-10-02T21:59:58.0684167Z [======                                 ] 17% Downloading android-ndk-r27c-linux
2026-10-02T21:59:58.1305881Z [=======                                ] 18% Downloading android-ndk-r27c-linux
2026-10-02T21:59:58.1758771Z [=======                                ] 19% Downloading android-ndk-r27c-linux
2026-10-02T21:59:58.1961403Z [=======                                ] 20% Downloading android-ndk-r27c-linux
2026-10-02T21:59:58.2165906Z [========                               ] 20% Downloading android-ndk-r27c-linux
2026-10-02T21:59:58.2679456Z [========                               ] 21% Downloading android-ndk-r27c-linux
2026-10-02T21:59:58.3095855Z [========                               ] 22% Downloading android-ndk-r27c-linux
2026-10-02T21:59:58.3505327Z [=========                              ] 23% Downloading android-ndk-r27c-linux
2026-10-02T21:59:58.4015943Z [=========                              ] 24% Downloading android-ndk-r27c-linux
2026-10-02T21:59:58.4222945Z [=========                              ] 25% Downloading android-ndk-r27c-linux
2026-10-02T21:59:58.4423899Z [==========                             ] 25% Downloading android-ndk-r27c-linux
2026-10-02T21:59:58.5053956Z [==========                             ] 26% Downloading android-ndk-r27c-linux
2026-10-02T21:59:58.5458489Z [==========                             ] 27% Downloading android-ndk-r27c-linux
2026-10-02T21:59:58.5968173Z [===========                            ] 28% Downloading android-ndk-r27c-linux
2026-10-02T21:59:58.6392280Z [===========                            ] 29% Downloading android-ndk-r27c-linux
2026-10-02T21:59:58.6588130Z [===========                            ] 30% Downloading android-ndk-r27c-linux
2026-10-02T21:59:58.6888645Z [============                           ] 30% Downloading android-ndk-r27c-linux
2026-10-02T21:59:58.7299592Z [============                           ] 31% Downloading android-ndk-r27c-linux
2026-10-02T21:59:58.7742723Z [============                           ] 32% Downloading android-ndk-r27c-linux
2026-10-02T21:59:58.7747547Z [============                           ] 33% Downloading android-ndk-r27c-linux
2026-10-02T21:59:59.3469631Z [============                           ] 33% Unzipping...                      
2026-10-02T21:59:59.3470537Z [============                           ] 33% Unzipping... android-ndk-r27c/    
2026-10-02T21:59:59.3487422Z [============                           ] 33% Unzipping... android-ndk-r27c/READ
2026-10-02T21:59:59.3489898Z [=============                          ] 33% Unzipping... android-ndk-r27c/READ
2026-10-02T21:59:59.3526172Z [=============                          ] 33% Unzipping... android-ndk-r27c/meta
2026-10-02T21:59:59.5829312Z [=============                          ] 33% Unzipping... android-ndk-r27c/shad
2026-10-02T21:59:59.5842341Z [=============                          ] 33% Unzipping... android-ndk-r27c/ndk-
2026-10-02T21:59:59.5857782Z [=============                          ] 33% Unzipping... android-ndk-r27c/wrap
2026-10-02T21:59:59.5858354Z [=============                          ] 33% Unzipping... android-ndk-r27c/ndk-
2026-10-02T21:59:59.9240971Z [=============                          ] 33% Unzipping... android-ndk-r27c/tool
2026-10-02T22:00:00.7710626Z [=============                          ] 34% Unzipping... android-ndk-r27c/tool
2026-10-02T22:00:00.9746650Z [=============                          ] 35% Unzipping... android-ndk-r27c/tool
2026-10-02T22:00:01.0833633Z [==============                         ] 35% Unzipping... android-ndk-r27c/tool
2026-10-02T22:00:02.3334392Z [==============                         ] 36% Unzipping... android-ndk-r27c/tool
2026-10-02T22:00:02.9204690Z [==============                         ] 37% Unzipping... android-ndk-r27c/tool
2026-10-02T22:00:03.5280324Z [===============                        ] 38% Unzipping... android-ndk-r27c/tool
2026-10-02T22:00:04.0943461Z [===============                        ] 39% Unzipping... android-ndk-r27c/tool
2026-10-02T22:00:04.3758439Z [===============                        ] 40% Unzipping... android-ndk-r27c/tool
2026-10-02T22:00:04.7619338Z [================                       ] 40% Unzipping... android-ndk-r27c/tool
2026-10-02T22:00:05.4075706Z [================                       ] 41% Unzipping... android-ndk-r27c/tool
2026-10-02T22:00:05.9954774Z [================                       ] 42% Unzipping... android-ndk-r27c/tool
2026-10-02T22:00:07.0873128Z [=================                      ] 43% Unzipping... android-ndk-r27c/tool
2026-10-02T22:00:08.1275467Z [=================                      ] 44% Unzipping... android-ndk-r27c/tool
2026-10-02T22:00:09.5974034Z [=================                      ] 45% Unzipping... android-ndk-r27c/tool
2026-10-02T22:00:09.7578326Z [==================                     ] 45% Unzipping... android-ndk-r27c/tool
2026-10-02T22:00:10.2925455Z [==================                     ] 46% Unzipping... android-ndk-r27c/tool
2026-10-02T22:00:10.9712706Z [==================                     ] 47% Unzipping... android-ndk-r27c/tool
2026-10-02T22:00:11.5241254Z [===================                    ] 48% Unzipping... android-ndk-r27c/tool
2026-10-02T22:00:12.0565115Z [===================                    ] 49% Unzipping... android-ndk-r27c/tool
2026-10-02T22:00:12.2210728Z [===================                    ] 50% Unzipping... android-ndk-r27c/tool
2026-10-02T22:00:12.3943536Z [====================                   ] 50% Unzipping... android-ndk-r27c/tool
2026-10-02T22:00:13.3982940Z [====================                   ] 51% Unzipping... android-ndk-r27c/tool
2026-10-02T22:00:13.8557730Z [====================                   ] 52% Unzipping... android-ndk-r27c/tool
2026-10-02T22:00:14.5883734Z [=====================                  ] 53% Unzipping... android-ndk-r27c/tool
2026-10-02T22:00:14.9221897Z [=====================                  ] 54% Unzipping... android-ndk-r27c/tool
2026-10-02T22:00:14.9943869Z [=====================                  ] 54% Unzipping... android-ndk-r27c/buil
2026-10-02T22:00:15.3801274Z [=====================                  ] 54% Unzipping... android-ndk-r27c/sour
2026-10-02T22:00:15.3818640Z [=====================                  ] 54% Unzipping... android-ndk-r27c/NOTI
2026-10-02T22:00:15.3819489Z [=====================                  ] 54% Unzipping... android-ndk-r27c/ndk-
2026-10-02T22:00:15.3830101Z [=====================                  ] 54% Unzipping... android-ndk-r27c/NOTI
2026-10-02T22:00:15.3848313Z [=====================                  ] 54% Unzipping... android-ndk-r27c/pyth
2026-10-02T22:00:15.4214389Z [=====================                  ] 54% Unzipping... android-ndk-r27c/preb
2026-10-02T22:00:15.4215602Z [=====================                  ] 54% Unzipping... android-ndk-r27c/ndk-
2026-10-02T22:00:15.4216193Z [=====================                  ] 54% Unzipping... android-ndk-r27c/sour
2026-10-02T22:00:15.4692400Z [=====================                  ] 54% Unzipping... android-ndk-r27c/simp
2026-10-02T22:00:15.6088232Z [=====================                  ] 55% Unzipping... android-ndk-r27c/simp
2026-10-02T22:00:15.7498892Z [=====================                  ] 55% Unzipping... android-ndk-r27c/CHAN
2026-10-02T22:00:15.7499389Z [=======================================] 100% Unzipping... android-ndk-r27c/CHA
2026-10-02T22:00:16.8906846Z 
2026-10-02T22:00:16.9709583Z ##[group]Run actions/cache@v4
2026-10-02T22:00:16.9709813Z with:
2026-10-02T22:00:16.9709992Z   path: app/build/sherpa-native
2026-10-02T22:00:16.9710370Z   key: sherpa-arm64-137-Linux-78f25eb476df0e866c0747850a0401239fded60921575ed32431811002e601c0
2026-10-02T22:00:16.9710763Z   enableCrossOsArchive: false
2026-10-02T22:00:16.9710986Z   fail-on-cache-miss: false
2026-10-02T22:00:16.9711188Z   lookup-only: false
2026-10-02T22:00:16.9711385Z   save-always: false
2026-10-02T22:00:16.9711565Z env:
2026-10-02T22:00:16.9711810Z   JAVA_HOME: /opt/hostedtoolcache/Java_Temurin-Hotspot_jdk/21.0.12-1/x64
2026-10-02T22:00:16.9712196Z   JAVA_HOME_21_X64: /opt/hostedtoolcache/Java_Temurin-Hotspot_jdk/21.0.12-1/x64
2026-10-02T22:00:16.9712507Z ##[endgroup]
2026-10-02T22:00:17.0555551Z (node:2203) [DEP0040] DeprecationWarning: The `punycode` module is deprecated. Please use a userland alternative instead.
2026-10-02T22:00:17.0556760Z (Use `node --trace-deprecation ...` to show where the warning was created)
2026-10-02T22:00:17.2279984Z Cache not found for input keys: sherpa-arm64-137-Linux-78f25eb476df0e866c0747850a0401239fded60921575ed32431811002e601c0
2026-10-02T22:00:17.2459758Z ##[group]Run gradle/actions/setup-gradle@v4
2026-10-02T22:00:17.2460057Z with:
2026-10-02T22:00:17.2460267Z   gradle-version: 8.10.2
2026-10-02T22:00:17.2460498Z   cache-disabled: false
2026-10-02T22:00:17.2460722Z   cache-read-only: true
2026-10-02T22:00:17.2460961Z   cache-write-only: false
2026-10-02T22:00:17.2461213Z   cache-overwrite-existing: false
2026-10-02T22:00:17.2461465Z   cache-cleanup: on-success
2026-10-02T22:00:17.2461730Z   gradle-home-cache-includes: caches
notifications

2026-10-02T22:00:17.2462026Z   add-job-summary: always
2026-10-02T22:00:17.2462308Z   add-job-summary-as-pr-comment: never
2026-10-02T22:00:17.2462554Z   dependency-graph: disabled
2026-10-02T22:00:17.2462826Z   dependency-graph-report-dir: dependency-graph-reports
2026-10-02T22:00:17.2463138Z   dependency-graph-continue-on-failure: true
2026-10-02T22:00:17.2463407Z   build-scan-publish: false
2026-10-02T22:00:17.2463629Z   validate-wrappers: true
2026-10-02T22:00:17.2463904Z   allow-snapshot-wrappers: false
2026-10-02T22:00:17.2464154Z   gradle-home-cache-strict-match: false
2026-10-02T22:00:17.2464404Z   workflow-job-context: null
2026-10-02T22:00:17.2466335Z   github-token: ***
2026-10-02T22:00:17.2466521Z env:
2026-10-02T22:00:17.2466792Z   JAVA_HOME: /opt/hostedtoolcache/Java_Temurin-Hotspot_jdk/21.0.12-1/x64
2026-10-02T22:00:17.2467214Z   JAVA_HOME_21_X64: /opt/hostedtoolcache/Java_Temurin-Hotspot_jdk/21.0.12-1/x64
2026-10-02T22:00:17.2467759Z ##[endgroup]
2026-10-02T22:00:17.5318393Z Merged default JDK locations into /home/runner/.m2/toolchains.xml
2026-10-02T22:00:17.5321233Z ##[group]Restore Gradle state from cache
2026-10-02T22:00:17.6899037Z Cache hit for restore-key: gradle-home-v1|Linux-X64|build-release[950eaec8589fb4acbb839cd2eb2eeef7]-780c40c4d70ac3171a673b22491dc3a703f16d55
2026-10-02T22:00:17.9761143Z Received 8975 of 8975 (100.0%), 0.1 MBs/sec
2026-10-02T22:00:17.9761939Z Cache Size: ~0 MB (8975 B)
2026-10-02T22:00:17.9785986Z [command]/usr/bin/tar -xf /home/runner/work/_temp/f22a454f-24d5-40d9-93ea-669bf0f48a18/cache.tzst -P -C /home/runner/work/Jarvis-OS-V2/Jarvis-OS-V2 --use-compress-program unzstd
2026-10-02T22:00:18.0298619Z Cache restored successfully
2026-10-02T22:00:18.0301617Z Restored cache entry with key gradle-home-v1|Linux-X64|build-release[950eaec8589fb4acbb839cd2eb2eeef7]-7c4741644bcee78754b48692a76344755fc3e234 to /home/runner/.gradle/caches,/home/runner/.gradle/notifications,/home/runner/.gradle/.setup-gradle in 497ms
2026-10-02T22:00:18.1550244Z Cache hit for: gradle-instrumented-jars-v1-3a8bc95e5f3fc33f7559043af89006e9
2026-10-02T22:00:18.1681508Z Cache hit for: gradle-groovy-dsl-v1-61a76c5b6d5e4b5c4e7b8de115d50879
2026-10-02T22:00:18.2897039Z Received 70743 of 70743 (100.0%), 0.7 MBs/sec
2026-10-02T22:00:18.2897521Z Cache Size: ~0 MB (70743 B)
2026-10-02T22:00:18.2916924Z [command]/usr/bin/tar -xf /home/runner/work/_temp/21b0e762-b9d4-4097-a0d2-7cb67b07ccad/cache.tzst -P -C /home/runner/work/Jarvis-OS-V2/Jarvis-OS-V2 --use-compress-program unzstd
2026-10-02T22:00:18.2983326Z Cache restored successfully
2026-10-02T22:00:18.2984745Z Restored cache entry with key gradle-instrumented-jars-v1-3a8bc95e5f3fc33f7559043af89006e9 to /home/runner/.gradle/caches/jars-*/*/ in 268ms
2026-10-02T22:00:18.4739978Z Received 109261 of 109261 (100.0%), 0.6 MBs/sec
2026-10-02T22:00:18.4740271Z Cache Size: ~0 MB (109261 B)
2026-10-02T22:00:18.4759029Z [command]/usr/bin/tar -xf /home/runner/work/_temp/bbf8c600-c062-422c-8d25-204a9cb58ca6/cache.tzst -P -C /home/runner/work/Jarvis-OS-V2/Jarvis-OS-V2 --use-compress-program unzstd
2026-10-02T22:00:18.4834959Z Cache restored successfully
2026-10-02T22:00:18.4836116Z Restored cache entry with key gradle-groovy-dsl-v1-61a76c5b6d5e4b5c4e7b8de115d50879 to /home/runner/.gradle/caches/*/groovy-dsl/*/ in 453ms
2026-10-02T22:00:18.4883363Z ##[endgroup]
2026-10-02T22:00:18.4983503Z ##[group]All Gradle Wrapper jars are valid
2026-10-02T22:00:18.5037581Z 
2026-10-02T22:00:18.5043835Z ##[endgroup]
2026-10-02T22:00:18.6095921Z ##[group]Provision Gradle 8.10.2
2026-10-02T22:00:25.2953338Z Cache hit for: gradle-8.10.2
2026-10-02T22:00:26.4377696Z Received 67108864 of 136494016 (49.2%), 63.9 MBs/sec
2026-10-02T22:00:26.8917733Z Received 136494016 of 136494016 (100.0%), 89.3 MBs/sec
2026-10-02T22:00:26.8921257Z Cache Size: ~130 MB (136494016 B)
2026-10-02T22:00:26.8952390Z [command]/usr/bin/tar -xf /home/runner/work/_temp/eebe0aad-94c5-4425-b507-14b2773c0dec/cache.tzst -P -C /home/runner/work/Jarvis-OS-V2/Jarvis-OS-V2 --use-compress-program unzstd
2026-10-02T22:00:26.9931410Z Cache restored successfully
2026-10-02T22:00:26.9977366Z Restored Gradle distribution gradle-8.10.2 from cache to /home/runner/work/_temp/.gradle-actions/gradle-installations/downloads/gradle-8.10.2-bin.zip
2026-10-02T22:00:26.9988708Z [command]/usr/bin/unzip -o -q /home/runner/work/_temp/.gradle-actions/gradle-installations/downloads/gradle-8.10.2-bin.zip
2026-10-02T22:00:27.7992053Z Extracted Gradle 8.10.2 to /home/runner/work/_temp/.gradle-actions/gradle-installations/installs/gradle-8.10.2
2026-10-02T22:00:27.7993579Z Provisioned Gradle executable /home/runner/work/_temp/.gradle-actions/gradle-installations/installs/gradle-8.10.2/bin/gradle
2026-10-02T22:00:27.7994652Z ##[endgroup]
2026-10-02T22:00:27.8082457Z ##[group]Run cmake -S app/src/main/cpp/microwakeword -B /tmp/keyword-native -DCMAKE_BUILD_TYPE=Release
2026-10-02T22:00:27.8083039Z [36;1mcmake -S app/src/main/cpp/microwakeword -B /tmp/keyword-native -DCMAKE_BUILD_TYPE=Release[0m
2026-10-02T22:00:27.8083422Z [36;1mcmake --build /tmp/keyword-native --parallel 2[0m
2026-10-02T22:00:27.8083781Z [36;1mpython3 scripts/check_keyword_models.py /tmp/keyword-native/microwakeword_test[0m
2026-10-02T22:00:27.8118991Z shell: /usr/bin/bash -e {0}
2026-10-02T22:00:27.8119243Z env:
2026-10-02T22:00:27.8119505Z   JAVA_HOME: /opt/hostedtoolcache/Java_Temurin-Hotspot_jdk/21.0.12-1/x64
2026-10-02T22:00:27.8119880Z   JAVA_HOME_21_X64: /opt/hostedtoolcache/Java_Temurin-Hotspot_jdk/21.0.12-1/x64
2026-10-02T22:00:27.8120192Z   GRADLE_ACTION_ID: gradle/actions/setup-gradle
2026-10-02T22:00:27.8120439Z   GRADLE_USER_HOME: /home/runner/.gradle
2026-10-02T22:00:27.8120674Z   GRADLE_BUILD_ACTION_SETUP_COMPLETED: true
2026-10-02T22:00:27.8120971Z   GRADLE_BUILD_ACTION_CACHE_RESTORED: true
2026-10-02T22:00:27.8121302Z   DEVELOCITY_INJECTION_INIT_SCRIPT_NAME: gradle-actions.inject-develocity.init.gradle
2026-10-02T22:00:27.8121801Z   DEVELOCITY_INJECTION_CUSTOM_VALUE: gradle-actions
2026-10-02T22:00:27.8122057Z   GITHUB_DEPENDENCY_GRAPH_ENABLED: false
2026-10-02T22:00:27.8122277Z ##[endgroup]
2026-10-02T22:00:31.2911329Z -- The C compiler identification is GNU 13.3.0
2026-10-02T22:00:32.9009374Z -- The CXX compiler identification is GNU 13.3.0
2026-10-02T22:00:33.0297991Z -- Detecting C compiler ABI info
2026-10-02T22:00:33.2105891Z -- Detecting C compiler ABI info - done
2026-10-02T22:00:33.2209170Z -- Check for working C compiler: /usr/bin/cc - skipped
2026-10-02T22:00:33.2255632Z -- Detecting C compile features
2026-10-02T22:00:33.2299370Z -- Detecting C compile features - done
2026-10-02T22:00:33.2509899Z -- Detecting CXX compiler ABI info
2026-10-02T22:00:33.4131984Z -- Detecting CXX compiler ABI info - done
2026-10-02T22:00:33.4240558Z -- Check for working CXX compiler: /usr/bin/c++ - skipped
2026-10-02T22:00:33.4242684Z -- Detecting CXX compile features
2026-10-02T22:00:33.4247005Z -- Detecting CXX compile features - done
2026-10-02T22:00:33.4666796Z CMake Warning (dev) at /usr/local/share/cmake-3.31/Modules/FetchContent.cmake:1373 (message):
2026-10-02T22:00:33.4667479Z   The DOWNLOAD_EXTRACT_TIMESTAMP option was not given and policy CMP0135 is
2026-10-02T22:00:33.4667957Z   not set.  The policy's OLD behavior will be used.  When using a URL
2026-10-02T22:00:33.4668331Z   download, the timestamps of extracted files should preferably be that of
2026-10-02T22:00:33.4668696Z   the time of extraction, otherwise code that depends on the extracted
2026-10-02T22:00:33.4669030Z   contents might not be rebuilt if the URL changes.  The OLD behavior
2026-10-02T22:00:33.4669481Z   preserves the timestamps from the archive instead, but this is usually not
2026-10-02T22:00:33.4669951Z   what you want.  Update your project to the NEW behavior or specify the
2026-10-02T22:00:33.4670418Z   DOWNLOAD_EXTRACT_TIMESTAMP option with a value of true to avoid this
2026-10-02T22:00:33.4670799Z   robustness issue.
2026-10-02T22:00:33.4671035Z Call Stack (most recent call first):
2026-10-02T22:00:33.4671396Z   CMakeLists.txt:14 (FetchContent_Declare)
2026-10-02T22:00:33.4671786Z This warning is for project developers.  Use -Wno-dev to suppress it.
2026-10-02T22:00:33.4672013Z 
2026-10-02T22:00:33.4672263Z CMake Warning (dev) at /usr/local/share/cmake-3.31/Modules/FetchContent.cmake:1373 (message):
2026-10-02T22:00:33.4672721Z   The DOWNLOAD_EXTRACT_TIMESTAMP option was not given and policy CMP0135 is
2026-10-02T22:00:33.4673103Z   not set.  The policy's OLD behavior will be used.  When using a URL
2026-10-02T22:00:33.4673490Z   download, the timestamps of extracted files should preferably be that of
2026-10-02T22:00:33.4673989Z   the time of extraction, otherwise code that depends on the extracted
2026-10-02T22:00:33.4674617Z   contents might not be rebuilt if the URL changes.  The OLD behavior
2026-10-02T22:00:33.4675028Z   preserves the timestamps from the archive instead, but this is usually not
2026-10-02T22:00:33.4675378Z   what you want.  Update your project to the NEW behavior or specify the
2026-10-02T22:00:33.4675707Z   DOWNLOAD_EXTRACT_TIMESTAMP option with a value of true to avoid this
2026-10-02T22:00:33.4676010Z   robustness issue.
2026-10-02T22:00:33.4676209Z Call Stack (most recent call first):
2026-10-02T22:00:33.4676442Z   CMakeLists.txt:28 (FetchContent_Declare)
2026-10-02T22:00:33.4676724Z This warning is for project developers.  Use -Wno-dev to suppress it.
2026-10-02T22:00:33.4676910Z 
2026-10-02T22:00:33.4677111Z CMake Warning (dev) at /usr/local/share/cmake-3.31/Modules/FetchContent.cmake:1373 (message):
2026-10-02T22:00:33.4677774Z   The DOWNLOAD_EXTRACT_TIMESTAMP option was not given and policy CMP0135 is
2026-10-02T22:00:33.4678197Z   not set.  The policy's OLD behavior will be used.  When using a URL
2026-10-02T22:00:33.4678526Z   download, the timestamps of extracted files should preferably be that of
2026-10-02T22:00:33.4678994Z   the time of extraction, otherwise code that depends on the extracted
2026-10-02T22:00:33.4679552Z   contents might not be rebuilt if the URL changes.  The OLD behavior
2026-10-02T22:00:33.4680010Z   preserves the timestamps from the archive instead, but this is usually not
2026-10-02T22:00:33.4680467Z   what you want.  Update your project to the NEW behavior or specify the
2026-10-02T22:00:33.4680801Z   DOWNLOAD_EXTRACT_TIMESTAMP option with a value of true to avoid this
2026-10-02T22:00:33.4681069Z   robustness issue.
2026-10-02T22:00:33.4681307Z Call Stack (most recent call first):
2026-10-02T22:00:33.4681615Z   CMakeLists.txt:35 (FetchContent_Declare)
2026-10-02T22:00:33.4681963Z This warning is for project developers.  Use -Wno-dev to suppress it.
2026-10-02T22:00:33.4682157Z 
2026-10-02T22:00:33.4682352Z CMake Warning (dev) at /usr/local/share/cmake-3.31/Modules/FetchContent.cmake:1373 (message):
2026-10-02T22:00:33.4682754Z   The DOWNLOAD_EXTRACT_TIMESTAMP option was not given and policy CMP0135 is
2026-10-02T22:00:33.4683105Z   not set.  The policy's OLD behavior will be used.  When using a URL
2026-10-02T22:00:33.4683429Z   download, the timestamps of extracted files should preferably be that of
2026-10-02T22:00:33.4683765Z   the time of extraction, otherwise code that depends on the extracted
2026-10-02T22:00:33.4684087Z   contents might not be rebuilt if the URL changes.  The OLD behavior
2026-10-02T22:00:33.4684423Z   preserves the timestamps from the archive instead, but this is usually not
2026-10-02T22:00:33.4684766Z   what you want.  Update your project to the NEW behavior or specify the
2026-10-02T22:00:33.4685096Z   DOWNLOAD_EXTRACT_TIMESTAMP option with a value of true to avoid this
2026-10-02T22:00:33.4685358Z   robustness issue.
2026-10-02T22:00:33.4685544Z Call Stack (most recent call first):
2026-10-02T22:00:33.4685765Z   CMakeLists.txt:46 (FetchContent_Declare)
2026-10-02T22:00:33.4686052Z This warning is for project developers.  Use -Wno-dev to suppress it.
2026-10-02T22:00:33.4686243Z 
2026-10-02T22:00:33.4686487Z CMake Warning (dev) at /usr/local/share/cmake-3.31/Modules/FetchContent.cmake:1373 (message):
2026-10-02T22:00:33.4686888Z   The DOWNLOAD_EXTRACT_TIMESTAMP option was not given and policy CMP0135 is
2026-10-02T22:00:33.4687341Z   not set.  The policy's OLD behavior will be used.  When using a URL
2026-10-02T22:00:33.4687701Z   download, the timestamps of extracted files should preferably be that of
2026-10-02T22:00:33.4688030Z   the time of extraction, otherwise code that depends on the extracted
2026-10-02T22:00:33.4688346Z   contents might not be rebuilt if the URL changes.  The OLD behavior
2026-10-02T22:00:33.4688677Z   preserves the timestamps from the archive instead, but this is usually not
2026-10-02T22:00:33.4689016Z   what you want.  Update your project to the NEW behavior or specify the
2026-10-02T22:00:33.4689336Z   DOWNLOAD_EXTRACT_TIMESTAMP option with a value of true to avoid this
2026-10-02T22:00:33.4689698Z   robustness issue.
2026-10-02T22:00:33.4689895Z Call Stack (most recent call first):
2026-10-02T22:00:33.4690135Z   CMakeLists.txt:53 (FetchContent_Declare)
2026-10-02T22:00:33.4690418Z This warning is for project developers.  Use -Wno-dev to suppress it.
2026-10-02T22:00:33.4690605Z 
2026-10-02T22:00:33.4690785Z CMake Warning (dev) at /usr/local/share/cmake-3.31/Modules/FetchContent.cmake:1953 (message):
2026-10-02T22:00:33.4691178Z   Calling FetchContent_Populate(kissfft) is deprecated, call
2026-10-02T22:00:33.4691593Z   FetchContent_MakeAvailable(kissfft) instead.  Policy CMP0169 can be set to
2026-10-02T22:00:33.4691983Z   OLD to allow FetchContent_Populate(kissfft) to be called directly for now,
2026-10-02T22:00:33.4692368Z   but the ability to call it with declared details will be removed completely
2026-10-02T22:00:33.4692652Z   in a future version.
2026-10-02T22:00:33.4692853Z Call Stack (most recent call first):
2026-10-02T22:00:33.4693086Z   CMakeLists.txt:64 (FetchContent_Populate)
2026-10-02T22:00:33.4693372Z This warning is for project developers.  Use -Wno-dev to suppress it.
2026-10-02T22:00:33.4693642Z 
2026-10-02T22:00:34.4341599Z CMake Warning (dev) at /usr/local/share/cmake-3.31/Modules/FetchContent.cmake:1953 (message):
2026-10-02T22:00:34.4342279Z   Calling FetchContent_Populate(tflite_micro) is deprecated, call
2026-10-02T22:00:34.4342816Z   FetchContent_MakeAvailable(tflite_micro) instead.  Policy CMP0169 can be
2026-10-02T22:00:34.4343356Z   set to OLD to allow FetchContent_Populate(tflite_micro) to be called
2026-10-02T22:00:34.4343906Z   directly for now, but the ability to call it with declared details will be
2026-10-02T22:00:34.4344302Z   removed completely in a future version.
2026-10-02T22:00:34.4344611Z Call Stack (most recent call first):
2026-10-02T22:00:34.4344927Z   CMakeLists.txt:64 (FetchContent_Populate)
2026-10-02T22:00:34.4345353Z This warning is for project developers.  Use -Wno-dev to suppress it.
2026-10-02T22:00:34.4345611Z 
2026-10-02T22:00:36.2065013Z CMake Warning (dev) at /usr/local/share/cmake-3.31/Modules/FetchContent.cmake:1953 (message):
2026-10-02T22:00:36.2065681Z   Calling FetchContent_Populate(flatbuffers) is deprecated, call
2026-10-02T22:00:36.2066244Z   FetchContent_MakeAvailable(flatbuffers) instead.  Policy CMP0169 can be set
2026-10-02T22:00:36.2066792Z   to OLD to allow FetchContent_Populate(flatbuffers) to be called directly
2026-10-02T22:00:36.2067453Z   for now, but the ability to call it with declared details will be removed
2026-10-02T22:00:36.2067846Z   completely in a future version.
2026-10-02T22:00:36.2068128Z Call Stack (most recent call first):
2026-10-02T22:00:36.2068438Z   CMakeLists.txt:64 (FetchContent_Populate)
2026-10-02T22:00:36.2068849Z This warning is for project developers.  Use -Wno-dev to suppress it.
2026-10-02T22:00:36.2069129Z 
2026-10-02T22:00:37.0847832Z CMake Warning (dev) at /usr/local/share/cmake-3.31/Modules/FetchContent.cmake:1953 (message):
2026-10-02T22:00:37.0848329Z   Calling FetchContent_Populate(gemmlowp) is deprecated, call
2026-10-02T22:00:37.0848684Z   FetchContent_MakeAvailable(gemmlowp) instead.  Policy CMP0169 can be set to
2026-10-02T22:00:37.0849062Z   OLD to allow FetchContent_Populate(gemmlowp) to be called directly for now,
2026-10-02T22:00:37.0849413Z   but the ability to call it with declared details will be removed completely
2026-10-02T22:00:37.0849678Z   in a future version.
2026-10-02T22:00:37.0849886Z Call Stack (most recent call first):
2026-10-02T22:00:37.0850127Z   CMakeLists.txt:64 (FetchContent_Populate)
2026-10-02T22:00:37.0850427Z This warning is for project developers.  Use -Wno-dev to suppress it.
2026-10-02T22:00:37.0850624Z 
2026-10-02T22:00:37.8494065Z CMake Warning (dev) at /usr/local/share/cmake-3.31/Modules/FetchContent.cmake:1953 (message):
2026-10-02T22:00:37.8494498Z   Calling FetchContent_Populate(ruy) is deprecated, call
2026-10-02T22:00:37.8494841Z   FetchContent_MakeAvailable(ruy) instead.  Policy CMP0169 can be set to OLD
2026-10-02T22:00:37.8495582Z   to allow FetchContent_Populate(ruy) to be called directly for now, but the
2026-10-02T22:00:37.8496003Z   ability to call it with declared details will be removed completely in a
2026-10-02T22:00:37.8496345Z   future version.
2026-10-02T22:00:37.8496566Z Call Stack (most recent call first):
2026-10-02T22:00:37.8496828Z   CMakeLists.txt:64 (FetchContent_Populate)
2026-10-02T22:00:37.8497182Z This warning is for project developers.  Use -Wno-dev to suppress it.
2026-10-02T22:00:37.8497542Z 
2026-10-02T22:00:38.4434865Z -- Configuring done (9.0s)
2026-10-02T22:00:38.4604183Z -- Generating done (0.0s)
2026-10-02T22:00:38.4605349Z -- Build files have been written to: /tmp/keyword-native
2026-10-02T22:00:38.4789693Z [  1%] Building CXX object CMakeFiles/tflite_micro_frontend.dir/_deps/tflite_micro-src/tensorflow/lite/experimental/microfrontend/lib/fft.cc.o
2026-10-02T22:00:38.4812293Z [  2%] Building CXX object CMakeFiles/tflite_micro_interpreter.dir/_deps/tflite_micro-src/tensorflow/lite/micro/micro_interpreter.cc.o
2026-10-02T22:00:39.4863471Z [  3%] Building CXX object CMakeFiles/tflite_micro_frontend.dir/_deps/tflite_micro-src/tensorflow/lite/experimental/microfrontend/lib/fft_util.cc.o
2026-10-02T22:00:39.6508471Z [  4%] Building CXX object CMakeFiles/tflite_micro_frontend.dir/_deps/tflite_micro-src/tensorflow/lite/experimental/microfrontend/lib/kiss_fft_int16.cc.o
2026-10-02T22:00:40.2897409Z [  5%] Building C object CMakeFiles/tflite_micro_frontend.dir/_deps/tflite_micro-src/tensorflow/lite/experimental/microfrontend/lib/filterbank.c.o
2026-10-02T22:00:40.7271326Z [  6%] Building C object CMakeFiles/tflite_micro_frontend.dir/_deps/tflite_micro-src/tensorflow/lite/experimental/microfrontend/lib/filterbank_util.c.o
2026-10-02T22:00:41.0309528Z [  7%] Building C object CMakeFiles/tflite_micro_frontend.dir/_deps/tflite_micro-src/tensorflow/lite/experimental/microfrontend/lib/frontend.c.o
2026-10-02T22:00:41.0513282Z [  8%] Building C object CMakeFiles/tflite_micro_frontend.dir/_deps/tflite_micro-src/tensorflow/lite/experimental/microfrontend/lib/frontend_util.c.o
2026-10-02T22:00:41.0767950Z [  9%] Building C object CMakeFiles/tflite_micro_frontend.dir/_deps/tflite_micro-src/tensorflow/lite/experimental/microfrontend/lib/log_lut.c.o
2026-10-02T22:00:41.1510587Z [ 10%] Building CXX object CMakeFiles/tflite_micro_interpreter.dir/_deps/tflite_micro-src/tensorflow/lite/micro/micro_allocator.cc.o
2026-10-02T22:00:41.1622671Z [ 11%] Building C object CMakeFiles/tflite_micro_frontend.dir/_deps/tflite_micro-src/tensorflow/lite/experimental/microfrontend/lib/log_scale.c.o
2026-10-02T22:00:41.1968651Z [ 12%] Building C object CMakeFiles/tflite_micro_frontend.dir/_deps/tflite_micro-src/tensorflow/lite/experimental/microfrontend/lib/log_scale_util.c.o
2026-10-02T22:00:41.2113277Z [ 13%] Building C object CMakeFiles/tflite_micro_frontend.dir/_deps/tflite_micro-src/tensorflow/lite/experimental/microfrontend/lib/noise_reduction.c.o
2026-10-02T22:00:41.2316590Z [ 14%] Building C object CMakeFiles/tflite_micro_frontend.dir/_deps/tflite_micro-src/tensorflow/lite/experimental/microfrontend/lib/noise_reduction_util.c.o
2026-10-02T22:00:41.2507337Z [ 15%] Building C object CMakeFiles/tflite_micro_frontend.dir/_deps/tflite_micro-src/tensorflow/lite/experimental/microfrontend/lib/pcan_gain_control.c.o
2026-10-02T22:00:41.2715097Z [ 16%] Building C object CMakeFiles/tflite_micro_frontend.dir/_deps/tflite_micro-src/tensorflow/lite/experimental/microfrontend/lib/pcan_gain_control_util.c.o
2026-10-02T22:00:41.3015017Z [ 17%] Building C object CMakeFiles/tflite_micro_frontend.dir/_deps/tflite_micro-src/tensorflow/lite/experimental/microfrontend/lib/window.c.o
2026-10-02T22:00:41.4310352Z [ 18%] Building C object CMakeFiles/tflite_micro_frontend.dir/_deps/tflite_micro-src/tensorflow/lite/experimental/microfrontend/lib/window_util.c.o
2026-10-02T22:00:41.4760983Z [ 19%] Linking CXX static library libtflite_micro_frontend.a
2026-10-02T22:00:43.0327629Z [ 20%] Building CXX object CMakeFiles/tflite_micro_interpreter.dir/_deps/tflite_micro-src/tensorflow/lite/micro/micro_context.cc.o
2026-10-02T22:00:44.6540253Z [ 21%] Building CXX object CMakeFiles/tflite_micro_interpreter.dir/_deps/tflite_micro-src/tensorflow/lite/micro/micro_op_resolver.cc.o
2026-10-02T22:00:46.1028790Z [ 22%] Building CXX object CMakeFiles/tflite_micro_interpreter.dir/_deps/tflite_micro-src/tensorflow/lite/micro/micro_utils.cc.o
2026-10-02T22:00:47.6153629Z [ 23%] Building CXX object CMakeFiles/tflite_micro_interpreter.dir/_deps/tflite_micro-src/tensorflow/lite/micro/micro_log.cc.o
2026-10-02T22:00:47.6353667Z [ 24%] Building CXX object CMakeFiles/tflite_micro_interpreter.dir/_deps/tflite_micro-src/tensorflow/lite/micro/flatbuffer_utils.cc.o
2026-10-02T22:00:49.2651761Z [ 25%] Building CXX object CMakeFiles/tflite_micro_interpreter.dir/_deps/tflite_micro-src/tensorflow/lite/micro/memory_helpers.cc.o
2026-10-02T22:00:50.7513726Z [ 26%] Building CXX object CMakeFiles/tflite_micro_interpreter.dir/_deps/tflite_micro-src/tensorflow/lite/micro/micro_allocation_info.cc.o
2026-10-02T22:00:52.4968013Z [ 27%] Building CXX object CMakeFiles/tflite_micro_interpreter.dir/_deps/tflite_micro-src/tensorflow/lite/micro/micro_interpreter_context.cc.o
2026-10-02T22:00:54.0805893Z [ 28%] Building CXX object CMakeFiles/tflite_micro_interpreter.dir/_deps/tflite_micro-src/tensorflow/lite/micro/micro_interpreter_graph.cc.o
2026-10-02T22:00:55.7538265Z [ 29%] Building CXX object CMakeFiles/tflite_micro_interpreter.dir/_deps/tflite_micro-src/tensorflow/lite/micro/micro_resource_variable.cc.o
2026-10-02T22:00:57.3568897Z [ 30%] Building CXX object CMakeFiles/tflite_micro_interpreter.dir/_deps/tflite_micro-src/tensorflow/lite/micro/micro_profiler.cc.o
2026-10-02T22:00:57.5115272Z [ 31%] Building CXX object CMakeFiles/tflite_micro_interpreter.dir/_deps/tflite_micro-src/tensorflow/lite/micro/micro_time.cc.o
2026-10-02T22:00:57.5635194Z [ 32%] Building CXX object CMakeFiles/tflite_micro_interpreter.dir/_deps/tflite_micro-src/tensorflow/lite/micro/system_setup.cc.o
2026-10-02T22:00:57.6565203Z [ 33%] Building CXX object CMakeFiles/tflite_micro_interpreter.dir/_deps/tflite_micro-src/tensorflow/lite/micro/fake_micro_context.cc.o
2026-10-02T22:00:59.3089036Z [ 34%] Building CXX object CMakeFiles/tflite_micro_interpreter.dir/_deps/tflite_micro-src/tensorflow/lite/micro/debug_log.cc.o
2026-10-02T22:00:59.3292893Z [ 35%] Building CXX object CMakeFiles/tflite_micro_interpreter.dir/_deps/tflite_micro-src/tensorflow/lite/micro/arena_allocator/single_arena_buffer_allocator.cc.o
2026-10-02T22:01:00.8728791Z [ 36%] Building CXX object CMakeFiles/tflite_micro_interpreter.dir/_deps/tflite_micro-src/tensorflow/lite/micro/arena_allocator/non_persistent_arena_buffer_allocator.cc.o
2026-10-02T22:01:02.3527933Z [ 37%] Building CXX object CMakeFiles/tflite_micro_interpreter.dir/_deps/tflite_micro-src/tensorflow/lite/micro/arena_allocator/persistent_arena_buffer_allocator.cc.o
2026-10-02T22:01:03.7923751Z [ 38%] Building CXX object CMakeFiles/tflite_micro_interpreter.dir/_deps/tflite_micro-src/tensorflow/lite/micro/memory_planner/greedy_memory_planner.cc.o
2026-10-02T22:01:03.9015642Z [ 39%] Building CXX object CMakeFiles/tflite_micro_interpreter.dir/_deps/tflite_micro-src/tensorflow/lite/micro/memory_planner/linear_memory_planner.cc.o
2026-10-02T22:01:03.9334342Z [ 40%] Building CXX object CMakeFiles/tflite_micro_interpreter.dir/_deps/tflite_micro-src/tensorflow/lite/micro/memory_planner/non_persistent_buffer_planner_shim.cc.o
2026-10-02T22:01:04.0346728Z [ 41%] Building CXX object CMakeFiles/tflite_micro_interpreter.dir/_deps/tflite_micro-src/tensorflow/lite/micro/tflite_bridge/micro_error_reporter.cc.o
2026-10-02T22:01:04.0516374Z [ 42%] Building CXX object CMakeFiles/tflite_micro_interpreter.dir/_deps/tflite_micro-src/tensorflow/lite/micro/tflite_bridge/flatbuffer_conversions_bridge.cc.o
2026-10-02T22:01:05.4786410Z [ 43%] Building CXX object CMakeFiles/tflite_micro_interpreter.dir/_deps/tflite_micro-src/tensorflow/compiler/mlir/lite/core/api/error_reporter.cc.o
2026-10-02T22:01:05.4951312Z [ 44%] Building CXX object CMakeFiles/tflite_micro_interpreter.dir/_deps/tflite_micro-src/tensorflow/lite/core/c/common.cc.o
2026-10-02T22:01:05.5351944Z [ 45%] Building CXX object CMakeFiles/tflite_micro_interpreter.dir/_deps/tflite_micro-src/tensorflow/lite/core/api/flatbuffer_conversions.cc.o
2026-10-02T22:01:08.0667418Z [ 46%] Building CXX object CMakeFiles/tflite_micro_interpreter.dir/_deps/tflite_micro-src/tensorflow/lite/core/api/tensor_utils.cc.o
2026-10-02T22:01:08.0927779Z [ 47%] Building CXX object CMakeFiles/tflite_micro_interpreter.dir/_deps/tflite_micro-src/tensorflow/lite/kernels/kernel_util.cc.o
2026-10-02T22:01:08.4925188Z [ 48%] Building CXX object CMakeFiles/tflite_micro_interpreter.dir/_deps/tflite_micro-src/tensorflow/lite/kernels/internal/common.cc.o
2026-10-02T22:01:08.7114554Z [ 49%] Building CXX object CMakeFiles/tflite_micro_interpreter.dir/_deps/tflite_micro-src/tensorflow/lite/kernels/internal/quantization_util.cc.o
2026-10-02T22:01:08.8957343Z [ 50%] Building CXX object CMakeFiles/tflite_micro_interpreter.dir/_deps/tflite_micro-src/tensorflow/lite/kernels/internal/portable_tensor_utils.cc.o
2026-10-02T22:01:09.0753105Z [ 51%] Building CXX object CMakeFiles/tflite_micro_interpreter.dir/_deps/tflite_micro-src/tensorflow/lite/kernels/internal/tensor_ctypes.cc.o
2026-10-02T22:01:09.1608846Z [ 52%] Building CXX object CMakeFiles/tflite_micro_interpreter.dir/_deps/tflite_micro-src/tensorflow/lite/kernels/internal/runtime_shape.cc.o
2026-10-02T22:01:09.1785798Z [ 53%] Building CXX object CMakeFiles/tflite_micro_interpreter.dir/_deps/tflite_micro-src/tensorflow/lite/kernels/internal/reference/portable_tensor_utils.cc.o
2026-10-02T22:01:10.1218108Z [ 54%] Building CXX object CMakeFiles/tflite_micro_interpreter.dir/_deps/tflite_micro-src/tensorflow/compiler/mlir/lite/schema/schema_utils.cc.o
2026-10-02T22:01:11.6241709Z [ 55%] Building CXX object CMakeFiles/tflite_micro_interpreter.dir/_deps/tflite_micro-src/tensorflow/lite/micro/kernels/conv.cc.o
2026-10-02T22:01:13.4540176Z [ 56%] Building CXX object CMakeFiles/tflite_micro_interpreter.dir/_deps/tflite_micro-src/tensorflow/lite/micro/kernels/conv_common.cc.o
2026-10-02T22:01:14.1963752Z [ 56%] Built target tflite_micro_frontend
2026-10-02T22:01:14.1980454Z [ 57%] Building CXX object CMakeFiles/tflite_micro_interpreter.dir/_deps/tflite_micro-src/tensorflow/lite/micro/kernels/depthwise_conv.cc.o
2026-10-02T22:01:15.1060927Z [ 58%] Building CXX object CMakeFiles/tflite_micro_interpreter.dir/_deps/tflite_micro-src/tensorflow/lite/micro/kernels/depthwise_conv_common.cc.o
2026-10-02T22:01:15.9472435Z [ 59%] Building CXX object CMakeFiles/tflite_micro_interpreter.dir/_deps/tflite_micro-src/tensorflow/lite/micro/kernels/fully_connected.cc.o
2026-10-02T22:01:16.8056213Z [ 60%] Building CXX object CMakeFiles/tflite_micro_interpreter.dir/_deps/tflite_micro-src/tensorflow/lite/micro/kernels/fully_connected_common.cc.o
2026-10-02T22:01:17.7919202Z [ 61%] Building CXX object CMakeFiles/tflite_micro_interpreter.dir/_deps/tflite_micro-src/tensorflow/lite/micro/kernels/pooling.cc.o
2026-10-02T22:01:18.4538307Z [ 62%] Building CXX object CMakeFiles/tflite_micro_interpreter.dir/_deps/tflite_micro-src/tensorflow/lite/micro/kernels/pooling_common.cc.o
2026-10-02T22:01:19.5372140Z [ 63%] Building CXX object CMakeFiles/tflite_micro_interpreter.dir/_deps/tflite_micro-src/tensorflow/lite/micro/kernels/reshape.cc.o
2026-10-02T22:01:20.3547741Z [ 64%] Building CXX object CMakeFiles/tflite_micro_interpreter.dir/_deps/tflite_micro-src/tensorflow/lite/micro/kernels/reshape_common.cc.o
2026-10-02T22:01:21.1630043Z [ 65%] Building CXX object CMakeFiles/tflite_micro_interpreter.dir/_deps/tflite_micro-src/tensorflow/lite/micro/kernels/softmax.cc.o
2026-10-02T22:01:21.9957116Z [ 66%] Building CXX object CMakeFiles/tflite_micro_interpreter.dir/_deps/tflite_micro-src/tensorflow/lite/micro/kernels/softmax_common.cc.o
2026-10-02T22:01:22.9750207Z [ 67%] Building CXX object CMakeFiles/tflite_micro_interpreter.dir/_deps/tflite_micro-src/tensorflow/lite/micro/kernels/logistic.cc.o
2026-10-02T22:01:23.6605359Z [ 68%] Building CXX object CMakeFiles/tflite_micro_interpreter.dir/_deps/tflite_micro-src/tensorflow/lite/micro/kernels/logistic_common.cc.o
2026-10-02T22:01:24.7171314Z [ 69%] Building CXX object CMakeFiles/tflite_micro_interpreter.dir/_deps/tflite_micro-src/tensorflow/lite/micro/kernels/add.cc.o
2026-10-02T22:01:25.3202182Z [ 70%] Building CXX object CMakeFiles/tflite_micro_interpreter.dir/_deps/tflite_micro-src/tensorflow/lite/micro/kernels/add_common.cc.o
2026-10-02T22:01:26.7854478Z [ 71%] Building CXX object CMakeFiles/tflite_micro_interpreter.dir/_deps/tflite_micro-src/tensorflow/lite/micro/kernels/mul.cc.o
2026-10-02T22:01:27.1484184Z [ 72%] Building CXX object CMakeFiles/tflite_micro_interpreter.dir/_deps/tflite_micro-src/tensorflow/lite/micro/kernels/mul_common.cc.o
2026-10-02T22:01:28.4340693Z [ 73%] Building CXX object CMakeFiles/tflite_micro_interpreter.dir/_deps/tflite_micro-src/tensorflow/lite/micro/kernels/quantize.cc.o
2026-10-02T22:01:29.0876062Z [ 74%] Building CXX object CMakeFiles/tflite_micro_interpreter.dir/_deps/tflite_micro-src/tensorflow/lite/micro/kernels/quantize_common.cc.o
2026-10-02T22:01:30.0666079Z [ 75%] Building CXX object CMakeFiles/tflite_micro_interpreter.dir/_deps/tflite_micro-src/tensorflow/lite/micro/kernels/dequantize.cc.o
2026-10-02T22:01:30.7939571Z [ 76%] Building CXX object CMakeFiles/tflite_micro_interpreter.dir/_deps/tflite_micro-src/tensorflow/lite/micro/kernels/dequantize_common.cc.o
2026-10-02T22:01:31.8179842Z [ 77%] Building CXX object CMakeFiles/tflite_micro_interpreter.dir/_deps/tflite_micro-src/tensorflow/lite/micro/kernels/activations.cc.o
2026-10-02T22:01:32.5443510Z [ 78%] Building CXX object CMakeFiles/tflite_micro_interpreter.dir/_deps/tflite_micro-src/tensorflow/lite/micro/kernels/activations_common.cc.o
2026-10-02T22:01:33.6728620Z [ 79%] Building CXX object CMakeFiles/tflite_micro_interpreter.dir/_deps/tflite_micro-src/tensorflow/lite/micro/kernels/pad.cc.o
2026-10-02T22:01:34.3689797Z [ 80%] Building CXX object CMakeFiles/tflite_micro_interpreter.dir/_deps/tflite_micro-src/tensorflow/lite/micro/kernels/pad_common.cc.o
2026-10-02T22:01:35.6112158Z [ 81%] Building CXX object CMakeFiles/tflite_micro_interpreter.dir/_deps/tflite_micro-src/tensorflow/lite/micro/kernels/concatenation.cc.o
2026-10-02T22:01:36.0702793Z [ 82%] Building CXX object CMakeFiles/tflite_micro_interpreter.dir/_deps/tflite_micro-src/tensorflow/lite/micro/kernels/strided_slice.cc.o
2026-10-02T22:01:37.3901979Z [ 83%] Building CXX object CMakeFiles/tflite_micro_interpreter.dir/_deps/tflite_micro-src/tensorflow/lite/micro/kernels/strided_slice_common.cc.o
2026-10-02T22:01:38.1925823Z [ 84%] Building CXX object CMakeFiles/tflite_micro_interpreter.dir/_deps/tflite_micro-src/tensorflow/lite/micro/kernels/pack.cc.o
2026-10-02T22:01:39.1278249Z [ 85%] Building CXX object CMakeFiles/tflite_micro_interpreter.dir/_deps/tflite_micro-src/tensorflow/lite/micro/kernels/unpack.cc.o
2026-10-02T22:01:39.8941268Z [ 86%] Building CXX object CMakeFiles/tflite_micro_interpreter.dir/_deps/tflite_micro-src/tensorflow/lite/micro/kernels/kernel_util.cc.o
2026-10-02T22:01:40.8304746Z [ 87%] Building CXX object CMakeFiles/tflite_micro_interpreter.dir/_deps/tflite_micro-src/tensorflow/lite/micro/kernels/micro_tensor_utils.cc.o
2026-10-02T22:01:41.0211967Z [ 88%] Building CXX object CMakeFiles/tflite_micro_interpreter.dir/_deps/tflite_micro-src/tensorflow/lite/micro/kernels/call_once.cc.o
2026-10-02T22:01:41.5682306Z [ 89%] Building CXX object CMakeFiles/tflite_micro_interpreter.dir/_deps/tflite_micro-src/tensorflow/lite/micro/kernels/var_handle.cc.o
2026-10-02T22:01:42.6503736Z [ 90%] Building CXX object CMakeFiles/tflite_micro_interpreter.dir/_deps/tflite_micro-src/tensorflow/lite/micro/kernels/read_variable.cc.o
2026-10-02T22:01:43.1998823Z [ 91%] Building CXX object CMakeFiles/tflite_micro_interpreter.dir/_deps/tflite_micro-src/tensorflow/lite/micro/kernels/assign_variable.cc.o
2026-10-02T22:01:44.2730277Z [ 92%] Building CXX object CMakeFiles/tflite_micro_interpreter.dir/_deps/tflite_micro-src/tensorflow/lite/micro/kernels/split_v.cc.o
2026-10-02T22:01:44.8254967Z [ 93%] Building CXX object CMakeFiles/tflite_micro_interpreter.dir/_deps/tflite_micro-src/tensorflow/lite/micro/kernels/reduce.cc.o
2026-10-02T22:01:45.9562699Z [ 94%] Building CXX object CMakeFiles/tflite_micro_interpreter.dir/_deps/tflite_micro-src/tensorflow/lite/micro/kernels/reduce_common.cc.o
2026-10-02T22:01:47.8302999Z [ 95%] Linking CXX static library libtflite_micro_interpreter.a
2026-10-02T22:01:47.9967959Z [ 95%] Built target tflite_micro_interpreter
2026-10-02T22:01:48.0020946Z [ 96%] Building CXX object CMakeFiles/microwakeword_test.dir/home/runner/work/Jarvis-OS-V2/Jarvis-OS-V2/scripts/microwakeword_test.cpp.o
2026-10-02T22:01:48.0021747Z [ 97%] Building CXX object CMakeFiles/microwakeword_test.dir/MicroWakeWordEngine.cpp.o
2026-10-02T22:01:49.7563934Z [ 98%] Building CXX object CMakeFiles/microwakeword_test.dir/MicroFrontendWrapper.cpp.o
2026-10-02T22:01:50.8297820Z [100%] Linking CXX executable microwakeword_test
2026-10-02T22:01:50.8858216Z [100%] Built target microwakeword_test
2026-10-02T22:01:50.9529224Z hey_jarvis: native model initialized, 5 seconds processed, no silence trigger
2026-10-02T22:01:50.9529963Z stop: native model initialized, 5 seconds processed, no silence trigger
2026-10-02T22:01:50.9601850Z ##[group]Run python3 -m unittest discover -s scripts -p 'test_*.py'
2026-10-02T22:01:50.9602284Z [36;1mpython3 -m unittest discover -s scripts -p 'test_*.py'[0m
2026-10-02T22:01:50.9639333Z shell: /usr/bin/bash -e {0}
2026-10-02T22:01:50.9639587Z env:
2026-10-02T22:01:50.9639859Z   JAVA_HOME: /opt/hostedtoolcache/Java_Temurin-Hotspot_jdk/21.0.12-1/x64
2026-10-02T22:01:50.9640267Z   JAVA_HOME_21_X64: /opt/hostedtoolcache/Java_Temurin-Hotspot_jdk/21.0.12-1/x64
2026-10-02T22:01:50.9640618Z   GRADLE_ACTION_ID: gradle/actions/setup-gradle
2026-10-02T22:01:50.9640885Z   GRADLE_USER_HOME: /home/runner/.gradle
2026-10-02T22:01:50.9641139Z   GRADLE_BUILD_ACTION_SETUP_COMPLETED: true
2026-10-02T22:01:50.9641405Z   GRADLE_BUILD_ACTION_CACHE_RESTORED: true
2026-10-02T22:01:50.9641796Z   DEVELOCITY_INJECTION_INIT_SCRIPT_NAME: gradle-actions.inject-develocity.init.gradle
2026-10-02T22:01:50.9642214Z   DEVELOCITY_INJECTION_CUSTOM_VALUE: gradle-actions
2026-10-02T22:01:50.9642540Z   GITHUB_DEPENDENCY_GRAPH_ENABLED: false
2026-10-02T22:01:50.9642777Z ##[endgroup]
2026-10-02T22:01:52.1571965Z .......................
2026-10-02T22:01:52.1572744Z Compact APK preserves identical native, DEX and asset payloads.
2026-10-02T22:01:52.1573616Z ----------------------------------------------------------------------
2026-10-02T22:01:52.1574314Z Ran 23 tests in 1.047s
2026-10-02T22:01:52.1574608Z 
2026-10-02T22:01:52.1574787Z OK
2026-10-02T22:01:52.1698411Z ##[group]Run test -n "$ANDROID_KEYSTORE_BASE64"
2026-10-02T22:01:52.1698774Z [36;1mtest -n "$ANDROID_KEYSTORE_BASE64"[0m
2026-10-02T22:01:52.1699060Z [36;1mtest -n "$ANDROID_KEYSTORE_PASSWORD"[0m
2026-10-02T22:01:52.1699334Z [36;1mtest -n "$ANDROID_KEY_ALIAS"[0m
2026-10-02T22:01:52.1699582Z [36;1mtest -n "$ANDROID_KEY_PASSWORD"[0m
2026-10-02T22:01:52.1700337Z [36;1mecho "$ANDROID_KEYSTORE_BASE64" | base64 --decode > "$RUNNER_TEMP/***.keystore"[0m
2026-10-02T22:01:52.1737836Z shell: /usr/bin/bash -e {0}
2026-10-02T22:01:52.1738095Z env:
2026-10-02T22:01:52.1738379Z   JAVA_HOME: /opt/hostedtoolcache/Java_Temurin-Hotspot_jdk/21.0.12-1/x64
2026-10-02T22:01:52.1738805Z   JAVA_HOME_21_X64: /opt/hostedtoolcache/Java_Temurin-Hotspot_jdk/21.0.12-1/x64
2026-10-02T22:01:52.1739164Z   GRADLE_ACTION_ID: gradle/actions/setup-gradle
2026-10-02T22:01:52.1739434Z   GRADLE_USER_HOME: /home/runner/.gradle
2026-10-02T22:01:52.1739685Z   GRADLE_BUILD_ACTION_SETUP_COMPLETED: true
2026-10-02T22:01:52.1739994Z   GRADLE_BUILD_ACTION_CACHE_RESTORED: true
2026-10-02T22:01:52.1740361Z   DEVELOCITY_INJECTION_INIT_SCRIPT_NAME: gradle-actions.inject-develocity.init.gradle
2026-10-02T22:01:52.1740760Z   DEVELOCITY_INJECTION_CUSTOM_VALUE: gradle-actions
2026-10-02T22:01:52.1741032Z   GITHUB_DEPENDENCY_GRAPH_ENABLED: false
2026-10-02T22:01:52.1755036Z   ANDROID_KEYSTORE_BASE64: ***
2026-10-02T22:01:52.1755437Z   ANDROID_KEYSTORE_PASSWORD: ***
2026-10-02T22:01:52.1755701Z   ANDROID_KEY_ALIAS: ***
2026-10-02T22:01:52.1756027Z   ANDROID_KEY_PASSWORD: ***
2026-10-02T22:01:52.1756246Z ##[endgroup]
2026-10-02T22:01:52.1848629Z ##[group]Run gradle --no-daemon testReleaseUnitTest assembleRelease assembleReleaseAndroidTest
2026-10-02T22:01:52.1849191Z [36;1mgradle --no-daemon testReleaseUnitTest assembleRelease assembleReleaseAndroidTest[0m
2026-10-02T22:01:52.1875805Z shell: /usr/bin/bash -e {0}
2026-10-02T22:01:52.1876051Z env:
2026-10-02T22:01:52.1876319Z   JAVA_HOME: /opt/hostedtoolcache/Java_Temurin-Hotspot_jdk/21.0.12-1/x64
2026-10-02T22:01:52.1876743Z   JAVA_HOME_21_X64: /opt/hostedtoolcache/Java_Temurin-Hotspot_jdk/21.0.12-1/x64
2026-10-02T22:01:52.1877101Z   GRADLE_ACTION_ID: gradle/actions/setup-gradle
2026-10-02T22:01:52.1877572Z   GRADLE_USER_HOME: /home/runner/.gradle
2026-10-02T22:01:52.1877836Z   GRADLE_BUILD_ACTION_SETUP_COMPLETED: true
2026-10-02T22:01:52.1878105Z   GRADLE_BUILD_ACTION_CACHE_RESTORED: true
2026-10-02T22:01:52.1878470Z   DEVELOCITY_INJECTION_INIT_SCRIPT_NAME: gradle-actions.inject-develocity.init.gradle
2026-10-02T22:01:52.1879079Z   DEVELOCITY_INJECTION_CUSTOM_VALUE: gradle-actions
2026-10-02T22:01:52.1879365Z   GITHUB_DEPENDENCY_GRAPH_ENABLED: false
2026-10-02T22:01:52.1879760Z   ANDROID_KEYSTORE_PATH: /home/runner/work/_temp/***.keystore
2026-10-02T22:01:52.1880168Z   ANDROID_KEYSTORE_PASSWORD: ***
2026-10-02T22:01:52.1880414Z   ANDROID_KEY_ALIAS: ***
2026-10-02T22:01:52.1880712Z   ANDROID_KEY_PASSWORD: ***
2026-10-02T22:01:52.1880930Z   ANDROID_VERSION_CODE: 888
2026-10-02T22:01:52.1881155Z   ANDROID_VERSION_NAME: 0.1.0-build.888
2026-10-02T22:01:52.1881383Z ##[endgroup]
2026-10-02T22:01:52.7166358Z To honour the JVM settings for this build a single-use Daemon process will be forked. For more on this, please refer to https://docs.gradle.org/8.10.2/userguide/gradle_daemon.html#sec:disabling_the_daemon in the Gradle documentation.
2026-10-02T22:01:53.8139865Z Daemon will be stopped at the end of the build 
2026-10-02T22:02:39.5154864Z > Task :app:buildKotlinToolingMetadata
2026-10-02T22:02:39.5155668Z > Task :app:checkKotlinGradlePluginConfigurationErrors SKIPPED
2026-10-02T22:02:40.2139509Z > Task :app:extractMoonshine
2026-10-02T22:02:41.4140280Z > Task :app:extractSherpa
2026-10-02T22:02:44.6143961Z 
2026-10-02T22:02:44.6146638Z > Task :app:buildSherpa
2026-10-02T22:02:44.6147567Z -- CMake version: 3.31.6
2026-10-02T22:02:44.6148753Z CMake Deprecation Warning at /usr/local/lib/android/sdk/ndk/27.2.12479018/build/cmake/android.toolchain.cmake:35 (cmake_minimum_required):
2026-10-02T22:02:44.6149581Z   Compatibility with CMake < 3.10 will be removed from a future version of
2026-10-02T22:02:44.6150081Z   CMake.
2026-10-02T22:02:44.6150314Z 
2026-10-02T22:02:44.6150685Z   Update the VERSION argument <min> value.  Or, use the <min>...<max> syntax
2026-10-02T22:02:44.6151308Z   to tell CMake that the project requires at least <min> but has been updated
2026-10-02T22:02:44.6151876Z   to work with policies introduced by <max> or earlier.
2026-10-02T22:02:44.6152340Z Call Stack (most recent call first):
2026-10-02T22:02:44.6152940Z   /usr/local/share/cmake-3.31/Modules/CMakeDetermineSystem.cmake:146 (include)
2026-10-02T22:02:44.6153492Z   CMakeLists.txt:26 (project)
2026-10-02T22:02:44.6153789Z 
2026-10-02T22:02:44.6153938Z -- The C compiler identification is Clang 18.0.3
2026-10-02T22:02:44.6154282Z 
2026-10-02T22:02:44.6154760Z CMake Deprecation Warning at /usr/local/lib/android/sdk/ndk/27.2.12479018/build/cmake/android-legacy.toolchain.cmake:35 (cmake_minimum_required):
2026-10-02T22:02:44.6155570Z   Compatibility with CMake < 3.10 will be removed from a future version of
2026-10-02T22:02:44.6156027Z   CMake.
2026-10-02T22:02:44.6156233Z 
2026-10-02T22:02:44.6156528Z   Update the VERSION argument <min> value.  Or, use the <min>...<max> syntax
2026-10-02T22:02:44.6157133Z   to tell CMake that the project requires at least <min> but has been updated
2026-10-02T22:02:44.6157896Z   to work with policies introduced by <max> or earlier.
2026-10-02T22:02:44.6158343Z Call Stack (most recent call first):
2026-10-02T22:02:44.6159757Z   /usr/local/lib/android/sdk/ndk/27.2.12479018/build/cmake/android.toolchain.cmake:55 (include)
2026-10-02T22:02:44.6160391Z   /usr/local/share/cmake-3.31/Modules/CMakeDetermineSystem.cmake:146 (include)
2026-10-02T22:02:44.6160793Z   CMakeLists.txt:26 (project)
2026-10-02T22:02:44.6160979Z 
2026-10-02T22:02:44.6160983Z 
2026-10-02T22:02:44.6161429Z CMake Deprecation Warning at /usr/local/lib/android/sdk/ndk/27.2.12479018/build/cmake/android.toolchain.cmake:35 (cmake_minimum_required):
2026-10-02T22:02:44.6162126Z   Compatibility with CMake < 3.10 will be removed from a future version of
2026-10-02T22:02:44.6162493Z   CMake.
2026-10-02T22:02:44.6162609Z 
2026-10-02T22:02:44.6162808Z   Update the VERSION argument <min> value.  Or, use the <min>...<max> syntax
2026-10-02T22:02:44.6163292Z   to tell CMake that the project requires at least <min> but has been updated
2026-10-02T22:02:44.6163717Z   to work with policies introduced by <max> or earlier.
2026-10-02T22:02:44.6164235Z Call Stack (most recent call first):
2026-10-02T22:02:44.6164779Z   /home/runner/work/Jarvis-OS-V2/Jarvis-OS-V2/app/build/sherpa-native/cmake/CMakeFiles/3.31.6/CMakeSystem.cmake:6 (include)
2026-10-02T22:02:44.6165323Z   CMakeLists.txt:26 (project)
2026-10-02T22:02:44.6165496Z 
2026-10-02T22:02:44.6165500Z 
2026-10-02T22:02:45.1140083Z -- The CXX compiler identification is Clang 18.0.3
2026-10-02T22:02:45.2140913Z CMake Deprecation Warning at /usr/local/lib/android/sdk/ndk/27.2.12479018/build/cmake/flags.cmake:18 (cmake_minimum_required):
2026-10-02T22:02:45.2141800Z   Compatibility with CMake < 3.10 will be removed from a future version of
2026-10-02T22:02:45.2142353Z   CMake.
2026-10-02T22:02:45.2142572Z 
2026-10-02T22:02:45.2142900Z   Update the VERSION argument <min> value.  Or, use the <min>...<max> syntax
2026-10-02T22:02:45.2143492Z   to tell CMake that the project requires at least <min> but has been updated
2026-10-02T22:02:45.2144378Z   to work with policies introduced by <max> or earlier.
2026-10-02T22:02:45.2144781Z -- Detecting C compiler ABI info
2026-10-02T22:02:45.2145176Z Call Stack (most recent call first):
2026-10-02T22:02:45.2145695Z   /usr/local/share/cmake-3.31/Modules/Platform/Android-Clang.cmake:23 (include)
2026-10-02T22:02:45.2146247Z   /usr/local/share/cmake-3.31/Modules/Platform/Android-Clang-C.cmake:1 (include)
2026-10-02T22:02:45.2146672Z   /usr/local/share/cmake-3.31/Modules/CMakeCInformation.cmake:48 (include)
2026-10-02T22:02:45.2147079Z   CMakeLists.txt:26 (project)
2026-10-02T22:02:45.2147513Z 
2026-10-02T22:02:45.2147517Z 
2026-10-02T22:02:45.2147886Z CMake Deprecation Warning at /usr/local/lib/android/sdk/ndk/27.2.12479018/build/cmake/android.toolchain.cmake:35 (cmake_minimum_required):
2026-10-02T22:02:45.2148387Z   Compatibility with CMake < 3.10 will be removed from a future version of
2026-10-02T22:02:45.2148653Z   CMake.
2026-10-02T22:02:45.2148740Z 
2026-10-02T22:02:45.2148887Z   Update the VERSION argument <min> value.  Or, use the <min>...<max> syntax
2026-10-02T22:02:45.2149237Z   to tell CMake that the project requires at least <min> but has been updated
2026-10-02T22:02:45.2149550Z   to work with policies introduced by <max> or earlier.
2026-10-02T22:02:45.2149800Z Call Stack (most recent call first):
2026-10-02T22:02:45.2150200Z   /home/runner/work/Jarvis-OS-V2/Jarvis-OS-V2/app/build/sherpa-native/cmake/CMakeFiles/3.31.6/CMakeSystem.cmake:6 (include)
2026-10-02T22:02:45.2150822Z   /home/runner/work/Jarvis-OS-V2/Jarvis-OS-V2/app/build/sherpa-native/cmake/CMakeFiles/CMakeScratch/TryCompile-xUHmml/CMakeLists.txt:4 (project)
2026-10-02T22:02:45.2151183Z 
2026-10-02T22:02:45.2151187Z 
2026-10-02T22:02:45.2151487Z CMake Deprecation Warning at /usr/local/lib/android/sdk/ndk/27.2.12479018/build/cmake/android-legacy.toolchain.cmake:35 (cmake_minimum_required):
2026-10-02T22:02:45.2151977Z   Compatibility with CMake < 3.10 will be removed from a future version of
2026-10-02T22:02:45.2152244Z   CMake.
2026-10-02T22:02:45.2152338Z 
2026-10-02T22:02:45.2152477Z   Update the VERSION argument <min> value.  Or, use the <min>...<max> syntax
2026-10-02T22:02:45.2153248Z   to tell CMake that the project requires at least <min> but has been updated
2026-10-02T22:02:45.2153801Z   to work with policies introduced by <max> or earlier.
2026-10-02T22:02:45.2154104Z Call Stack (most recent call first):
2026-10-02T22:02:45.2154671Z   /usr/local/lib/android/sdk/ndk/27.2.12479018/build/cmake/android.toolchain.cmake:55 (include)
2026-10-02T22:02:45.2155479Z   /home/runner/work/Jarvis-OS-V2/Jarvis-OS-V2/app/build/sherpa-native/cmake/CMakeFiles/3.31.6/CMakeSystem.cmake:6 (include)
2026-10-02T22:02:45.2156440Z   /home/runner/work/Jarvis-OS-V2/Jarvis-OS-V2/app/build/sherpa-native/cmake/CMakeFiles/CMakeScratch/TryCompile-xUHmml/CMakeLists.txt:4 (project)
2026-10-02T22:02:45.2156976Z 
2026-10-02T22:02:45.2157470Z 
2026-10-02T22:02:45.2158208Z CMake Deprecation Warning at /usr/local/lib/android/sdk/ndk/27.2.12479018/build/cmake/flags.cmake:18 (cmake_minimum_required):
2026-10-02T22:02:45.2159026Z   Compatibility with CMake < 3.10 will be removed from a future version of
2026-10-02T22:02:45.2159323Z   CMake.
2026-10-02T22:02:45.2159415Z 
2026-10-02T22:02:45.2159568Z   Update the VERSION argument <min> value.  Or, use the <min>...<max> syntax
2026-10-02T22:02:45.2159951Z   to tell CMake that the project requires at least <min> but has been updated
2026-10-02T22:02:45.2160268Z   to work with policies introduced by <max> or earlier.
2026-10-02T22:02:45.2160514Z Call Stack (most recent call first):
2026-10-02T22:02:45.2160824Z   /usr/local/share/cmake-3.31/Modules/Platform/Android-Clang.cmake:23 (include)
2026-10-02T22:02:45.2161203Z   /usr/local/share/cmake-3.31/Modules/Platform/Android-Clang-C.cmake:1 (include)
2026-10-02T22:02:45.2161563Z   /usr/local/share/cmake-3.31/Modules/CMakeCInformation.cmake:48 (include)
2026-10-02T22:02:45.2162085Z   /home/runner/work/Jarvis-OS-V2/Jarvis-OS-V2/app/build/sherpa-native/cmake/CMakeFiles/CMakeScratch/TryCompile-xUHmml/CMakeLists.txt:4 (project)
2026-10-02T22:02:45.2162455Z 
2026-10-02T22:02:45.2162459Z 
2026-10-02T22:02:45.3139322Z -- Detecting C compiler ABI info - done
2026-10-02T22:02:45.3140153Z -- Check for working C compiler: /usr/local/lib/android/sdk/ndk/27.2.12479018/toolchains/llvm/prebuilt/linux-x86_64/bin/clang - skipped
2026-10-02T22:02:45.3140784Z -- Detecting C compile features
2026-10-02T22:02:45.3141095Z -- Detecting C compile features - done
2026-10-02T22:02:45.4138851Z -- Detecting CXX compiler ABI info
2026-10-02T22:02:45.4139743Z CMake Deprecation Warning at /usr/local/lib/android/sdk/ndk/27.2.12479018/build/cmake/android.toolchain.cmake:35 (cmake_minimum_required):
2026-10-02T22:02:45.4140554Z   Compatibility with CMake < 3.10 will be removed from a future version of
2026-10-02T22:02:45.4141032Z   CMake.
2026-10-02T22:02:45.4141225Z 
2026-10-02T22:02:45.4146717Z   Update the VERSION argument <min> value.  Or, use the <min>...<max> syntax
2026-10-02T22:02:45.4147197Z -- Detecting CXX compiler ABI info - done
2026-10-02T22:02:45.4148509Z -- Check for working CXX compiler: /usr/local/lib/android/sdk/ndk/27.2.12479018/toolchains/llvm/prebuilt/linux-x86_64/bin/clang++ - skipped
2026-10-02T22:02:45.4151036Z   to tell CMake that the project requires at least <min> but has been updated
2026-10-02T22:02:45.4175410Z   to work with policies introduced by <max> or earlier.
2026-10-02T22:02:45.4175799Z -- Detecting CXX compile features
2026-10-02T22:02:45.4176079Z Call Stack (most recent call first):
2026-10-02T22:02:45.4176610Z   /home/runner/work/Jarvis-OS-V2/Jarvis-OS-V2/app/build/sherpa-native/cmake/CMakeFiles/3.31.6/CMakeSystem.cmake:6 (include)
2026-10-02T22:02:45.4177495Z   /home/runner/work/Jarvis-OS-V2/Jarvis-OS-V2/app/build/sherpa-native/cmake/CMakeFiles/CMakeScratch/TryCompile-nzV8fb/CMakeLists.txt:4 (project)
2026-10-02T22:02:45.4177874Z 
2026-10-02T22:02:45.4177877Z 
2026-10-02T22:02:45.4178185Z CMake Deprecation Warning at /usr/local/lib/android/sdk/ndk/27.2.12479018/build/cmake/android-legacy.toolchain.cmake:35 (cmake_minimum_required):
2026-10-02T22:02:45.4178713Z   Compatibility with CMake < 3.10 will be removed from a future version of
2026-10-02T22:02:45.4188097Z   CMake.
2026-10-02T22:02:45.4188381Z 
2026-10-02T22:02:45.4188642Z   Update the VERSION argument <min> value.  Or, use the <min>...<max> syntax
2026-10-02T22:02:45.4189239Z   to tell CMake that the project requires at least <min> but has been updated
2026-10-02T22:02:45.4189869Z   to work with policies introduced by <max> or earlier.
2026-10-02T22:02:45.4190322Z -- Detecting CXX compile features - done
2026-10-02T22:02:45.4190678Z -- CMAKE_BUILD_TYPE: Release
2026-10-02T22:02:45.4190988Z -- CMAKE_INSTALL_PREFIX: /usr/local
2026-10-02T22:02:45.4191315Z -- BUILD_SHARED_LIBS OFF
2026-10-02T22:02:45.4191600Z -- SHERPA_ONNX_ENABLE_PYTHON OFF
2026-10-02T22:02:45.4191919Z -- SHERPA_ONNX_ENABLE_TESTS OFF
2026-10-02T22:02:45.4192209Z -- SHERPA_ONNX_ENABLE_CHECK OFF
2026-10-02T22:02:45.4192518Z -- SHERPA_ONNX_ENABLE_PORTAUDIO OFF
2026-10-02T22:02:45.4192836Z -- SHERPA_ONNX_ENABLE_JNI ON
2026-10-02T22:02:45.4193317Z -- SHERPA_ONNX_ENABLE_C_API OFF
2026-10-02T22:02:45.4193638Z -- SHERPA_ONNX_ENABLE_WEBSOCKET OFF
2026-10-02T22:02:45.4193949Z -- SHERPA_ONNX_ENABLE_GPU OFF
2026-10-02T22:02:45.4194259Z -- SHERPA_ONNX_ENABLE_WASM OFF
2026-10-02T22:02:45.4194608Z -- SHERPA_ONNX_ENABLE_WASM_SPEAKER_DIARIZATION OFF
2026-10-02T22:02:45.4194990Z -- SHERPA_ONNX_ENABLE_WASM_TTS OFF
2026-10-02T22:02:45.4195302Z -- SHERPA_ONNX_ENABLE_WASM_ASR OFF
2026-10-02T22:02:45.4195610Z -- SHERPA_ONNX_ENABLE_WASM_KWS OFF
2026-10-02T22:02:45.4195914Z -- SHERPA_ONNX_ENABLE_WASM_VAD OFF
2026-10-02T22:02:45.4196225Z -- SHERPA_ONNX_ENABLE_WASM_VAD_ASR OFF
2026-10-02T22:02:45.4196542Z -- SHERPA_ONNX_ENABLE_WASM_NODEJS OFF
2026-10-02T22:02:45.4196960Z -- SHERPA_ONNX_ENABLE_WASM_WEB OFF
2026-10-02T22:02:45.4197830Z -- SHERPA_ONNX_ENABLE_WASM_SPEECH_ENHANCEMENT OFF
2026-10-02T22:02:45.4198212Z -- SHERPA_ONNX_ENABLE_BINARY OFF
2026-10-02T22:02:45.4198525Z -- SHERPA_ONNX_ENABLE_TTS ON
2026-10-02T22:02:45.4198861Z Call Stack (most recent call first):
2026-10-02T22:02:45.4199411Z   /usr/local/lib/android/sdk/ndk/27.2.12479018/build/cmake/android.toolchain.cmake:55 (include)
2026-10-02T22:02:45.4200205Z   /home/runner/work/Jarvis-OS-V2/Jarvis-OS-V2/app/build/sherpa-native/cmake/CMakeFiles/3.31.6/CMakeSystem.cmake:6 (include)
2026-10-02T22:02:45.4201189Z   /home/runner/work/Jarvis-OS-V2/Jarvis-OS-V2/app/build/sherpa-native/cmake/CMakeFiles/CMakeScratch/TryCompile-nzV8fb/CMakeLists.txt:4 (project)
2026-10-02T22:02:45.4201802Z 
2026-10-02T22:02:45.4201807Z 
2026-10-02T22:02:45.4202192Z CMake Deprecation Warning at /usr/local/lib/android/sdk/ndk/27.2.12479018/build/cmake/flags.cmake:18 (cmake_minimum_required):
2026-10-02T22:02:45.4202909Z   Compatibility with CMake < 3.10 will be removed from a future version of
2026-10-02T22:02:45.4203320Z   CMake.
2026-10-02T22:02:45.4203449Z 
2026-10-02T22:02:45.4203683Z   Update the VERSION argument <min> value.  Or, use the <min>...<max> syntax
2026-10-02T22:02:45.4204193Z   to tell CMake that the project requires at least <min> but has been updated
2026-10-02T22:02:45.4204684Z   to work with policies introduced by <max> or earlier.
2026-10-02T22:02:45.4205070Z Call Stack (most recent call first):
2026-10-02T22:02:45.4205533Z   /usr/local/share/cmake-3.31/Modules/Platform/Android-Clang.cmake:23 (include)
2026-10-02T22:02:45.4206110Z   /usr/local/share/cmake-3.31/Modules/Platform/Android-Clang-CXX.cmake:1 (include)
2026-10-02T22:02:45.4206686Z   /usr/local/share/cmake-3.31/Modules/CMakeCXXInformation.cmake:48 (include)
2026-10-02T22:02:45.4207666Z   /home/runner/work/Jarvis-OS-V2/Jarvis-OS-V2/app/build/sherpa-native/cmake/CMakeFiles/CMakeScratch/TryCompile-nzV8fb/CMakeLists.txt:4 (project)
2026-10-02T22:02:45.4208181Z 
2026-10-02T22:02:45.4208186Z 
2026-10-02T22:02:45.4208327Z -- SHERPA_ONNX_ENABLE_SPEAKER_DIARIZATION OFF
2026-10-02T22:02:45.4208575Z -- SHERPA_ONNX_LINK_LIBSTDCPP_STATICALLY ON
2026-10-02T22:02:45.4208859Z -- SHERPA_ONNX_USE_PRE_INSTALLED_ONNXRUNTIME_IF_AVAILABLE ON
2026-10-02T22:02:45.4209122Z -- SHERPA_ONNX_ENABLE_SANITIZER: OFF
2026-10-02T22:02:45.4209360Z -- SHERPA_ONNX_BUILD_C_API_EXAMPLES: ON
2026-10-02T22:02:45.4209746Z -- SHERPA_ONNX_ENABLE_RKNN: OFF
2026-10-02T22:02:45.4209962Z -- SHERPA_ONNX_ENABLE_AXERA: OFF
2026-10-02T22:02:45.4210172Z -- SHERPA_ONNX_ENABLE_AXCL: OFF
2026-10-02T22:02:45.4210376Z -- SHERPA_ONNX_ENABLE_ASCEND_NPU: OFF
2026-10-02T22:02:45.4210579Z -- SHERPA_ONNX_ENABLE_QNN: OFF
2026-10-02T22:02:45.4210783Z -- SHERPA_ONNX_ENABLE_SPACEMIT: OFF
2026-10-02T22:02:45.4210990Z -- SHERPA_ONNX_LINK_D3D: OFF
2026-10-02T22:02:45.4211188Z -- SHERPA_ONNX_USE_STATIC_CRT: ON
2026-10-02T22:02:45.4211384Z -- TTS is enabled
2026-10-02T22:02:45.4211566Z -- speaker diarization is disabled
2026-10-02T22:02:45.4211771Z -- DirectML is disabled
2026-10-02T22:02:45.4211951Z -- C++ Standard version: 17
2026-10-02T22:02:45.5139219Z CMake Deprecation Warning at /usr/local/lib/android/sdk/ndk/27.2.12479018/build/cmake/android.toolchain.cmake:35 (cmake_minimum_required):
2026-10-02T22:02:45.5139901Z   Compatibility with CMake < 3.10 will be removed from a future version of
2026-10-02T22:02:45.5140568Z   CMake.
2026-10-02T22:02:45.5140837Z -- Looking for C++ include cxxabi.h
2026-10-02T22:02:45.5141047Z 
2026-10-02T22:02:45.5141273Z   Update the VERSION argument <min> value.  Or, use the <min>...<max> syntax
2026-10-02T22:02:45.5146160Z   to tell CMake that the project requires at least <min> but has been updated
2026-10-02T22:02:45.5146694Z   to work with policies introduced by <max> or earlier.
2026-10-02T22:02:45.5147025Z Call Stack (most recent call first):
2026-10-02T22:02:45.5151428Z   /home/runner/work/Jarvis-OS-V2/Jarvis-OS-V2/app/build/sherpa-native/cmake/CMakeFiles/3.31.6/CMakeSystem.cmake:6 (include)
2026-10-02T22:02:45.5153616Z -- Looking for C++ include cxxabi.h - found
2026-10-02T22:02:45.5154016Z -- Looking for C++ include execinfo.h
2026-10-02T22:02:45.5157157Z -- Looking for C++ include execinfo.h - found
2026-10-02T22:02:45.5157724Z -- CMAKE_SOURCE_DIR: /home/runner/work/Jarvis-OS-V2/Jarvis-OS-V2/app/build/sherpa-native/source
2026-10-02T22:02:45.5158327Z -- CMAKE_BINARY_DIR: /home/runner/work/Jarvis-OS-V2/Jarvis-OS-V2/app/build/sherpa-native/cmake
2026-10-02T22:02:45.5159156Z -- PROJECT_SOURCE_DIR: /home/runner/work/Jarvis-OS-V2/Jarvis-OS-V2/app/build/sherpa-native/source
2026-10-02T22:02:45.5159816Z   /home/runner/work/Jarvis-OS-V2/Jarvis-OS-V2/app/build/sherpa-native/cmake/CMakeFiles/CMakeScratch/TryCompile-slRXlb/CMakeLists.txt:4 (project)
2026-10-02T22:02:45.5160175Z 
2026-10-02T22:02:45.5160186Z 
2026-10-02T22:02:45.5160494Z CMake Deprecation Warning at /usr/local/lib/android/sdk/ndk/27.2.12479018/build/cmake/android-legacy.toolchain.cmake:35 (cmake_minimum_required):
2026-10-02T22:02:45.5160990Z   Compatibility with CMake < 3.10 will be removed from a future version of
2026-10-02T22:02:45.5161264Z   CMake.
2026-10-02T22:02:45.5161359Z 
2026-10-02T22:02:45.5161512Z   Update the VERSION argument <min> value.  Or, use the <min>...<max> syntax
2026-10-02T22:02:45.5161860Z   to tell CMake that the project requires at least <min> but has been updated
2026-10-02T22:02:45.5162180Z   to work with policies introduced by <max> or earlier.
2026-10-02T22:02:45.5162427Z Call Stack (most recent call first):
2026-10-02T22:02:45.5162751Z   /usr/local/lib/android/sdk/ndk/27.2.12479018/build/cmake/android.toolchain.cmake:55 (include)
2026-10-02T22:02:45.5163246Z   /home/runner/work/Jarvis-OS-V2/Jarvis-OS-V2/app/build/sherpa-native/cmake/CMakeFiles/3.31.6/CMakeSystem.cmake:6 (include)
2026-10-02T22:02:45.5163846Z   /home/runner/work/Jarvis-OS-V2/Jarvis-OS-V2/app/build/sherpa-native/cmake/CMakeFiles/CMakeScratch/TryCompile-slRXlb/CMakeLists.txt:4 (project)
2026-10-02T22:02:45.5164196Z 
2026-10-02T22:02:45.5164199Z 
2026-10-02T22:02:45.5164444Z CMake Deprecation Warning at /usr/local/lib/android/sdk/ndk/27.2.12479018/build/cmake/flags.cmake:18 (cmake_minimum_required):
2026-10-02T22:02:45.5164889Z   Compatibility with CMake < 3.10 will be removed from a future version of
2026-10-02T22:02:45.5165147Z   CMake.
2026-10-02T22:02:45.5165236Z 
2026-10-02T22:02:45.5165563Z   Update the VERSION argument <min> value.  Or, use the <min>...<max> syntax
2026-10-02T22:02:45.5165917Z   to tell CMake that the project requires at least <min> but has been updated
2026-10-02T22:02:45.5166225Z   to work with policies introduced by <max> or earlier.
2026-10-02T22:02:45.5166471Z Call Stack (most recent call first):
2026-10-02T22:02:45.5166766Z   /usr/local/share/cmake-3.31/Modules/Platform/Android-Clang.cmake:23 (include)
2026-10-02T22:02:45.5167136Z   /usr/local/share/cmake-3.31/Modules/Platform/Android-Clang-CXX.cmake:1 (include)
2026-10-02T22:02:45.5167735Z   /usr/local/share/cmake-3.31/Modules/CMakeCXXInformation.cmake:48 (include)
2026-10-02T22:02:45.5168412Z   /home/runner/work/Jarvis-OS-V2/Jarvis-OS-V2/app/build/sherpa-native/cmake/CMakeFiles/CMakeScratch/TryCompile-slRXlb/CMakeLists.txt:4 (project)
2026-10-02T22:02:45.5168878Z 
2026-10-02T22:02:45.5168882Z 
2026-10-02T22:02:45.5169270Z CMake Deprecation Warning at /usr/local/lib/android/sdk/ndk/27.2.12479018/build/cmake/android.toolchain.cmake:35 (cmake_minimum_required):
2026-10-02T22:02:45.5170132Z   Compatibility with CMake < 3.10 will be removed from a future version of
2026-10-02T22:02:45.5170527Z   CMake.
2026-10-02T22:02:45.5170655Z 
2026-10-02T22:02:45.5170871Z   Update the VERSION argument <min> value.  Or, use the <min>...<max> syntax
2026-10-02T22:02:45.5171382Z   to tell CMake that the project requires at least <min> but has been updated
2026-10-02T22:02:45.5171835Z   to work with policies introduced by <max> or earlier.
2026-10-02T22:02:45.5172173Z Call Stack (most recent call first):
2026-10-02T22:02:45.5172751Z   /home/runner/work/Jarvis-OS-V2/Jarvis-OS-V2/app/build/sherpa-native/cmake/CMakeFiles/3.31.6/CMakeSystem.cmake:6 (include)
2026-10-02T22:02:45.5173707Z   /home/runner/work/Jarvis-OS-V2/Jarvis-OS-V2/app/build/sherpa-native/cmake/CMakeFiles/CMakeScratch/TryCompile-tOGuZD/CMakeLists.txt:4 (project)
2026-10-02T22:02:45.5174283Z 
2026-10-02T22:02:45.5174287Z 
2026-10-02T22:02:45.5174778Z CMake Deprecation Warning at /usr/local/lib/android/sdk/ndk/27.2.12479018/build/cmake/android-legacy.toolchain.cmake:35 (cmake_minimum_required):
2026-10-02T22:02:45.5175499Z   Compatibility with CMake < 3.10 will be removed from a future version of
2026-10-02T22:02:45.5175897Z   CMake.
2026-10-02T22:02:45.5176015Z 
2026-10-02T22:02:45.5176227Z   Update the VERSION argument <min> value.  Or, use the <min>...<max> syntax
2026-10-02T22:02:45.5176729Z   to tell CMake that the project requires at least <min> but has been updated
2026-10-02T22:02:45.5177208Z   to work with policies introduced by <max> or earlier.
2026-10-02T22:02:45.5177776Z Call Stack (most recent call first):
2026-10-02T22:02:45.5178220Z   /usr/local/lib/android/sdk/ndk/27.2.12479018/build/cmake/android.toolchain.cmake:55 (include)
2026-10-02T22:02:45.5178940Z   /home/runner/work/Jarvis-OS-V2/Jarvis-OS-V2/app/build/sherpa-native/cmake/CMakeFiles/3.31.6/CMakeSystem.cmake:6 (include)
2026-10-02T22:02:45.5179895Z   /home/runner/work/Jarvis-OS-V2/Jarvis-OS-V2/app/build/sherpa-native/cmake/CMakeFiles/CMakeScratch/TryCompile-tOGuZD/CMakeLists.txt:4 (project)
2026-10-02T22:02:45.5180494Z 
2026-10-02T22:02:45.5180499Z 
2026-10-02T22:02:45.5180903Z CMake Deprecation Warning at /usr/local/lib/android/sdk/ndk/27.2.12479018/build/cmake/flags.cmake:18 (cmake_minimum_required):
2026-10-02T22:02:45.5181573Z   Compatibility with CMake < 3.10 will be removed from a future version of
2026-10-02T22:02:45.5181971Z   CMake.
2026-10-02T22:02:45.5182091Z 
2026-10-02T22:02:45.5182294Z   Update the VERSION argument <min> value.  Or, use the <min>...<max> syntax
2026-10-02T22:02:45.5182818Z   to tell CMake that the project requires at least <min> but has been updated
2026-10-02T22:02:45.5183255Z   to work with policies introduced by <max> or earlier.
2026-10-02T22:02:45.5183609Z Call Stack (most recent call first):
2026-10-02T22:02:45.5184045Z   /usr/local/share/cmake-3.31/Modules/Platform/Android-Clang.cmake:23 (include)
2026-10-02T22:02:45.5184626Z   /usr/local/share/cmake-3.31/Modules/Platform/Android-Clang-CXX.cmake:1 (include)
2026-10-02T22:02:45.5185417Z   /usr/local/share/cmake-3.31/Modules/CMakeCXXInformation.cmake:48 (include)
2026-10-02T22:02:45.5186235Z   /home/runner/work/Jarvis-OS-V2/Jarvis-OS-V2/app/build/sherpa-native/cmake/CMakeFiles/CMakeScratch/TryCompile-tOGuZD/CMakeLists.txt:4 (project)
2026-10-02T22:02:45.5186997Z 
2026-10-02T22:02:45.5187003Z 
2026-10-02T22:02:45.5187437Z -- PROJECT_BINARY_DIR: /home/runner/work/Jarvis-OS-V2/Jarvis-OS-V2/app/build/sherpa-native/cmake
2026-10-02T22:02:45.5187961Z -- CMake version: 3.31.6
2026-10-02T22:02:45.5188249Z -- CMAKE_SYSTEM: Android-1
2026-10-02T22:02:45.5188552Z -- CMAKE_SYSTEM_NAME: Android
2026-10-02T22:02:45.5188890Z -- CMAKE_SYSTEM_VERSION: 1
2026-10-02T22:02:45.5189183Z -- CMAKE_SYSTEM_PROCESSOR: aarch64
2026-10-02T22:02:45.6144895Z -- sherpa-onnx git sha1: 7c4741644bcee78754b48692a76344755fc3e234
2026-10-02T22:02:45.6145319Z -- sherpa-onnx git date: Fri Oct 2 21:59:25 2026
2026-10-02T22:02:45.6145854Z -- OS used to build sherpa-onnx: Ubuntu 24.04.5 LTS
2026-10-02T22:02:45.6146304Z -- C++ compiler: /usr/local/lib/android/sdk/ndk/27.2.12479018/toolchains/llvm/prebuilt/linux-x86_64/bin/clang++
2026-10-02T22:02:45.6146661Z -- C++ compiler ID: Clang
2026-10-02T22:02:45.6146864Z -- C++ compiler version: 18.0.3
2026-10-02T22:02:45.6147198Z -- C compiler: /usr/local/lib/android/sdk/ndk/27.2.12479018/toolchains/llvm/prebuilt/linux-x86_64/bin/clang
2026-10-02T22:02:45.6147725Z -- C compiler ID: Clang
2026-10-02T22:02:45.6147924Z -- C compiler version: 18.0.3
2026-10-02T22:02:45.6148370Z -- Downloading kaldi-native-fbank from https://github.com/csukuangfj/kaldi-native-fbank/archive/refs/tags/v1.22.3.tar.gz
2026-10-02T22:02:46.0139374Z -- kaldi-native-fbank is downloaded to /home/runner/work/Jarvis-OS-V2/Jarvis-OS-V2/app/build/sherpa-native/cmake/_deps/kaldi_native_fbank-src
2026-10-02T22:02:46.0140225Z -- kaldi-native-fbank's binary dir is /home/runner/work/Jarvis-OS-V2/Jarvis-OS-V2/app/build/sherpa-native/cmake/_deps/kaldi_native_fbank-build
2026-10-02T22:02:46.0140789Z -- CMAKE_BUILD_TYPE: Release
2026-10-02T22:02:46.0141087Z -- CMAKE_EXPORT_COMPILE_COMMANDS: 
2026-10-02T22:02:46.0141378Z -- BUILD_SHARED_LIBS: OFF
2026-10-02T22:02:46.0141653Z -- KALDI_NATIVE_FBANK_BUILD_TESTS: OFF
2026-10-02T22:02:46.0141962Z -- KALDI_NATIVE_FBANK_BUILD_PYTHON: OFF
2026-10-02T22:02:46.0142270Z -- KALDI_NATIVE_FBANK_ENABLE_CHECK: OFF
2026-10-02T22:02:46.0142581Z -- KALDI_NATIVE_FBANK_ENABLE_CHECK: OFF
2026-10-02T22:02:46.0143656Z -- CMAKE_CXX_FLAGS: -g -DANDROID -fdata-sections -ffunction-sections -funwind-tables -fstack-protector-strong -no-canonical-prefixes -D__BIONIC_NO_PAGE_SIZE_MACRO -D_FORTIFY_SOURCE=2 -Wformat -Werror=format-security  -ffunction-sections -fdata-sections
2026-10-02T22:02:46.0144751Z -- CMAKE_INSTALL_PREFIX: /usr/local
2026-10-02T22:02:46.0145059Z -- Looking for C++ include cxxabi.h
2026-10-02T22:02:46.0145364Z -- Looking for C++ include cxxabi.h - found
2026-10-02T22:02:46.0145691Z -- Looking for C++ include execinfo.h
2026-10-02T22:02:46.1138394Z -- Looking for C++ include execinfo.h - found
2026-10-02T22:02:46.1138927Z -- Downloading kissfft from https://github.com/mborgerding/kissfft/archive/febd4caeed32e33ad8b2e0bb5ea77542c40f18ec.zip
2026-10-02T22:02:46.5139098Z -- kissfft is downloaded to /home/runner/work/Jarvis-OS-V2/Jarvis-OS-V2/app/build/sherpa-native/cmake/_deps/kissfft-src
2026-10-02T22:02:46.5139729Z -- kissfft's binary dir is /home/runner/work/Jarvis-OS-V2/Jarvis-OS-V2/app/build/sherpa-native/cmake/_deps/kissfft-build
2026-10-02T22:02:46.5140125Z -- Building KissFFT with datatype: float
2026-10-02T22:02:46.5140355Z -- Building static library
2026-10-02T22:02:46.5140572Z -- PKGINCLUDEDIR is /kissfft
2026-10-02T22:02:46.6138611Z -- Disable building Python
2026-10-02T22:02:46.6139093Z -- Downloading kaldi-decoder from https://github.com/k2-fsa/kaldi-decoder/archive/refs/tags/v0.3.0.tar.gz
2026-10-02T22:02:47.0138831Z -- kaldi-decoder is downloaded to /home/runner/work/Jarvis-OS-V2/Jarvis-OS-V2/app/build/sherpa-native/cmake/_deps/kaldi_decoder-src
2026-10-02T22:02:47.0140082Z -- kaldi-decoder's binary dir is /home/runner/work/Jarvis-OS-V2/Jarvis-OS-V2/app/build/sherpa-native/cmake/_deps/kaldi_decoder-build
2026-10-02T22:02:47.0140707Z -- CMAKE_BUILD_TYPE: Release
2026-10-02T22:02:47.0141581Z -- Downloading kaldifst from https://github.com/k2-fsa/kaldifst/archive/refs/tags/v1.8.0.tar.gz
2026-10-02T22:02:47.5139103Z -- kaldifst is downloaded to /home/runner/work/Jarvis-OS-V2/Jarvis-OS-V2/app/build/sherpa-native/cmake/_deps/kaldifst-src
2026-10-02T22:02:47.5139728Z -- kaldifst's binary dir is /home/runner/work/Jarvis-OS-V2/Jarvis-OS-V2/app/build/sherpa-native/cmake/_deps/kaldifst-build
2026-10-02T22:02:47.5140119Z -- CMAKE_BUILD_TYPE: Release
2026-10-02T22:02:47.5140329Z -- CMAKE_BUILD_TYPE: Release
2026-10-02T22:02:47.5140542Z -- CMAKE_INSTALL_PREFIX: /usr/local
2026-10-02T22:02:47.5140758Z -- C++ Standard version: 17
2026-10-02T22:02:47.5141471Z -- CMAKE_CXX_FLAGS: -g -DANDROID -fdata-sections -ffunction-sections -funwind-tables -fstack-protector-strong -no-canonical-prefixes -D__BIONIC_NO_PAGE_SIZE_MACRO -D_FORTIFY_SOURCE=2 -Wformat -Werror=format-security  -ffunction-sections -fdata-sections
2026-10-02T22:02:47.5142669Z -- Downloading openfst from https://github.com/csukuangfj/openfst/archive/refs/tags/v1.8.5-2026-07-09.tar.gz
2026-10-02T22:02:48.1139205Z -- openfst is downloaded to /home/runner/work/Jarvis-OS-V2/Jarvis-OS-V2/app/build/sherpa-native/cmake/_deps/openfst-src
2026-10-02T22:02:48.1140021Z -- BUILD_SHARED_LIBS: OFF
2026-10-02T22:02:48.1140418Z -- BUILD_TESTING: OFF
2026-10-02T22:02:48.1140751Z -- HAVE_BIN: OFF
2026-10-02T22:02:48.1141093Z -- HAVE_SCRIPT: OFF
2026-10-02T22:02:48.1141442Z -- HAVE_COMPACT: OFF
2026-10-02T22:02:48.1141794Z -- HAVE_COMPRESS: OFF
2026-10-02T22:02:48.1142129Z -- HAVE_CONST: OFF
2026-10-02T22:02:48.1142481Z -- HAVE_FAR: ON
2026-10-02T22:02:48.1142788Z -- HAVE_FSTS: OFF
2026-10-02T22:02:48.1143108Z -- HAVE_GRM: OFF
2026-10-02T22:02:48.1143419Z -- HAVE_LINEAR: OFF
2026-10-02T22:02:48.1143791Z -- HAVE_LOOKAHEAD: OFF
2026-10-02T22:02:48.1144109Z -- HAVE_MPDT: OFF
2026-10-02T22:02:48.1144455Z -- HAVE_NGRAM: OFF
2026-10-02T22:02:48.1144787Z -- HAVE_PDT: OFF
2026-10-02T22:02:48.1145096Z -- HAVE_SPECIAL: OFF
2026-10-02T22:02:48.1145469Z -- OPENFST_USE_ABSL: OFF
2026-10-02T22:02:48.2139190Z -- Downloading eigen from https://gitlab.com/libeigen/eigen/-/archive/5.0.1/eigen-5.0.1.tar.gz
2026-10-02T22:02:48.6138580Z -- eigen is downloaded to /home/runner/work/Jarvis-OS-V2/Jarvis-OS-V2/app/build/sherpa-native/cmake/_deps/eigen-src
2026-10-02T22:02:48.6139187Z -- eigen's binary dir is /home/runner/work/Jarvis-OS-V2/Jarvis-OS-V2/app/build/sherpa-native/cmake/_deps/eigen-build
2026-10-02T22:02:48.6139543Z -- 
2026-10-02T22:02:48.6139710Z -- Configured Eigen 5.0.1-dev
2026-10-02T22:02:48.6139905Z -- 
2026-10-02T22:02:48.6140066Z -- CMAKE_SYSTEM_NAME: Android
2026-10-02T22:02:48.6140265Z -- CMAKE_SYSTEM_PROCESSOR: aarch64
2026-10-02T22:02:48.6140663Z -- location_onnxruntime_header_dir: /home/runner/work/Jarvis-OS-V2/Jarvis-OS-V2/app/build/sherpa-native/ort-android/headers
2026-10-02T22:02:48.6141500Z -- location_onnxruntime_lib: /home/runner/work/Jarvis-OS-V2/Jarvis-OS-V2/app/build/sherpa-native/ort-android/jni/arm64-v8a/libonnxruntime.so
2026-10-02T22:02:48.6142259Z -- onnxruntime lib files: /home/runner/work/Jarvis-OS-V2/Jarvis-OS-V2/app/build/sherpa-native/ort-android/jni/arm64-v8a/libonnxruntime.so
2026-10-02T22:02:48.6142888Z -- Downloading simple-sentencepiece https://github.com/pkufool/simple-sentencepiece/archive/refs/tags/v0.7.tar.gz
2026-10-02T22:02:49.1138378Z -- simple-sentencepiece is downloaded to /home/runner/work/Jarvis-OS-V2/Jarvis-OS-V2/app/build/sherpa-native/cmake/_deps/simple-sentencepiece-src
2026-10-02T22:02:49.2139278Z -- Performing Test SBPE_COMPILER_SUPPORTS_CXX14
2026-10-02T22:02:49.2139687Z -- Performing Test SBPE_COMPILER_SUPPORTS_CXX14 - Success
2026-10-02T22:02:49.2139962Z -- C++ Standard version: 17
2026-10-02T22:02:49.2140166Z -- ONNXRUNTIME_DIR: 
2026-10-02T22:02:49.2140527Z -- Downloading json from https://github.com/nlohmann/json/archive/refs/tags/v3.12.0.tar.gz
2026-10-02T22:02:50.2138804Z -- json is downloaded to /home/runner/work/Jarvis-OS-V2/Jarvis-OS-V2/app/build/sherpa-native/cmake/_deps/json-src
2026-10-02T22:02:50.2139418Z -- json's binary dir is /home/runner/work/Jarvis-OS-V2/Jarvis-OS-V2/app/build/sherpa-native/cmake/_deps/json-build
2026-10-02T22:02:50.2139969Z -- Using the multi-header code from /home/runner/work/Jarvis-OS-V2/Jarvis-OS-V2/app/build/sherpa-native/cmake/_deps/json-src/include/
2026-10-02T22:02:50.2140574Z -- Downloading espeak-ng from https://github.com/csukuangfj/espeak-ng/archive/ed530aa113046142eb5115cf2fc9157854d0ffe1.zip
2026-10-02T22:02:51.3138365Z -- espeak-ng is downloaded to /home/runner/work/Jarvis-OS-V2/Jarvis-OS-V2/app/build/sherpa-native/cmake/_deps/espeak_ng-src
2026-10-02T22:02:51.3138976Z -- espeak-ng binary dir is /home/runner/work/Jarvis-OS-V2/Jarvis-OS-V2/app/build/sherpa-native/cmake/_deps/espeak_ng-build
2026-10-02T22:02:51.4138547Z -- Looking for mkstemp
2026-10-02T22:02:51.4138858Z -- Looking for mkstemp - found
2026-10-02T22:02:51.5138459Z -- Configuration:
2026-10-02T22:02:51.5138947Z --   shared: OFF
2026-10-02T22:02:51.5144525Z --   mbrola: OFF (MBROLA_BIN-NOTFOUND)
2026-10-02T22:02:51.5145099Z --   libsonic: OFF (SONIC_LIB-NOTFOUND SONIC_INC-NOTFOUND)
2026-10-02T22:02:51.5145651Z --   libpcaudio: OFF (PCAUDIO_LIB-NOTFOUND PCAUDIO_INC-NOTFOUND)
2026-10-02T22:02:51.5146127Z --   klatt: OFF
2026-10-02T22:02:51.5146460Z --   speech-player: OFF
2026-10-02T22:02:51.5146702Z --   async: OFF
2026-10-02T22:02:51.5147102Z -- ESPEAK_NG_DIR: /home/runner/work/Jarvis-OS-V2/Jarvis-OS-V2/app/build/sherpa-native/cmake/_deps/espeak_ng-src
2026-10-02T22:02:51.5147880Z -- Downloading piper-phonemize from https://github.com/csukuangfj/piper-phonemize/archive/f3ff95afc03640bc1399e113e83361192a2fafb4.zip
2026-10-02T22:02:52.6138996Z -- piper-phonemize is downloaded to /home/runner/work/Jarvis-OS-V2/Jarvis-OS-V2/app/build/sherpa-native/cmake/_deps/piper_phonemize-src
2026-10-02T22:02:52.6139823Z -- piper-phonemize binary dir is /home/runner/work/Jarvis-OS-V2/Jarvis-OS-V2/app/build/sherpa-native/cmake/_deps/piper_phonemize-build
2026-10-02T22:02:52.6140774Z -- CMAKE_CXX_FLAGS: -g -DANDROID -fdata-sections -ffunction-sections -funwind-tables -fstack-protector-strong -no-canonical-prefixes -D__BIONIC_NO_PAGE_SIZE_MACRO -D_FORTIFY_SOURCE=2 -Wformat -Werror=format-security  -ffunction-sections -fdata-sections
2026-10-02T22:02:52.6142120Z -- CMAKE_CXX_FLAGS: -g -DANDROID -fdata-sections -ffunction-sections -funwind-tables -fstack-protector-strong -no-canonical-prefixes -D__BIONIC_NO_PAGE_SIZE_MACRO -D_FORTIFY_SOURCE=2 -Wformat -Werror=format-security  -ffunction-sections -fdata-sections
2026-10-02T22:02:52.6142848Z -- Configuring done (8.0s)
2026-10-02T22:02:52.7140371Z -- Generating done (0.1s)
2026-10-02T22:02:52.7141313Z -- Build files have been written to: /home/runner/work/Jarvis-OS-V2/Jarvis-OS-V2/app/build/sherpa-native/cmake
2026-10-02T22:02:52.7142252Z [  1%] Building C object _deps/espeak_ng-build/src/ucd-tools/CMakeFiles/ucd.dir/src/case.c.o
2026-10-02T22:02:52.7142983Z [  1%] Building C object _deps/kissfft-build/CMakeFiles/kissfft.dir/kiss_fft.c.o
2026-10-02T22:02:52.8139389Z [  1%] Building C object _deps/espeak_ng-build/src/ucd-tools/CMakeFiles/ucd.dir/src/categories.c.o
2026-10-02T22:02:52.8140341Z [  1%] Building C object _deps/espeak_ng-build/src/ucd-tools/CMakeFiles/ucd.dir/src/ctype.c.o
2026-10-02T22:02:52.8141253Z [  2%] Building C object _deps/espeak_ng-build/src/ucd-tools/CMakeFiles/ucd.dir/src/proplist.c.o
2026-10-02T22:02:52.9139555Z [  2%] Building C object _deps/kissfft-build/CMakeFiles/kissfft.dir/kfc.c.o
2026-10-02T22:02:52.9140192Z [  2%] Building C object _deps/kissfft-build/CMakeFiles/kissfft.dir/kiss_fftnd.c.o
2026-10-02T22:02:52.9140773Z [  3%] Building C object _deps/kissfft-build/CMakeFiles/kissfft.dir/kiss_fftndr.c.o
2026-10-02T22:02:52.9141314Z [  3%] Building C object _deps/kissfft-build/CMakeFiles/kissfft.dir/kiss_fftr.c.o
2026-10-02T22:02:53.0139733Z [  3%] Linking C static library ../../lib/libkissfft-float.a
2026-10-02T22:02:53.0140545Z [  3%] Built target kissfft
2026-10-02T22:02:53.0140981Z [  3%] Building CXX object _deps/openfst-build/CMakeFiles/fst.dir/src/lib/compat.cc.o
2026-10-02T22:02:53.1139236Z [  3%] Building C object _deps/espeak_ng-build/src/ucd-tools/CMakeFiles/ucd.dir/src/scripts.c.o
2026-10-02T22:02:53.2140075Z [  3%] Building C object _deps/espeak_ng-build/src/ucd-tools/CMakeFiles/ucd.dir/src/tostring.c.o
2026-10-02T22:02:53.2140654Z [  4%] Linking C static library ../../../../lib/libucd.a
2026-10-02T22:02:53.2141000Z [  4%] Built target ucd
2026-10-02T22:02:53.2141623Z [  4%] Building CXX object _deps/simple-sentencepiece-build/ssentencepiece/csrc/CMakeFiles/ssentencepiece_core.dir/ssentencepiece.cc.o
2026-10-02T22:02:53.4138801Z [  5%] Building CXX object _deps/openfst-build/CMakeFiles/fst.dir/src/lib/encode.cc.o
2026-10-02T22:02:54.0139390Z [  5%] Building CXX object _deps/openfst-build/CMakeFiles/fst.dir/src/lib/flags.cc.o
2026-10-02T22:02:54.8139362Z [  5%] Building CXX object _deps/openfst-build/CMakeFiles/fst.dir/src/lib/fst.cc.o
2026-10-02T22:02:55.1138908Z [  5%] Linking CXX static library ../../../../lib/libssentencepiece_core.a
2026-10-02T22:02:55.1139807Z [  5%] Built target ssentencepiece_core
2026-10-02T22:02:55.1140629Z [  6%] Building CXX object _deps/openfst-build/CMakeFiles/fst.dir/src/lib/fst-types.cc.o
2026-10-02T22:02:55.6140662Z [  6%] Building CXX object _deps/openfst-build/CMakeFiles/fst.dir/src/lib/mapped-file.cc.o
2026-10-02T22:02:56.0139075Z [  6%] Building CXX object _deps/openfst-build/CMakeFiles/fst.dir/src/lib/properties.cc.o
2026-10-02T22:02:56.4139341Z [  7%] Building CXX object _deps/openfst-build/CMakeFiles/fst.dir/src/lib/symbol-table.cc.o
2026-10-02T22:02:57.5139442Z [  7%] Building CXX object _deps/openfst-build/CMakeFiles/fst.dir/src/lib/symbol-table-ops.cc.o
2026-10-02T22:02:58.3139163Z [  7%] Building CXX object _deps/openfst-build/CMakeFiles/fst.dir/src/lib/util.cc.o
2026-10-02T22:02:59.0139417Z [  7%] Building CXX object _deps/openfst-build/CMakeFiles/fst.dir/src/lib/weight.cc.o
2026-10-02T22:02:59.6139090Z [  7%] Building C object _deps/espeak_ng-build/src/libespeak-ng/CMakeFiles/espeak-ng.dir/common.c.o
2026-10-02T22:02:59.7139156Z [  7%] Building C object _deps/espeak_ng-build/src/libespeak-ng/CMakeFiles/espeak-ng.dir/mnemonics.c.o
2026-10-02T22:02:59.7140027Z [  7%] Building C object _deps/espeak_ng-build/src/libespeak-ng/CMakeFiles/espeak-ng.dir/error.c.o
2026-10-02T22:02:59.7141081Z [  8%] Building C object _deps/espeak_ng-build/src/libespeak-ng/CMakeFiles/espeak-ng.dir/ieee80.c.o
2026-10-02T22:02:59.7142000Z [  8%] Building C object _deps/espeak_ng-build/src/libespeak-ng/CMakeFiles/espeak-ng.dir/compiledata.c.o
2026-10-02T22:03:00.1139043Z [  8%] Building C object _deps/espeak_ng-build/src/libespeak-ng/CMakeFiles/espeak-ng.dir/compiledict.c.o
2026-10-02T22:03:00.4138739Z [  9%] Building C object _deps/espeak_ng-build/src/libespeak-ng/CMakeFiles/espeak-ng.dir/dictionary.c.o
2026-10-02T22:03:01.0139853Z [  9%] Building C object _deps/espeak_ng-build/src/libespeak-ng/CMakeFiles/espeak-ng.dir/encoding.c.o
2026-10-02T22:03:01.0141123Z [  9%] Building C object _deps/espeak_ng-build/src/libespeak-ng/CMakeFiles/espeak-ng.dir/intonation.c.o
2026-10-02T22:03:01.2158972Z [ 10%] Building C object _deps/espeak_ng-build/src/libespeak-ng/CMakeFiles/espeak-ng.dir/langopts.c.o
2026-10-02T22:03:01.3138184Z [ 10%] Building C object _deps/espeak_ng-build/src/libespeak-ng/CMakeFiles/espeak-ng.dir/numbers.c.o
2026-10-02T22:03:01.6137927Z [ 10%] Building C object _deps/espeak_ng-build/src/libespeak-ng/CMakeFiles/espeak-ng.dir/phoneme.c.o
2026-10-02T22:03:01.6138910Z [ 10%] Building C object _deps/espeak_ng-build/src/libespeak-ng/CMakeFiles/espeak-ng.dir/phonemelist.c.o
2026-10-02T22:03:01.7138429Z [ 11%] Building C object _deps/espeak_ng-build/src/libespeak-ng/CMakeFiles/espeak-ng.dir/readclause.c.o
2026-10-02T22:03:01.9140035Z [ 11%] Building C object _deps/espeak_ng-build/src/libespeak-ng/CMakeFiles/espeak-ng.dir/setlengths.c.o
2026-10-02T22:03:02.0139003Z [ 11%] Building C object _deps/espeak_ng-build/src/libespeak-ng/CMakeFiles/espeak-ng.dir/soundicon.c.o
2026-10-02T22:03:02.1138331Z [ 12%] Building C object _deps/espeak_ng-build/src/libespeak-ng/CMakeFiles/espeak-ng.dir/spect.c.o
2026-10-02T22:03:02.1139762Z [ 12%] Building C object _deps/espeak_ng-build/src/libespeak-ng/CMakeFiles/espeak-ng.dir/ssml.c.o
2026-10-02T22:03:02.3140038Z [ 12%] Building C object _deps/espeak_ng-build/src/libespeak-ng/CMakeFiles/espeak-ng.dir/synthdata.c.o
2026-10-02T22:03:02.5138955Z [ 13%] Building C object _deps/espeak_ng-build/src/libespeak-ng/CMakeFiles/espeak-ng.dir/synthesize.c.o
2026-10-02T22:03:02.7140343Z [ 13%] Building C object _deps/espeak_ng-build/src/libespeak-ng/CMakeFiles/espeak-ng.dir/tr_languages.c.o
2026-10-02T22:03:02.9139182Z [ 13%] Building C object _deps/espeak_ng-build/src/libespeak-ng/CMakeFiles/espeak-ng.dir/translate.c.o
2026-10-02T22:03:03.2138760Z [ 14%] Building C object _deps/espeak_ng-build/src/libespeak-ng/CMakeFiles/espeak-ng.dir/translateword.c.o
2026-10-02T22:03:03.3148775Z [ 14%] Building C object _deps/espeak_ng-build/src/libespeak-ng/CMakeFiles/espeak-ng.dir/voices.c.o
2026-10-02T22:03:03.5139050Z [ 14%] Building C object _deps/espeak_ng-build/src/libespeak-ng/CMakeFiles/espeak-ng.dir/wavegen.c.o
2026-10-02T22:03:03.8138890Z [ 14%] Building C object _deps/espeak_ng-build/src/libespeak-ng/CMakeFiles/espeak-ng.dir/speech.c.o
2026-10-02T22:03:03.9138988Z [ 15%] Building C object _deps/espeak_ng-build/src/libespeak-ng/CMakeFiles/espeak-ng.dir/espeak_api.c.o
2026-10-02T22:03:03.9140222Z [ 15%] Linking C static library ../../../../lib/libespeak-ng.a
2026-10-02T22:03:03.9140957Z [ 15%] Built target espeak-ng
2026-10-02T22:03:03.9141869Z [ 15%] Building CXX object _deps/kaldi_native_fbank-build/kaldi-native-fbank/csrc/CMakeFiles/kaldi-native-fbank-core.dir/feature-fbank.cc.o
2026-10-02T22:03:04.4139277Z [ 16%] Building CXX object _deps/kaldi_native_fbank-build/kaldi-native-fbank/csrc/CMakeFiles/kaldi-native-fbank-core.dir/feature-functions.cc.o
2026-10-02T22:03:04.6138889Z [ 16%] Building CXX object _deps/kaldi_native_fbank-build/kaldi-native-fbank/csrc/CMakeFiles/kaldi-native-fbank-core.dir/feature-mfcc.cc.o
2026-10-02T22:03:05.1138838Z [ 16%] Building CXX object _deps/kaldi_native_fbank-build/kaldi-native-fbank/csrc/CMakeFiles/kaldi-native-fbank-core.dir/feature-raw-audio-samples.cc.o
2026-10-02T22:03:05.5139186Z [ 17%] Building CXX object _deps/kaldi_native_fbank-build/kaldi-native-fbank/csrc/CMakeFiles/kaldi-native-fbank-core.dir/feature-window.cc.o
2026-10-02T22:03:05.9139604Z [ 17%] Building CXX object _deps/kaldi_native_fbank-build/kaldi-native-fbank/csrc/CMakeFiles/kaldi-native-fbank-core.dir/istft.cc.o
2026-10-02T22:03:06.3138984Z [ 17%] Building CXX object _deps/kaldi_native_fbank-build/kaldi-native-fbank/csrc/CMakeFiles/kaldi-native-fbank-core.dir/kaldi-math.cc.o
2026-10-02T22:03:06.5138821Z [ 18%] Building CXX object _deps/kaldi_native_fbank-build/kaldi-native-fbank/csrc/CMakeFiles/kaldi-native-fbank-core.dir/mel-computations.cc.o
2026-10-02T22:03:07.1138931Z [ 18%] Building CXX object _deps/kaldi_native_fbank-build/kaldi-native-fbank/csrc/CMakeFiles/kaldi-native-fbank-core.dir/online-feature.cc.o
2026-10-02T22:03:07.7138778Z [ 18%] Building CXX object _deps/kaldi_native_fbank-build/kaldi-native-fbank/csrc/CMakeFiles/kaldi-native-fbank-core.dir/rfft.cc.o
2026-10-02T22:03:08.1138794Z [ 19%] Building CXX object _deps/kaldi_native_fbank-build/kaldi-native-fbank/csrc/CMakeFiles/kaldi-native-fbank-core.dir/stft.cc.o
2026-10-02T22:03:08.6138683Z [ 19%] Building CXX object _deps/kaldi_native_fbank-build/kaldi-native-fbank/csrc/CMakeFiles/kaldi-native-fbank-core.dir/whisper-feature.cc.o
2026-10-02T22:03:09.0138830Z [ 19%] Linking CXX static library ../../../../lib/libkaldi-native-fbank-core.a
2026-10-02T22:03:09.0139533Z [ 19%] Built target kaldi-native-fbank-core
2026-10-02T22:03:09.0140199Z [ 20%] Building CXX object _deps/piper_phonemize-build/CMakeFiles/piper_phonemize.dir/src/phonemize.cpp.o
2026-10-02T22:03:09.9139273Z [ 21%] Linking CXX static library ../../lib/libsherpa-onnx-fst.a
2026-10-02T22:03:09.9139990Z [ 21%] Built target fst
2026-10-02T22:03:09.9140610Z [ 21%] Building CXX object _deps/piper_phonemize-build/CMakeFiles/piper_phonemize.dir/src/phoneme_ids.cpp.o
2026-10-02T22:03:10.5169072Z [ 21%] Building CXX object _deps/piper_phonemize-build/CMakeFiles/piper_phonemize.dir/src/shared.cpp.o
2026-10-02T22:03:10.5170378Z [ 21%] Building CXX object _deps/openfst-build/CMakeFiles/fstfar.dir/src/extensions/far/far.cc.o
2026-10-02T22:03:11.2139362Z [ 21%] Building CXX object _deps/openfst-build/CMakeFiles/fstfar.dir/src/extensions/far/stlist.cc.o
2026-10-02T22:03:11.3138484Z [ 22%] Linking CXX static library ../../lib/libpiper_phonemize.a
2026-10-02T22:03:11.3139287Z [ 22%] Built target piper_phonemize
2026-10-02T22:03:11.3149469Z [ 22%] Building CXX object _deps/kaldifst-build/kaldifst/csrc/CMakeFiles/kaldifst_core.dir/context-fst.cc.o
2026-10-02T22:03:11.6138917Z [ 23%] Building CXX object _deps/openfst-build/CMakeFiles/fstfar.dir/src/extensions/far/sttable.cc.o
2026-10-02T22:03:12.0139553Z [ 23%] Linking CXX static library ../../lib/libsherpa-onnx-fstfar.a
2026-10-02T22:03:12.1138474Z [ 23%] Built target fstfar
2026-10-02T22:03:12.1139999Z [ 24%] Building CXX object _deps/kaldifst-build/kaldifst/csrc/CMakeFiles/kaldifst_core.dir/kaldi-fst-io.cc.o
2026-10-02T22:03:13.4138882Z [ 24%] Building CXX object _deps/kaldifst-build/kaldifst/csrc/CMakeFiles/kaldifst_core.dir/kaldi-holder.cc.o
2026-10-02T22:03:13.7138698Z [ 24%] Building CXX object _deps/kaldifst-build/kaldifst/csrc/CMakeFiles/kaldifst_core.dir/kaldi-io.cc.o
2026-10-02T22:03:14.4138611Z [ 25%] Building CXX object _deps/kaldifst-build/kaldifst/csrc/CMakeFiles/kaldifst_core.dir/kaldi-math.cc.o
2026-10-02T22:03:14.5138919Z [ 25%] Building CXX object _deps/kaldifst-build/kaldifst/csrc/CMakeFiles/kaldifst_core.dir/kaldi-semaphore.cc.o
2026-10-02T22:03:14.7138814Z [ 25%] Building CXX object _deps/kaldifst-build/kaldifst/csrc/CMakeFiles/kaldifst_core.dir/kaldi-table.cc.o
2026-10-02T22:03:14.8138239Z [ 26%] Building CXX object _deps/kaldifst-build/kaldifst/csrc/CMakeFiles/kaldifst_core.dir/parse-options.cc.o
2026-10-02T22:03:15.1138510Z [ 26%] Building CXX object _deps/kaldifst-build/kaldifst/csrc/CMakeFiles/kaldifst_core.dir/text-normalizer.cc.o
2026-10-02T22:03:15.2138852Z [ 26%] Building CXX object _deps/kaldifst-build/kaldifst/csrc/CMakeFiles/kaldifst_core.dir/text-utils.cc.o
2026-10-02T22:03:23.8139143Z [ 27%] Linking CXX static library ../../../../lib/libsherpa-onnx-kaldifst-core.a
2026-10-02T22:03:23.8139655Z [ 27%] Built target kaldifst_core
2026-10-02T22:03:23.8140273Z [ 27%] Building CXX object _deps/kaldi_decoder-build/kaldi-decoder/csrc/CMakeFiles/kaldi-decoder-core.dir/decodable-ctc.cc.o
2026-10-02T22:03:23.8141176Z [ 28%] Building CXX object _deps/kaldi_decoder-build/kaldi-decoder/csrc/CMakeFiles/kaldi-decoder-core.dir/eigen.cc.o
2026-10-02T22:03:24.5138969Z [ 28%] Building CXX object _deps/kaldi_decoder-build/kaldi-decoder/csrc/CMakeFiles/kaldi-decoder-core.dir/faster-decoder.cc.o
2026-10-02T22:03:24.8139187Z [ 28%] Building CXX object _deps/kaldi_decoder-build/kaldi-decoder/csrc/CMakeFiles/kaldi-decoder-core.dir/lattice-faster-decoder.cc.o
2026-10-02T22:03:25.5138576Z [ 29%] Building CXX object _deps/kaldi_decoder-build/kaldi-decoder/csrc/CMakeFiles/kaldi-decoder-core.dir/lattice-simple-decoder.cc.o
2026-10-02T22:03:26.2138693Z [ 29%] Building CXX object _deps/kaldi_decoder-build/kaldi-decoder/csrc/CMakeFiles/kaldi-decoder-core.dir/simple-decoder.cc.o
2026-10-02T22:03:31.5138315Z [ 29%] Linking CXX static library ../../../../lib/libkaldi-decoder-core.a
2026-10-02T22:03:31.5138833Z [ 29%] Built target kaldi-decoder-core
2026-10-02T22:03:31.5139349Z [ 29%] Building CXX object sherpa-onnx/csrc/CMakeFiles/sherpa-onnx-core.dir/base64-decode.cc.o
2026-10-02T22:03:31.5139945Z [ 29%] Building CXX object sherpa-onnx/csrc/CMakeFiles/sherpa-onnx-core.dir/bbpe.cc.o
2026-10-02T22:03:31.7138792Z [ 29%] Building CXX object sherpa-onnx/csrc/CMakeFiles/sherpa-onnx-core.dir/cat.cc.o
2026-10-02T22:03:32.1138801Z [ 30%] Building CXX object sherpa-onnx/csrc/CMakeFiles/sherpa-onnx-core.dir/circular-buffer.cc.o
2026-10-02T22:03:32.5138595Z [ 30%] Building CXX object sherpa-onnx/csrc/CMakeFiles/sherpa-onnx-core.dir/context-graph.cc.o
2026-10-02T22:03:32.6138315Z [ 30%] Building CXX object sherpa-onnx/csrc/CMakeFiles/sherpa-onnx-core.dir/endpoint.cc.o
2026-10-02T22:03:33.1138333Z [ 31%] Building CXX object sherpa-onnx/csrc/CMakeFiles/sherpa-onnx-core.dir/features.cc.o
2026-10-02T22:03:33.1139054Z [ 31%] Building CXX object sherpa-onnx/csrc/CMakeFiles/sherpa-onnx-core.dir/file-utils.cc.o
2026-10-02T22:03:33.5138715Z [ 31%] Building CXX object sherpa-onnx/csrc/CMakeFiles/sherpa-onnx-core.dir/fst-utils.cc.o
2026-10-02T22:03:33.8138808Z [ 32%] Building CXX object sherpa-onnx/csrc/CMakeFiles/sherpa-onnx-core.dir/homophone-replacer.cc.o
2026-10-02T22:03:35.2138840Z [ 32%] Building CXX object sherpa-onnx/csrc/CMakeFiles/sherpa-onnx-core.dir/hypothesis.cc.o
2026-10-02T22:03:36.0138906Z [ 32%] Building CXX object sherpa-onnx/csrc/CMakeFiles/sherpa-onnx-core.dir/keyword-spotter-impl.cc.o
2026-10-02T22:03:37.0138725Z [ 33%] Building CXX object sherpa-onnx/csrc/CMakeFiles/sherpa-onnx-core.dir/keyword-spotter.cc.o
2026-10-02T22:03:38.7138525Z [ 33%] Building CXX object sherpa-onnx/csrc/CMakeFiles/sherpa-onnx-core.dir/lfr.cc.o
2026-10-02T22:03:39.0139310Z [ 33%] Building CXX object sherpa-onnx/csrc/CMakeFiles/sherpa-onnx-core.dir/lodr-fst.cc.o
2026-10-02T22:03:39.9138738Z [ 33%] Building CXX object sherpa-onnx/csrc/CMakeFiles/sherpa-onnx-core.dir/math.cc.o
2026-10-02T22:03:41.9139282Z [ 34%] Building CXX object sherpa-onnx/csrc/CMakeFiles/sherpa-onnx-core.dir/normal-data-generator.cc.o
2026-10-02T22:03:42.0139180Z [ 34%] Building CXX object sherpa-onnx/csrc/CMakeFiles/sherpa-onnx-core.dir/offline-canary-model-config.cc.o
2026-10-02T22:03:42.4139096Z [ 34%] Building CXX object sherpa-onnx/csrc/CMakeFiles/sherpa-onnx-core.dir/offline-canary-model.cc.o
2026-10-02T22:03:42.5138762Z [ 35%] Building CXX object sherpa-onnx/csrc/CMakeFiles/sherpa-onnx-core.dir/offline-cohere-transcribe-greedy-search-decoder.cc.o
2026-10-02T22:03:43.4139277Z [ 35%] Building CXX object sherpa-onnx/csrc/CMakeFiles/sherpa-onnx-core.dir/offline-cohere-transcribe-model-config.cc.o
2026-10-02T22:03:43.6138662Z [ 35%] Building CXX object sherpa-onnx/csrc/CMakeFiles/sherpa-onnx-core.dir/offline-cohere-transcribe-model.cc.o
2026-10-02T22:03:44.0139254Z [ 36%] Building CXX object sherpa-onnx/csrc/CMakeFiles/sherpa-onnx-core.dir/offline-ctc-fst-decoder-config.cc.o
2026-10-02T22:03:44.6138942Z [ 36%] Building CXX object sherpa-onnx/csrc/CMakeFiles/sherpa-onnx-core.dir/offline-ctc-fst-decoder.cc.o
2026-10-02T22:03:45.2138703Z [ 36%] Building CXX object sherpa-onnx/csrc/CMakeFiles/sherpa-onnx-core.dir/offline-ctc-greedy-search-decoder.cc.o
2026-10-02T22:03:45.9148732Z [ 37%] Building CXX object sherpa-onnx/csrc/CMakeFiles/sherpa-onnx-core.dir/offline-ctc-model.cc.o
2026-10-02T22:03:46.7138508Z [ 37%] Building CXX object sherpa-onnx/csrc/CMakeFiles/sherpa-onnx-core.dir/offline-dolphin-model-config.cc.o
2026-10-02T22:03:47.2139007Z [ 37%] Building CXX object sherpa-onnx/csrc/CMakeFiles/sherpa-onnx-core.dir/offline-dolphin-model.cc.o
2026-10-02T22:03:47.3138766Z [ 37%] Building CXX object sherpa-onnx/csrc/CMakeFiles/sherpa-onnx-core.dir/offline-fire-red-asr-ctc-model-config.cc.o
2026-10-02T22:03:47.8139095Z [ 38%] Building CXX object sherpa-onnx/csrc/CMakeFiles/sherpa-onnx-core.dir/offline-fire-red-asr-ctc-model.cc.o
2026-10-02T22:03:48.7139331Z [ 38%] Building CXX object sherpa-onnx/csrc/CMakeFiles/sherpa-onnx-core.dir/offline-fire-red-asr-greedy-search-decoder.cc.o
2026-10-02T22:03:49.3138971Z [ 38%] Building CXX object sherpa-onnx/csrc/CMakeFiles/sherpa-onnx-core.dir/offline-fire-red-asr-model-config.cc.o
2026-10-02T22:03:49.5139039Z [ 39%] Building CXX object sherpa-onnx/csrc/CMakeFiles/sherpa-onnx-core.dir/offline-fire-red-asr-model.cc.o
2026-10-02T22:03:49.7138448Z [ 39%] Building CXX object sherpa-onnx/csrc/CMakeFiles/sherpa-onnx-core.dir/offline-lm-config.cc.o
2026-10-02T22:03:50.2139517Z [ 39%] Building CXX object sherpa-onnx/csrc/CMakeFiles/sherpa-onnx-core.dir/offline-lm.cc.o
2026-10-02T22:03:50.7138908Z [ 40%] Building CXX object sherpa-onnx/csrc/CMakeFiles/sherpa-onnx-core.dir/offline-medasr-ctc-model-config.cc.o
2026-10-02T22:03:51.1139273Z [ 40%] Building CXX object sherpa-onnx/csrc/CMakeFiles/sherpa-onnx-core.dir/offline-medasr-ctc-model.cc.o
2026-10-02T22:03:51.8138499Z [ 40%] Building CXX object sherpa-onnx/csrc/CMakeFiles/sherpa-onnx-core.dir/offline-model-config.cc.o
2026-10-02T22:03:52.2138768Z [ 41%] Building CXX object sherpa-onnx/csrc/CMakeFiles/sherpa-onnx-core.dir/offline-moonshine-greedy-search-decoder.cc.o
2026-10-02T22:03:52.3138660Z [ 41%] Building CXX object sherpa-onnx/csrc/CMakeFiles/sherpa-onnx-core.dir/offline-moonshine-model-config.cc.o
2026-10-02T22:03:52.9139603Z [ 41%] Building CXX object sherpa-onnx/csrc/CMakeFiles/sherpa-onnx-core.dir/offline-moonshine-model-v2.cc.o
2026-10-02T22:03:53.1139034Z [ 41%] Building CXX object sherpa-onnx/csrc/CMakeFiles/sherpa-onnx-core.dir/offline-moonshine-model.cc.o
2026-10-02T22:03:54.0139101Z [ 42%] Building CXX object sherpa-onnx/csrc/CMakeFiles/sherpa-onnx-core.dir/offline-moonshine-v2-greedy-search-decoder.cc.o
2026-10-02T22:03:54.1139250Z [ 42%] Building CXX object sherpa-onnx/csrc/CMakeFiles/sherpa-onnx-core.dir/offline-nemo-enc-dec-ctc-model-config.cc.o
2026-10-02T22:03:54.6139026Z [ 42%] Building CXX object sherpa-onnx/csrc/CMakeFiles/sherpa-onnx-core.dir/offline-nemo-enc-dec-ctc-model.cc.o
2026-10-02T22:03:54.8139014Z [ 43%] Building CXX object sherpa-onnx/csrc/CMakeFiles/sherpa-onnx-core.dir/offline-omnilingual-asr-ctc-model-config.cc.o
2026-10-02T22:03:55.4139332Z [ 43%] Building CXX object sherpa-onnx/csrc/CMakeFiles/sherpa-onnx-core.dir/offline-omnilingual-asr-ctc-model.cc.o
2026-10-02T22:03:55.8139212Z [ 43%] Building CXX object sherpa-onnx/csrc/CMakeFiles/sherpa-onnx-core.dir/offline-paraformer-greedy-search-decoder.cc.o
2026-10-02T22:03:56.5138647Z [ 44%] Building CXX object sherpa-onnx/csrc/CMakeFiles/sherpa-onnx-core.dir/offline-paraformer-model-config.cc.o
2026-10-02T22:03:57.0138791Z [ 44%] Building CXX object sherpa-onnx/csrc/CMakeFiles/sherpa-onnx-core.dir/offline-paraformer-model.cc.o
2026-10-02T22:03:57.2138674Z [ 44%] Building CXX object sherpa-onnx/csrc/CMakeFiles/sherpa-onnx-core.dir/offline-recognizer-impl.cc.o
2026-10-02T22:03:58.1139217Z [ 45%] Building CXX object sherpa-onnx/csrc/CMakeFiles/sherpa-onnx-core.dir/offline-recognizer.cc.o
2026-10-02T22:03:59.2138812Z [ 45%] Building CXX object sherpa-onnx/csrc/CMakeFiles/sherpa-onnx-core.dir/offline-rnn-lm.cc.o
2026-10-02T22:04:00.9139067Z [ 45%] Building CXX object sherpa-onnx/csrc/CMakeFiles/sherpa-onnx-core.dir/offline-sense-voice-model-config.cc.o
2026-10-02T22:04:01.5139017Z [ 45%] Building CXX object sherpa-onnx/csrc/CMakeFiles/sherpa-onnx-core.dir/offline-sense-voice-model.cc.o
2026-10-02T22:04:02.7138560Z [ 46%] Building CXX object sherpa-onnx/csrc/CMakeFiles/sherpa-onnx-core.dir/offline-source-separation-impl.cc.o
2026-10-02T22:04:04.7138992Z [ 46%] Building CXX object sherpa-onnx/csrc/CMakeFiles/sherpa-onnx-core.dir/offline-source-separation-model-config.cc.o
2026-10-02T22:04:04.8138831Z [ 46%] Building CXX object sherpa-onnx/csrc/CMakeFiles/sherpa-onnx-core.dir/offline-source-separation-spleeter-model-config.cc.o
2026-10-02T22:04:05.1139296Z [ 47%] Building CXX object sherpa-onnx/csrc/CMakeFiles/sherpa-onnx-core.dir/offline-source-separation-spleeter-model.cc.o
2026-10-02T22:04:05.3138926Z [ 47%] Building CXX object sherpa-onnx/csrc/CMakeFiles/sherpa-onnx-core.dir/offline-source-separation-uvr-model-config.cc.o
2026-10-02T22:04:05.7138814Z [ 47%] Building CXX object sherpa-onnx/csrc/CMakeFiles/sherpa-onnx-core.dir/offline-source-separation-uvr-model.cc.o
2026-10-02T22:04:06.1138852Z [ 48%] Building CXX object sherpa-onnx/csrc/CMakeFiles/sherpa-onnx-core.dir/offline-source-separation.cc.o
2026-10-02T22:04:06.5139232Z [ 48%] Building CXX object sherpa-onnx/csrc/CMakeFiles/sherpa-onnx-core.dir/offline-stream.cc.o
2026-10-02T22:04:06.7139252Z [ 48%] Building CXX object sherpa-onnx/csrc/CMakeFiles/sherpa-onnx-core.dir/offline-tdnn-ctc-model.cc.o
2026-10-02T22:04:07.7139120Z [ 49%] Building CXX object sherpa-onnx/csrc/CMakeFiles/sherpa-onnx-core.dir/offline-tdnn-model-config.cc.o
2026-10-02T22:04:07.9138952Z [ 49%] Building CXX object sherpa-onnx/csrc/CMakeFiles/sherpa-onnx-core.dir/offline-telespeech-ctc-model.cc.o
2026-10-02T22:04:08.2138795Z [ 49%] Building CXX object sherpa-onnx/csrc/CMakeFiles/sherpa-onnx-core.dir/offline-transducer-greedy-search-decoder.cc.o
2026-10-02T22:04:09.0139259Z [ 49%] Building CXX object sherpa-onnx/csrc/CMakeFiles/sherpa-onnx-core.dir/offline-transducer-greedy-search-nemo-decoder.cc.o
2026-10-02T22:04:09.8139040Z [ 50%] Building CXX object sherpa-onnx/csrc/CMakeFiles/sherpa-onnx-core.dir/offline-transducer-model-config.cc.o
2026-10-02T22:04:10.4138980Z [ 50%] Building CXX object sherpa-onnx/csrc/CMakeFiles/sherpa-onnx-core.dir/offline-transducer-model.cc.o
2026-10-02T22:04:10.4140338Z [ 50%] Building CXX object sherpa-onnx/csrc/CMakeFiles/sherpa-onnx-core.dir/offline-transducer-modified-beam-search-decoder.cc.o
2026-10-02T22:04:12.3139317Z [ 51%] Building CXX object sherpa-onnx/csrc/CMakeFiles/sherpa-onnx-core.dir/offline-transducer-modified-beam-search-nemo-decoder.cc.o
2026-10-02T22:04:12.9139431Z [ 51%] Building CXX object sherpa-onnx/csrc/CMakeFiles/sherpa-onnx-core.dir/offline-transducer-nemo-model.cc.o
2026-10-02T22:04:14.3139378Z [ 51%] Building CXX object sherpa-onnx/csrc/CMakeFiles/sherpa-onnx-core.dir/offline-wenet-ctc-model-config.cc.o
2026-10-02T22:04:14.8138531Z [ 52%] Building CXX object sherpa-onnx/csrc/CMakeFiles/sherpa-onnx-core.dir/offline-wenet-ctc-model.cc.o
2026-10-02T22:04:15.1138968Z [ 52%] Building CXX object sherpa-onnx/csrc/CMakeFiles/sherpa-onnx-core.dir/offline-whisper-dtw.cc.o
2026-10-02T22:04:15.7139000Z [ 52%] Building CXX object sherpa-onnx/csrc/CMakeFiles/sherpa-onnx-core.dir/offline-whisper-greedy-search-decoder.cc.o
2026-10-02T22:04:15.8139076Z [ 53%] Building CXX object sherpa-onnx/csrc/CMakeFiles/sherpa-onnx-core.dir/offline-whisper-model-config.cc.o
2026-10-02T22:04:16.8138802Z [ 53%] Building CXX object sherpa-onnx/csrc/CMakeFiles/sherpa-onnx-core.dir/offline-whisper-model.cc.o
2026-10-02T22:04:17.3138403Z [ 53%] Building CXX object sherpa-onnx/csrc/CMakeFiles/sherpa-onnx-core.dir/offline-whisper-timestamp-rules.cc.o
2026-10-02T22:04:18.0148709Z [ 53%] Building CXX object sherpa-onnx/csrc/CMakeFiles/sherpa-onnx-core.dir/offline-zipformer-ctc-model-config.cc.o
2026-10-02T22:04:18.6139442Z [ 54%] Building CXX object sherpa-onnx/csrc/CMakeFiles/sherpa-onnx-core.dir/offline-zipformer-ctc-model.cc.o
2026-10-02T22:04:18.7139266Z [ 54%] Building CXX object sherpa-onnx/csrc/CMakeFiles/sherpa-onnx-core.dir/online-conformer-transducer-model.cc.o
2026-10-02T22:04:19.6139371Z [ 54%] Building CXX object sherpa-onnx/csrc/CMakeFiles/sherpa-onnx-core.dir/online-ctc-fst-decoder-config.cc.o
2026-10-02T22:04:20.0138835Z [ 55%] Building CXX object sherpa-onnx/csrc/CMakeFiles/sherpa-onnx-core.dir/online-ctc-fst-decoder.cc.o
2026-10-02T22:04:20.5139174Z [ 55%] Building CXX object sherpa-onnx/csrc/CMakeFiles/sherpa-onnx-core.dir/online-ctc-greedy-search-decoder.cc.o
2026-10-02T22:04:21.6138623Z [ 55%] Building CXX object sherpa-onnx/csrc/CMakeFiles/sherpa-onnx-core.dir/online-ctc-model.cc.o
2026-10-02T22:04:22.3139383Z [ 56%] Building CXX object sherpa-onnx/csrc/CMakeFiles/sherpa-onnx-core.dir/online-ebranchformer-transducer-model.cc.o
2026-10-02T22:04:23.2138647Z [ 56%] Building CXX object sherpa-onnx/csrc/CMakeFiles/sherpa-onnx-core.dir/online-lm-config.cc.o
2026-10-02T22:04:23.7138899Z [ 56%] Building CXX object sherpa-onnx/csrc/CMakeFiles/sherpa-onnx-core.dir/online-lm.cc.o
2026-10-02T22:04:24.2138704Z [ 56%] Building CXX object sherpa-onnx/csrc/CMakeFiles/sherpa-onnx-core.dir/online-lstm-transducer-model.cc.o
2026-10-02T22:04:25.0139071Z [ 57%] Building CXX object sherpa-onnx/csrc/CMakeFiles/sherpa-onnx-core.dir/online-model-config.cc.o
2026-10-02T22:04:25.8139279Z [ 57%] Building CXX object sherpa-onnx/csrc/CMakeFiles/sherpa-onnx-core.dir/online-nemo-ctc-model-config.cc.o
2026-10-02T22:04:26.0139263Z [ 57%] Building CXX object sherpa-onnx/csrc/CMakeFiles/sherpa-onnx-core.dir/online-nemo-ctc-model.cc.o
2026-10-02T22:04:26.3139072Z [ 58%] Building CXX object sherpa-onnx/csrc/CMakeFiles/sherpa-onnx-core.dir/online-paraformer-model-config.cc.o
2026-10-02T22:04:26.8138719Z [ 58%] Building CXX object sherpa-onnx/csrc/CMakeFiles/sherpa-onnx-core.dir/online-paraformer-model.cc.o
2026-10-02T22:04:27.2138537Z [ 58%] Building CXX object sherpa-onnx/csrc/CMakeFiles/sherpa-onnx-core.dir/online-recognizer-impl.cc.o
2026-10-02T22:04:27.7138781Z [ 59%] Building CXX object sherpa-onnx/csrc/CMakeFiles/sherpa-onnx-core.dir/online-recognizer.cc.o
2026-10-02T22:04:29.6139419Z [ 59%] Building CXX object sherpa-onnx/csrc/CMakeFiles/sherpa-onnx-core.dir/online-rnn-lm.cc.o
2026-10-02T22:04:31.5138508Z [ 59%] Building CXX object sherpa-onnx/csrc/CMakeFiles/sherpa-onnx-core.dir/online-stream.cc.o
2026-10-02T22:04:33.6138805Z [ 60%] Building CXX object sherpa-onnx/csrc/CMakeFiles/sherpa-onnx-core.dir/online-t-one-ctc-model-config.cc.o
2026-10-02T22:04:33.9138785Z [ 60%] Building CXX object sherpa-onnx/csrc/CMakeFiles/sherpa-onnx-core.dir/online-t-one-ctc-model.cc.o
2026-10-02T22:04:34.1139142Z [ 60%] Building CXX object sherpa-onnx/csrc/CMakeFiles/sherpa-onnx-core.dir/online-transducer-decoder.cc.o
2026-10-02T22:04:35.0138748Z [ 60%] Building CXX object sherpa-onnx/csrc/CMakeFiles/sherpa-onnx-core.dir/online-transducer-greedy-search-decoder.cc.o
2026-10-02T22:04:35.7138843Z [ 61%] Building CXX object sherpa-onnx/csrc/CMakeFiles/sherpa-onnx-core.dir/online-transducer-greedy-search-nemo-parakeet-unified-decoder.cc.o
2026-10-02T22:04:36.7138549Z [ 61%] Building CXX object sherpa-onnx/csrc/CMakeFiles/sherpa-onnx-core.dir/online-transducer-greedy-search-nemo-decoder.cc.o
2026-10-02T22:04:37.6138741Z [ 61%] Building CXX object sherpa-onnx/csrc/CMakeFiles/sherpa-onnx-core.dir/online-transducer-model-config.cc.o
2026-10-02T22:04:38.1139010Z [ 62%] Building CXX object sherpa-onnx/csrc/CMakeFiles/sherpa-onnx-core.dir/online-transducer-model.cc.o
2026-10-02T22:04:38.5138772Z [ 62%] Building CXX object sherpa-onnx/csrc/CMakeFiles/sherpa-onnx-core.dir/online-transducer-modified-beam-search-decoder.cc.o
2026-10-02T22:04:39.7138690Z [ 62%] Building CXX object sherpa-onnx/csrc/CMakeFiles/sherpa-onnx-core.dir/online-transducer-nemo-parakeet-unified-model.cc.o
2026-10-02T22:04:40.9138716Z [ 63%] Building CXX object sherpa-onnx/csrc/CMakeFiles/sherpa-onnx-core.dir/online-transducer-nemo-model.cc.o
2026-10-02T22:04:41.0138846Z [ 63%] Building CXX object sherpa-onnx/csrc/CMakeFiles/sherpa-onnx-core.dir/online-wenet-ctc-model-config.cc.o
2026-10-02T22:04:41.5138708Z [ 63%] Building CXX object sherpa-onnx/csrc/CMakeFiles/sherpa-onnx-core.dir/online-wenet-ctc-model.cc.o
2026-10-02T22:04:42.7138912Z [ 64%] Building CXX object sherpa-onnx/csrc/CMakeFiles/sherpa-onnx-core.dir/online-zipformer-transducer-model.cc.o
2026-10-02T22:04:44.8138935Z [ 64%] Building CXX object sherpa-onnx/csrc/CMakeFiles/sherpa-onnx-core.dir/online-zipformer2-ctc-model-config.cc.o
2026-10-02T22:04:45.0139308Z [ 64%] Building CXX object sherpa-onnx/csrc/CMakeFiles/sherpa-onnx-core.dir/online-zipformer2-ctc-model.cc.o
2026-10-02T22:04:45.3139290Z [ 64%] Building CXX object sherpa-onnx/csrc/CMakeFiles/sherpa-onnx-core.dir/online-zipformer2-transducer-model.cc.o
2026-10-02T22:04:46.5138959Z [ 65%] Building CXX object sherpa-onnx/csrc/CMakeFiles/sherpa-onnx-core.dir/onnx-utils.cc.o
2026-10-02T22:04:47.5138543Z [ 65%] Building CXX object sherpa-onnx/csrc/CMakeFiles/sherpa-onnx-core.dir/packed-sequence.cc.o
2026-10-02T22:04:47.7138586Z [ 65%] Building CXX object sherpa-onnx/csrc/CMakeFiles/sherpa-onnx-core.dir/pad-sequence.cc.o
2026-10-02T22:04:48.3139036Z [ 66%] Building CXX object sherpa-onnx/csrc/CMakeFiles/sherpa-onnx-core.dir/parse-options.cc.o
2026-10-02T22:04:48.3139963Z [ 66%] Building CXX object sherpa-onnx/csrc/CMakeFiles/sherpa-onnx-core.dir/phrase-matcher.cc.o
2026-10-02T22:04:48.8139498Z [ 66%] Building CXX object sherpa-onnx/csrc/CMakeFiles/sherpa-onnx-core.dir/provider-config.cc.o
2026-10-02T22:04:49.6138764Z [ 67%] Building CXX object sherpa-onnx/csrc/CMakeFiles/sherpa-onnx-core.dir/provider.cc.o
2026-10-02T22:04:50.0139249Z [ 67%] Building CXX object sherpa-onnx/csrc/CMakeFiles/sherpa-onnx-core.dir/resample.cc.o
2026-10-02T22:04:50.3139215Z [ 67%] Building CXX object sherpa-onnx/csrc/CMakeFiles/sherpa-onnx-core.dir/session.cc.o
2026-10-02T22:04:50.4139401Z [ 68%] Building CXX object sherpa-onnx/csrc/CMakeFiles/sherpa-onnx-core.dir/silero-vad-model-config.cc.o
2026-10-02T22:04:50.9138722Z [ 68%] Building CXX object sherpa-onnx/csrc/CMakeFiles/sherpa-onnx-core.dir/silero-vad-model.cc.o
2026-10-02T22:04:51.6138934Z [ 68%] Building CXX object sherpa-onnx/csrc/CMakeFiles/sherpa-onnx-core.dir/slice.cc.o
2026-10-02T22:04:51.9138896Z [ 68%] Building CXX object sherpa-onnx/csrc/CMakeFiles/sherpa-onnx-core.dir/spoken-language-identification-impl.cc.o
2026-10-02T22:04:52.2138667Z [ 69%] Building CXX object sherpa-onnx/csrc/CMakeFiles/sherpa-onnx-core.dir/spoken-language-identification.cc.o
2026-10-02T22:04:52.8139229Z [ 69%] Building CXX object sherpa-onnx/csrc/CMakeFiles/sherpa-onnx-core.dir/stack.cc.o
2026-10-02T22:04:52.9139133Z [ 69%] Building CXX object sherpa-onnx/csrc/CMakeFiles/sherpa-onnx-core.dir/symbol-table.cc.o
2026-10-02T22:04:53.5138873Z [ 70%] Building CXX object sherpa-onnx/csrc/CMakeFiles/sherpa-onnx-core.dir/ten-vad-model-config.cc.o
2026-10-02T22:04:53.8139034Z [ 70%] Building CXX object sherpa-onnx/csrc/CMakeFiles/sherpa-onnx-core.dir/ten-vad-model.cc.o
2026-10-02T22:04:54.0149205Z [ 70%] Building CXX object sherpa-onnx/csrc/CMakeFiles/sherpa-onnx-core.dir/text-utils.cc.o
2026-10-02T22:04:55.5138826Z [ 71%] Building CXX object sherpa-onnx/csrc/CMakeFiles/sherpa-onnx-core.dir/timer.cc.o
2026-10-02T22:04:55.5140422Z [ 71%] Building CXX object sherpa-onnx/csrc/CMakeFiles/sherpa-onnx-core.dir/transducer-keyword-decoder.cc.o
2026-10-02T22:04:55.8139356Z [ 71%] Building CXX object sherpa-onnx/csrc/CMakeFiles/sherpa-onnx-core.dir/transpose.cc.o
2026-10-02T22:04:56.5138995Z [ 72%] Building CXX object sherpa-onnx/csrc/CMakeFiles/sherpa-onnx-core.dir/unbind.cc.o
2026-10-02T22:04:57.3139040Z [ 72%] Building CXX object sherpa-onnx/csrc/CMakeFiles/sherpa-onnx-core.dir/utils.cc.o
2026-10-02T22:04:58.0139843Z [ 72%] Building CXX object sherpa-onnx/csrc/CMakeFiles/sherpa-onnx-core.dir/vad-model-config.cc.o
2026-10-02T22:04:58.2138708Z [ 72%] Building CXX object sherpa-onnx/csrc/CMakeFiles/sherpa-onnx-core.dir/vad-model.cc.o
2026-10-02T22:04:58.4139190Z [ 73%] Building CXX object sherpa-onnx/csrc/CMakeFiles/sherpa-onnx-core.dir/version.cc.o
2026-10-02T22:04:58.5138768Z [ 73%] Building CXX object sherpa-onnx/csrc/CMakeFiles/sherpa-onnx-core.dir/voice-activity-detector.cc.o
2026-10-02T22:04:58.7139069Z [ 73%] Building CXX object sherpa-onnx/csrc/CMakeFiles/sherpa-onnx-core.dir/wave-reader.cc.o
2026-10-02T22:04:59.2138307Z [ 74%] Building CXX object sherpa-onnx/csrc/CMakeFiles/sherpa-onnx-core.dir/wave-writer.cc.o
2026-10-02T22:04:59.2139629Z [ 74%] Building CXX object sherpa-onnx/csrc/CMakeFiles/sherpa-onnx-core.dir/speaker-embedding-extractor-impl.cc.o
2026-10-02T22:04:59.7138738Z [ 74%] Building CXX object sherpa-onnx/csrc/CMakeFiles/sherpa-onnx-core.dir/speaker-embedding-extractor-model.cc.o
2026-10-02T22:05:01.6139371Z [ 75%] Building CXX object sherpa-onnx/csrc/CMakeFiles/sherpa-onnx-core.dir/speaker-embedding-extractor-nemo-model.cc.o
2026-10-02T22:05:01.7138477Z [ 75%] Building CXX object sherpa-onnx/csrc/CMakeFiles/sherpa-onnx-core.dir/speaker-embedding-extractor.cc.o
2026-10-02T22:05:03.3138845Z [ 75%] Building CXX object sherpa-onnx/csrc/CMakeFiles/sherpa-onnx-core.dir/speaker-embedding-manager.cc.o
2026-10-02T22:05:03.4138595Z [ 76%] Building CXX object sherpa-onnx/csrc/CMakeFiles/sherpa-onnx-core.dir/audio-tagging-impl.cc.o
2026-10-02T22:05:04.7138825Z [ 76%] Building CXX object sherpa-onnx/csrc/CMakeFiles/sherpa-onnx-core.dir/audio-tagging-label-file.cc.o
2026-10-02T22:05:05.1139726Z [ 76%] Building CXX object sherpa-onnx/csrc/CMakeFiles/sherpa-onnx-core.dir/audio-tagging-model-config.cc.o
2026-10-02T22:05:05.5138573Z [ 76%] Building CXX object sherpa-onnx/csrc/CMakeFiles/sherpa-onnx-core.dir/audio-tagging.cc.o
2026-10-02T22:05:05.6139029Z [ 77%] Building CXX object sherpa-onnx/csrc/CMakeFiles/sherpa-onnx-core.dir/offline-ced-model.cc.o
2026-10-02T22:05:06.1138595Z [ 77%] Building CXX object sherpa-onnx/csrc/CMakeFiles/sherpa-onnx-core.dir/offline-zipformer-audio-tagging-model-config.cc.o
2026-10-02T22:05:06.5138577Z [ 77%] Building CXX object sherpa-onnx/csrc/CMakeFiles/sherpa-onnx-core.dir/offline-zipformer-audio-tagging-model.cc.o
2026-10-02T22:05:06.6139160Z [ 78%] Building CXX object sherpa-onnx/csrc/CMakeFiles/sherpa-onnx-core.dir/qnn-config.cc.o
2026-10-02T22:05:07.1139270Z [ 78%] Building CXX object sherpa-onnx/csrc/CMakeFiles/sherpa-onnx-core.dir/offline-ct-transformer-model.cc.o
2026-10-02T22:05:07.5138854Z [ 78%] Building CXX object sherpa-onnx/csrc/CMakeFiles/sherpa-onnx-core.dir/offline-punctuation-impl.cc.o
2026-10-02T22:05:08.2138819Z [ 79%] Building CXX object sherpa-onnx/csrc/CMakeFiles/sherpa-onnx-core.dir/offline-punctuation-model-config.cc.o
2026-10-02T22:05:08.7138772Z [ 79%] Building CXX object sherpa-onnx/csrc/CMakeFiles/sherpa-onnx-core.dir/offline-punctuation.cc.o
2026-10-02T22:05:08.9139348Z [ 79%] Building CXX object sherpa-onnx/csrc/CMakeFiles/sherpa-onnx-core.dir/online-cnn-bilstm-model.cc.o
2026-10-02T22:05:09.1139171Z [ 79%] Building CXX object sherpa-onnx/csrc/CMakeFiles/sherpa-onnx-core.dir/online-punctuation-impl.cc.o
2026-10-02T22:05:09.8139020Z [ 80%] Building CXX object sherpa-onnx/csrc/CMakeFiles/sherpa-onnx-core.dir/online-punctuation-model-config.cc.o
2026-10-02T22:05:10.3139327Z [ 80%] Building CXX object sherpa-onnx/csrc/CMakeFiles/sherpa-onnx-core.dir/online-punctuation.cc.o
2026-10-02T22:05:10.7138715Z [ 80%] Building CXX object sherpa-onnx/csrc/CMakeFiles/sherpa-onnx-core.dir/tashkeel-tokenizer.cc.o
2026-10-02T22:05:10.8139131Z [ 81%] Building CXX object sherpa-onnx/csrc/CMakeFiles/sherpa-onnx-core.dir/offline-catt-model.cc.o
2026-10-02T22:05:11.8139397Z [ 81%] Building CXX object sherpa-onnx/csrc/CMakeFiles/sherpa-onnx-core.dir/offline-diacritization-model-config.cc.o
2026-10-02T22:05:12.1139257Z [ 81%] Building CXX object sherpa-onnx/csrc/CMakeFiles/sherpa-onnx-core.dir/offline-diacritization.cc.o
2026-10-02T22:05:12.3139576Z [ 82%] Building CXX object sherpa-onnx/csrc/CMakeFiles/sherpa-onnx-core.dir/offline-diacritization-impl.cc.o
2026-10-02T22:05:12.5138902Z [ 82%] Building CXX object sherpa-onnx/csrc/CMakeFiles/sherpa-onnx-core.dir/offline-funasr-nano-model-config.cc.o
2026-10-02T22:05:13.1139062Z [ 82%] Building CXX object sherpa-onnx/csrc/CMakeFiles/sherpa-onnx-core.dir/offline-funasr-nano-model.cc.o
2026-10-02T22:05:13.2139142Z [ 83%] Building CXX object sherpa-onnx/csrc/CMakeFiles/sherpa-onnx-core.dir/offline-recognizer-funasr-nano-impl.cc.o
2026-10-02T22:05:14.8139051Z [ 83%] Building CXX object sherpa-onnx/csrc/CMakeFiles/sherpa-onnx-core.dir/funasr-nano-tokenizer.cc.o
2026-10-02T22:05:15.5138648Z [ 83%] Building CXX object sherpa-onnx/csrc/CMakeFiles/sherpa-onnx-core.dir/offline-qwen3-asr-model-config.cc.o
2026-10-02T22:05:16.0138711Z [ 83%] Building CXX object sherpa-onnx/csrc/CMakeFiles/sherpa-onnx-core.dir/offline-qwen3-asr-model.cc.o
2026-10-02T22:05:17.0139473Z [ 84%] Building CXX object sherpa-onnx/csrc/CMakeFiles/sherpa-onnx-core.dir/offline-recognizer-qwen3-asr-impl.cc.o
2026-10-02T22:05:17.5138860Z [ 84%] Building CXX object sherpa-onnx/csrc/CMakeFiles/sherpa-onnx-core.dir/qwen-asr-tokenizer.cc.o
2026-10-02T22:05:19.6139013Z [ 84%] Building CXX object sherpa-onnx/csrc/CMakeFiles/sherpa-onnx-core.dir/character-lexicon.cc.o
2026-10-02T22:05:20.8139272Z [ 85%] Building CXX object sherpa-onnx/csrc/CMakeFiles/sherpa-onnx-core.dir/hifigan-vocoder.cc.o
2026-10-02T22:05:21.8138879Z [ 85%] Building CXX object sherpa-onnx/csrc/CMakeFiles/sherpa-onnx-core.dir/kokoro-multi-lang-lexicon.cc.o
2026-10-02T22:05:22.6139303Z [ 85%] Building CXX object sherpa-onnx/csrc/CMakeFiles/sherpa-onnx-core.dir/lexicon.cc.o
2026-10-02T22:05:23.8138992Z [ 86%] Building CXX object sherpa-onnx/csrc/CMakeFiles/sherpa-onnx-core.dir/matcha-tts-lexicon.cc.o
2026-10-02T22:05:27.7138751Z [ 86%] Building CXX object sherpa-onnx/csrc/CMakeFiles/sherpa-onnx-core.dir/melo-tts-lexicon.cc.o
2026-10-02T22:05:27.9139470Z [ 86%] Building CXX object sherpa-onnx/csrc/CMakeFiles/sherpa-onnx-core.dir/offline-tts-character-frontend.cc.o
2026-10-02T22:05:28.8139394Z [ 87%] Building CXX object sherpa-onnx/csrc/CMakeFiles/sherpa-onnx-core.dir/offline-tts-frontend.cc.o
2026-10-02T22:05:29.2138798Z [ 87%] Building CXX object sherpa-onnx/csrc/CMakeFiles/sherpa-onnx-core.dir/offline-tts-impl.cc.o
2026-10-02T22:05:31.0138689Z [ 87%] Building CXX object sherpa-onnx/csrc/CMakeFiles/sherpa-onnx-core.dir/offline-tts-kitten-model-config.cc.o
2026-10-02T22:05:31.6139473Z [ 87%] Building CXX object sherpa-onnx/csrc/CMakeFiles/sherpa-onnx-core.dir/offline-tts-kitten-model.cc.o
2026-10-02T22:05:32.8139621Z [ 88%] Building CXX object sherpa-onnx/csrc/CMakeFiles/sherpa-onnx-core.dir/offline-tts-kokoro-model-config.cc.o
2026-10-02T22:05:33.3138256Z [ 88%] Building CXX object sherpa-onnx/csrc/CMakeFiles/sherpa-onnx-core.dir/offline-tts-kokoro-model.cc.o
2026-10-02T22:05:34.5139182Z [ 88%] Building CXX object sherpa-onnx/csrc/CMakeFiles/sherpa-onnx-core.dir/offline-tts-matcha-model-config.cc.o
2026-10-02T22:05:34.6139061Z [ 89%] Building CXX object sherpa-onnx/csrc/CMakeFiles/sherpa-onnx-core.dir/offline-tts-matcha-model.cc.o
2026-10-02T22:05:35.0141902Z [ 89%] Building CXX object sherpa-onnx/csrc/CMakeFiles/sherpa-onnx-core.dir/offline-tts-model-config.cc.o
2026-10-02T22:05:35.4139043Z [ 89%] Building CXX object sherpa-onnx/csrc/CMakeFiles/sherpa-onnx-core.dir/offline-tts-pocket-model-config.cc.o
2026-10-02T22:05:35.6139225Z [ 90%] Building CXX object sherpa-onnx/csrc/CMakeFiles/sherpa-onnx-core.dir/offline-tts-pocket-model.cc.o
2026-10-02T22:05:35.9139298Z [ 90%] Building CXX object sherpa-onnx/csrc/CMakeFiles/sherpa-onnx-core.dir/offline-tts-supertonic-impl.cc.o
2026-10-02T22:05:36.8139650Z [ 90%] Building CXX object sherpa-onnx/csrc/CMakeFiles/sherpa-onnx-core.dir/offline-tts-supertonic-model-config.cc.o
2026-10-02T22:05:37.3139343Z [ 91%] Building CXX object sherpa-onnx/csrc/CMakeFiles/sherpa-onnx-core.dir/offline-tts-supertonic-model.cc.o
2026-10-02T22:05:37.4139365Z [ 91%] Building CXX object sherpa-onnx/csrc/CMakeFiles/sherpa-onnx-core.dir/offline-tts-supertonic-unicode-processor.cc.o
2026-10-02T22:05:38.1139312Z [ 91%] Building CXX object sherpa-onnx/csrc/CMakeFiles/sherpa-onnx-core.dir/offline-tts-vits-model-config.cc.o
2026-10-02T22:05:38.6139001Z [ 91%] Building CXX object sherpa-onnx/csrc/CMakeFiles/sherpa-onnx-core.dir/offline-tts-vits-model.cc.o
2026-10-02T22:05:39.8139284Z [ 92%] Building CXX object sherpa-onnx/csrc/CMakeFiles/sherpa-onnx-core.dir/offline-tts-zipvoice-model-config.cc.o
2026-10-02T22:05:40.1139046Z [ 92%] Building CXX object sherpa-onnx/csrc/CMakeFiles/sherpa-onnx-core.dir/offline-tts-zipvoice-model.cc.o
2026-10-02T22:05:40.3138627Z [ 92%] Building CXX object sherpa-onnx/csrc/CMakeFiles/sherpa-onnx-core.dir/offline-tts.cc.o
2026-10-02T22:05:41.2138702Z [ 93%] Building CXX object sherpa-onnx/csrc/CMakeFiles/sherpa-onnx-core.dir/piper-phonemize-lexicon.cc.o
2026-10-02T22:05:41.3138922Z [ 93%] Building CXX object sherpa-onnx/csrc/CMakeFiles/sherpa-onnx-core.dir/sentence-piece-tokenizer.cc.o
2026-10-02T22:05:43.6138823Z [ 93%] Building CXX object sherpa-onnx/csrc/CMakeFiles/sherpa-onnx-core.dir/vocoder.cc.o
2026-10-02T22:05:44.2138599Z [ 94%] Building CXX object sherpa-onnx/csrc/CMakeFiles/sherpa-onnx-core.dir/vocos-vocoder.cc.o
2026-10-02T22:05:44.4139644Z [ 94%] Building CXX object sherpa-onnx/csrc/CMakeFiles/sherpa-onnx-core.dir/offline-speech-denoiser-dpdfnet-model-config.cc.o
2026-10-02T22:05:44.9140259Z [ 94%] Building CXX object sherpa-onnx/csrc/CMakeFiles/sherpa-onnx-core.dir/offline-speech-denoiser-dpdfnet-model.cc.o
2026-10-02T22:05:45.3140120Z [ 95%] Building CXX object sherpa-onnx/csrc/CMakeFiles/sherpa-onnx-core.dir/offline-speech-denoiser-gtcrn-model-config.cc.o
2026-10-02T22:05:45.8138903Z [ 95%] Building CXX object sherpa-onnx/csrc/CMakeFiles/sherpa-onnx-core.dir/offline-speech-denoiser-gtcrn-model.cc.o
2026-10-02T22:05:46.0138760Z [ 95%] Building CXX object sherpa-onnx/csrc/CMakeFiles/sherpa-onnx-core.dir/offline-speech-denoiser-impl.cc.o
2026-10-02T22:05:46.8138924Z [ 95%] Building CXX object sherpa-onnx/csrc/CMakeFiles/sherpa-onnx-core.dir/offline-speech-denoiser-model-config.cc.o
2026-10-02T22:05:47.2138648Z [ 96%] Building CXX object sherpa-onnx/csrc/CMakeFiles/sherpa-onnx-core.dir/offline-speech-denoiser.cc.o
2026-10-02T22:05:47.4139579Z [ 96%] Building CXX object sherpa-onnx/csrc/CMakeFiles/sherpa-onnx-core.dir/online-speech-denoiser-impl.cc.o
2026-10-02T22:05:47.7138355Z [ 96%] Building CXX object sherpa-onnx/csrc/CMakeFiles/sherpa-onnx-core.dir/online-speech-denoiser.cc.o
2026-10-02T22:05:48.9138599Z [ 97%] Linking CXX static library ../../lib/libsherpa-onnx-core.a
2026-10-02T22:05:49.1139217Z [ 97%] Built target sherpa-onnx-core
2026-10-02T22:05:49.1139886Z [ 97%] Building CXX object sherpa-onnx/jni/CMakeFiles/sherpa-onnx-jni.dir/common.cc.o
2026-10-02T22:05:49.4138756Z [ 97%] Building CXX object sherpa-onnx/jni/CMakeFiles/sherpa-onnx-jni.dir/jni.cc.o
2026-10-02T22:05:49.4139435Z [ 98%] Building CXX object sherpa-onnx/jni/CMakeFiles/sherpa-onnx-jni.dir/offline-recognizer.cc.o
2026-10-02T22:05:49.7138566Z [ 98%] Building CXX object sherpa-onnx/jni/CMakeFiles/sherpa-onnx-jni.dir/offline-stream.cc.o
2026-10-02T22:05:50.2138575Z [ 98%] Building CXX object sherpa-onnx/jni/CMakeFiles/sherpa-onnx-jni.dir/online-stream.cc.o
2026-10-02T22:05:50.5138858Z [ 99%] Building CXX object sherpa-onnx/jni/CMakeFiles/sherpa-onnx-jni.dir/speaker-embedding-extractor.cc.o
2026-10-02T22:05:51.8138826Z [ 99%] Building CXX object sherpa-onnx/jni/CMakeFiles/sherpa-onnx-jni.dir/version.cc.o
2026-10-02T22:05:52.1139342Z [ 99%] Building CXX object sherpa-onnx/jni/CMakeFiles/sherpa-onnx-jni.dir/voice-activity-detector.cc.o
2026-10-02T22:05:52.2138732Z [ 99%] Building CXX object sherpa-onnx/jni/CMakeFiles/sherpa-onnx-jni.dir/offline-tts.cc.o
2026-10-02T22:05:53.3138896Z [100%] Linking CXX shared library ../../lib/libsherpa-onnx-jni.so
2026-10-02T22:05:53.4138138Z [100%] Built target sherpa-onnx-jni
2026-10-02T22:05:53.5138091Z Upstream Sherpa ready: /home/runner/work/Jarvis-OS-V2/Jarvis-OS-V2/app/build/sherpa-native
2026-10-02T22:05:53.7137972Z 
2026-10-02T22:05:53.7142459Z > Task :app:preBuild
2026-10-02T22:05:53.7142793Z > Task :app:preReleaseBuild
2026-10-02T22:05:53.7143064Z > Task :app:generateReleaseBuildConfig
2026-10-02T22:06:03.6138818Z > Task :app:generateReleaseResValues
2026-10-02T22:06:03.6139480Z > Task :app:checkReleaseAarMetadata
2026-10-02T22:06:03.6140078Z > Task :app:mapReleaseSourceSetPaths
2026-10-02T22:06:03.6140533Z > Task :app:generateReleaseResources
2026-10-02T22:06:04.9139232Z > Task :app:packageReleaseResources
2026-10-02T22:06:05.0139198Z > Task :app:mergeReleaseResources
2026-10-02T22:06:08.8158814Z > Task :app:createReleaseCompatibleScreenManifests
2026-10-02T22:06:08.8169151Z > Task :app:extractDeepLinksRelease
2026-10-02T22:06:08.8169876Z > Task :app:parseReleaseLocalResources
2026-10-02T22:06:09.0148844Z > Task :app:processReleaseMainManifest
2026-10-02T22:06:09.1139661Z > Task :app:processReleaseManifest
2026-10-02T22:06:09.1140491Z > Task :app:preReleaseUnitTestBuild
2026-10-02T22:06:09.1140954Z > Task :app:javaPreCompileRelease
2026-10-02T22:06:09.1141449Z > Task :app:javaPreCompileReleaseUnitTest
2026-10-02T22:06:09.1141935Z > Task :app:extractProguardFiles
2026-10-02T22:06:11.1137895Z 
2026-10-02T22:06:11.1139431Z > Task :app:configureCMakeRelWithDebInfo[arm64-v8a]
2026-10-02T22:06:11.1141484Z Checking the license for package CMake 3.22.1 in /usr/local/lib/android/sdk/licenses
2026-10-02T22:06:11.1142240Z License for package CMake 3.22.1 accepted.
2026-10-02T22:06:11.1142881Z Preparing "Install CMake 3.22.1 v.3.22.1".
2026-10-02T22:06:11.2139150Z "Install CMake 3.22.1 v.3.22.1" ready.
2026-10-02T22:06:11.2140363Z Installing CMake 3.22.1 in /usr/local/lib/android/sdk/cmake/3.22.1
2026-10-02T22:06:11.2141009Z "Install CMake 3.22.1 v.3.22.1" complete.
2026-10-02T22:06:11.3149299Z "Install CMake 3.22.1 v.3.22.1" finished.
2026-10-02T22:06:39.1138045Z 
2026-10-02T22:06:39.1169004Z > Task :app:processReleaseManifestForPackage
2026-10-02T22:06:45.9138550Z > Task :app:buildCMakeRelWithDebInfo[arm64-v8a]
2026-10-02T22:06:46.6138780Z > Task :app:mergeReleaseJniLibFolders
2026-10-02T22:06:48.0139201Z > Task :app:checkReleaseDuplicateClasses
2026-10-02T22:06:48.2164909Z > Task :app:mergeReleaseNativeLibs
2026-10-02T22:06:48.5151544Z > Task :app:mergeReleaseStartupProfile
2026-10-02T22:06:48.5152132Z > Task :app:mergeReleaseArtProfile
2026-10-02T22:06:48.5152541Z > Task :app:mergeReleaseShaders
2026-10-02T22:06:48.5152961Z > Task :app:compileReleaseShaders NO-SOURCE
2026-10-02T22:06:48.5153405Z > Task :app:generateReleaseAssets UP-TO-DATE
2026-10-02T22:06:48.6138732Z > Task :app:processReleaseResources
2026-10-02T22:06:48.6139603Z > Task :app:stripReleaseDebugSymbols
2026-10-02T22:06:48.7139193Z > Task :app:mergeReleaseAssets
2026-10-02T22:06:54.6139224Z > Task :app:extractReleaseVersionControlInfo
2026-10-02T22:06:54.8143430Z > Task :app:compressReleaseAssets
2026-10-02T22:06:54.9140655Z > Task :app:extractReleaseNativeSymbolTables
2026-10-02T22:06:55.0148883Z > Task :app:collectReleaseDependencies
2026-10-02T22:06:55.0156303Z > Task :app:convertLinkedResourcesToProtoRelease
2026-10-02T22:06:55.2139183Z > Task :app:sdkReleaseDependencyData
2026-10-02T22:06:55.2139844Z > Task :app:validateSigningRelease
2026-10-02T22:06:55.2140479Z > Task :app:writeReleaseAppMetadata
2026-10-02T22:06:55.2140958Z > Task :app:writeReleaseSigningConfigVersions
2026-10-02T22:06:55.2141407Z > Task :app:preReleaseAndroidTestBuild SKIPPED
2026-10-02T22:06:56.4140794Z > Task :app:processReleaseAndroidTestManifest
2026-10-02T22:06:56.4141559Z > Task :app:generateReleaseAndroidTestBuildConfig
2026-10-02T22:06:56.4142145Z > Task :app:generateReleaseAndroidTestResValues
2026-10-02T22:06:56.4142682Z > Task :app:checkReleaseAndroidTestAarMetadata
2026-10-02T22:06:56.5152790Z > Task :app:mapReleaseAndroidTestSourceSetPaths
2026-10-02T22:06:56.5178885Z > Task :app:generateReleaseAndroidTestResources
2026-10-02T22:06:56.5213579Z > Task :app:javaPreCompileReleaseAndroidTest
2026-10-02T22:06:56.5241746Z > Task :app:mergeReleaseAndroidTestShaders
2026-10-02T22:06:56.5257676Z > Task :app:mergeReleaseAndroidTestResources
2026-10-02T22:06:56.5278831Z > Task :app:compileReleaseAndroidTestShaders NO-SOURCE
2026-10-02T22:06:56.6161358Z > Task :app:generateReleaseAndroidTestAssets UP-TO-DATE
2026-10-02T22:06:56.6218316Z > Task :app:mergeReleaseAndroidTestAssets
2026-10-02T22:06:56.6278808Z > Task :app:compressReleaseAndroidTestAssets
2026-10-02T22:06:56.8148448Z > Task :app:processReleaseAndroidTestResources
2026-10-02T22:06:56.8169593Z > Task :app:checkReleaseAndroidTestDuplicateClasses
2026-10-02T22:06:56.9139201Z > Task :app:mergeReleaseAndroidTestJniLibFolders
2026-10-02T22:06:56.9158601Z > Task :app:mergeReleaseAndroidTestNativeLibs NO-SOURCE
2026-10-02T22:06:56.9182422Z > Task :app:stripReleaseAndroidTestDebugSymbols NO-SOURCE
2026-10-02T22:06:56.9238033Z > Task :app:validateSigningReleaseAndroidTest
2026-10-02T22:06:56.9265699Z > Task :app:writeReleaseAndroidTestSigningConfigVersions
2026-10-02T22:06:58.9139017Z > Task :app:mergeReleaseNativeDebugMetadata
2026-10-02T22:07:18.7151480Z > Task :app:compileReleaseKotlin
2026-10-02T22:14:18.5139790Z w: file:///home/runner/work/Jarvis-OS-V2/Jarvis-OS-V2/app/src/main/java/com/battlesbudz/jarvis/v2/JarvisRuntime.kt:88:14 'lateinit' is unnecessary: definitely initialized in constructors.
2026-10-02T22:14:18.5141060Z w: file:///home/runner/work/Jarvis-OS-V2/Jarvis-OS-V2/app/src/main/java/com/battlesbudz/jarvis/v2/JarvisRuntime.kt:138:14 'lateinit' is unnecessary: definitely initialized in constructors.
2026-10-02T22:14:18.5142224Z w: file:///home/runner/work/Jarvis-OS-V2/Jarvis-OS-V2/app/src/main/java/com/battlesbudz/jarvis/v2/JarvisRuntime.kt:139:14 'lateinit' is unnecessary: definitely initialized in constructors.
2026-10-02T22:14:18.5143191Z w: file:///home/runner/work/Jarvis-OS-V2/Jarvis-OS-V2/app/src/main/java/com/battlesbudz/jarvis/v2/JarvisRuntime.kt:143:14 'lateinit' is unnecessary: definitely initialized in constructors.
2026-10-02T22:14:18.5144134Z w: file:///home/runner/work/Jarvis-OS-V2/Jarvis-OS-V2/app/src/main/java/com/battlesbudz/jarvis/v2/JarvisRuntime.kt:144:14 'lateinit' is unnecessary: definitely initialized in constructors.
2026-10-02T22:14:18.5145064Z w: file:///home/runner/work/Jarvis-OS-V2/Jarvis-OS-V2/app/src/main/java/com/battlesbudz/jarvis/v2/JarvisRuntime.kt:145:14 'lateinit' is unnecessary: definitely initialized in constructors.
2026-10-02T22:14:18.5145981Z w: file:///home/runner/work/Jarvis-OS-V2/Jarvis-OS-V2/app/src/main/java/com/battlesbudz/jarvis/v2/JarvisRuntime.kt:146:14 'lateinit' is unnecessary: definitely initialized in constructors.
2026-10-02T22:14:18.5147034Z w: file:///home/runner/work/Jarvis-OS-V2/Jarvis-OS-V2/app/src/main/java/com/battlesbudz/jarvis/v2/JarvisRuntime.kt:148:14 'lateinit' is unnecessary: definitely initialized in constructors.
2026-10-02T22:14:18.5148115Z w: file:///home/runner/work/Jarvis-OS-V2/Jarvis-OS-V2/app/src/main/java/com/battlesbudz/jarvis/v2/JarvisRuntime.kt:730:62 Unnecessary safe call on a non-null receiver of type 'LiveComparison.Trial'.
2026-10-02T22:14:18.5149064Z w: file:///home/runner/work/Jarvis-OS-V2/Jarvis-OS-V2/app/src/main/java/com/battlesbudz/jarvis/v2/JarvisRuntime.kt:1336:91 Unnecessary safe call on a non-null receiver of type 'Job'.
2026-10-02T22:14:18.5149976Z w: file:///home/runner/work/Jarvis-OS-V2/Jarvis-OS-V2/app/src/main/java/com/battlesbudz/jarvis/v2/JarvisRuntime.kt:1769:34 Unnecessary safe call on a non-null receiver of type 'Job'.
2026-10-02T22:14:18.5150875Z w: file:///home/runner/work/Jarvis-OS-V2/Jarvis-OS-V2/app/src/main/java/com/battlesbudz/jarvis/v2/JarvisRuntime.kt:1799:34 Unnecessary safe call on a non-null receiver of type 'Job'.
2026-10-02T22:14:18.5151845Z w: file:///home/runner/work/Jarvis-OS-V2/Jarvis-OS-V2/app/src/main/java/com/battlesbudz/jarvis/v2/actions/InstalledAppResolver.kt:83:51 Unnecessary safe call on a non-null receiver of type 'CharSequence'.
2026-10-02T22:14:18.5152907Z w: file:///home/runner/work/Jarvis-OS-V2/Jarvis-OS-V2/app/src/main/java/com/battlesbudz/jarvis/v2/chat/ConversationHistory.kt:89:111 Unnecessary non-null assertion (!!) on a non-null receiver of type 'ConversationMessage'.
2026-10-02T22:14:18.5153978Z w: file:///home/runner/work/Jarvis-OS-V2/Jarvis-OS-V2/app/src/main/java/com/battlesbudz/jarvis/v2/chat/ConversationHistory.kt:180:56 Java type mismatch: inferred type is 'String?', but 'String' was expected.
2026-10-02T22:14:18.5155175Z w: file:///home/runner/work/Jarvis-OS-V2/Jarvis-OS-V2/app/src/main/java/com/battlesbudz/jarvis/v2/conversation/ConversationRuntime.kt:206:55 Unnecessary non-null assertion (!!) on a non-null receiver of type 'MemoryDeliveryFence.Ticket'.
2026-10-02T22:14:18.5156581Z w: file:///home/runner/work/Jarvis-OS-V2/Jarvis-OS-V2/app/src/main/java/com/battlesbudz/jarvis/v2/diagnostics/DiagnosticRecorder.kt:94:49 Java type mismatch: inferred type is 'String?', but 'String' was expected.
2026-10-02T22:14:18.5157579Z w: file:///home/runner/work/Jarvis-OS-V2/Jarvis-OS-V2/app/src/main/java/com/battlesbudz/jarvis/v2/diagnostics/DiagnosticRecorder.kt:113:55 Java type mismatch: inferred type is 'String?', but 'String' was expected.
2026-10-02T22:14:18.5158694Z w: file:///home/runner/work/Jarvis-OS-V2/Jarvis-OS-V2/app/src/main/java/com/battlesbudz/jarvis/v2/ui/MemoryScreen.kt:45:21 'val LocalLifecycleOwner: ProvidableCompositionLocal<LifecycleOwner>' is deprecated. Moved to lifecycle-runtime-compose library in androidx.lifecycle.compose package.
2026-10-02T22:14:18.5159744Z w: file:///home/runner/work/Jarvis-OS-V2/Jarvis-OS-V2/app/src/main/java/com/battlesbudz/jarvis/v2/ui/MemoryScreen.kt:182:44 Unnecessary safe call on a non-null receiver of type 'MemoryWikiIndex'.
2026-10-02T22:14:18.5160712Z w: file:///home/runner/work/Jarvis-OS-V2/Jarvis-OS-V2/app/src/main/java/com/battlesbudz/jarvis/v2/voice/AudioTurnCapture.kt:368:78 Unnecessary non-null assertion (!!) on a non-null receiver of type 'Boolean'.
2026-10-02T22:14:18.5161637Z w: file:///home/runner/work/Jarvis-OS-V2/Jarvis-OS-V2/app/src/main/java/com/battlesbudz/jarvis/v2/voice/PiperVoiceOutput.kt:362:53 Unnecessary safe call on a non-null receiver of type 'CallModelSlot.Lease<OfflineTts>'.
2026-10-02T22:14:18.5162559Z w: file:///home/runner/work/Jarvis-OS-V2/Jarvis-OS-V2/app/src/main/java/com/battlesbudz/jarvis/v2/voice/RecognitionModelStore.kt:32:41 'val nextTarEntry: TarArchiveEntry!' is deprecated. Deprecated in Java.
2026-10-02T22:14:18.5163857Z w: file:///home/runner/work/Jarvis-OS-V2/Jarvis-OS-V2/app/src/main/java/com/battlesbudz/jarvis/v2/voice/TtsModelStore.kt:77:37 'val nextTarEntry: TarArchiveEntry!' is deprecated. Deprecated in Java.
2026-10-02T22:14:26.2140227Z 
2026-10-02T22:14:26.2141478Z > Task :app:compileReleaseJavaWithJavac
2026-10-02T22:14:26.2141996Z > Task :app:processReleaseJavaRes
2026-10-02T22:14:26.3139239Z > Task :app:bundleReleaseClassesToCompileJar
2026-10-02T22:14:26.3139850Z > Task :app:bundleReleaseClassesToRuntimeJar
2026-10-02T22:14:28.3138688Z > Task :app:generateReleaseLintVitalReportModel
2026-10-02T22:14:35.2156087Z > Task :app:mergeReleaseGeneratedProguardFiles
2026-10-02T22:14:37.0155622Z > Task :app:expandReleaseArtProfileWildcards
2026-10-02T22:14:39.2159193Z > Task :app:mergeReleaseJavaResource
2026-10-02T22:14:43.9139238Z > Task :app:produceReleaseComposeMapping
2026-10-02T22:14:43.9180703Z > Task :app:reportReleaseComposeMappingErrors
2026-10-02T22:14:45.2148100Z 
2026-10-02T22:14:45.2190363Z > Task :app:compileReleaseUnitTestKotlin
2026-10-02T22:14:45.2273762Z w: file:///home/runner/work/Jarvis-OS-V2/Jarvis-OS-V2/app/src/test/java/com/battlesbudz/jarvis/v2/ai/TurnOrchestratorTest.kt:158:38 Unnecessary non-null assertion (!!) on a non-null receiver of type 'String'.
2026-10-02T22:14:45.2298977Z w: file:///home/runner/work/Jarvis-OS-V2/Jarvis-OS-V2/app/src/test/java/com/battlesbudz/jarvis/v2/ai/storage/ModelRemovalTest.kt:18:13 Only safe (?.) or non-null asserted (!!.) calls are allowed on a nullable receiver of type 'File?'.
2026-10-02T22:14:45.2300631Z w: file:///home/runner/work/Jarvis-OS-V2/Jarvis-OS-V2/app/src/test/java/com/battlesbudz/jarvis/v2/memory/ConversationMemoryTest.kt:67:62 Unnecessary non-null assertion (!!) on a non-null receiver of type 'MemoryRecord'.
2026-10-02T22:14:45.2302278Z w: file:///home/runner/work/Jarvis-OS-V2/Jarvis-OS-V2/app/src/test/java/com/battlesbudz/jarvis/v2/voice/SherpaPcmCallbackTest.kt:9:37 This class is not recommended for use in Kotlin. Use 'kotlin.Int' instead.
2026-10-02T22:14:45.4138042Z 
2026-10-02T22:14:45.4228601Z > Task :app:compileReleaseUnitTestJavaWithJavac NO-SOURCE
2026-10-02T22:14:45.4268906Z > Task :app:processReleaseUnitTestJavaRes
2026-10-02T22:14:50.7138848Z > Task :app:compileReleaseAndroidTestKotlin
2026-10-02T22:14:57.9168577Z > Task :app:testReleaseUnitTest
2026-10-02T22:14:58.8149637Z > Task :app:lintVitalAnalyzeRelease
2026-10-02T22:14:59.3161196Z > Task :app:compileReleaseAndroidTestJavaWithJavac
2026-10-02T22:14:59.3249307Z > Task :app:processReleaseAndroidTestJavaRes
2026-10-02T22:14:59.5138557Z > Task :app:mergeReleaseAndroidTestJavaResource
2026-10-02T22:15:09.2148906Z > Task :app:minifyReleaseWithR8
2026-10-02T22:16:00.3148740Z > Task :app:lintVitalReportRelease
2026-10-02T22:16:00.3149666Z > Task :app:lintVitalRelease
2026-10-02T22:16:53.5142059Z > Task :app:mergeReleaseComposeMapping
2026-10-02T22:16:54.1144267Z > Task :app:compileReleaseArtProfile
2026-10-02T22:16:56.5160909Z > Task :app:shrinkReleaseRes
2026-10-02T22:16:56.6141727Z > Task :app:convertShrunkResourcesToBinaryRelease
2026-10-02T22:16:56.6164004Z > Task :app:optimizeReleaseResources
2026-10-02T22:16:57.7139230Z > Task :app:packageRelease
2026-10-02T22:16:57.7172977Z > Task :app:createReleaseApkListingFileRedirect
2026-10-02T22:16:57.7173851Z > Task :app:assembleRelease
2026-10-02T22:17:03.0141257Z > Task :app:minifyReleaseAndroidTestWithR8
2026-10-02T22:17:03.0161110Z > Task :app:packageReleaseAndroidTest
2026-10-02T22:17:03.0165896Z > Task :app:createReleaseAndroidTestApkListingFileRedirect
2026-10-02T22:17:03.0173575Z > Task :app:assembleReleaseAndroidTest
2026-10-02T22:17:03.1180644Z gradle/actions: Writing build results to /home/runner/work/_temp/.gradle-actions/build-results/__run_5-1790978517269.json
2026-10-02T22:17:03.1207776Z 
2026-10-02T22:17:03.1228815Z BUILD SUCCESSFUL in 15m 10s
2026-10-02T22:17:03.1252318Z 89 actionable tasks: 89 executed
2026-10-02T22:17:03.4431849Z ##[group]Run actions/upload-artifact@v4
2026-10-02T22:17:03.4432207Z with:
2026-10-02T22:17:03.4432459Z   name: jarvis-verification-test-apk
2026-10-02T22:17:03.4432832Z   path: app/build/outputs/apk/androidTest/release/*.apk
2026-10-02T22:17:03.4433202Z   if-no-files-found: error
2026-10-02T22:17:03.4433510Z   compression-level: 6
2026-10-02T22:17:03.4433896Z   overwrite: false
2026-10-02T22:17:03.4434260Z   include-hidden-files: false
2026-10-02T22:17:03.4434567Z env:
2026-10-02T22:17:03.4434919Z   JAVA_HOME: /opt/hostedtoolcache/Java_Temurin-Hotspot_jdk/21.0.12-1/x64
2026-10-02T22:17:03.4435361Z   JAVA_HOME_21_X64: /opt/hostedtoolcache/Java_Temurin-Hotspot_jdk/21.0.12-1/x64
2026-10-02T22:17:03.4435780Z   GRADLE_ACTION_ID: gradle/actions/setup-gradle
2026-10-02T22:17:03.4436225Z   GRADLE_USER_HOME: /home/runner/.gradle
2026-10-02T22:17:03.4436561Z   GRADLE_BUILD_ACTION_SETUP_COMPLETED: true
2026-10-02T22:17:03.4436901Z   GRADLE_BUILD_ACTION_CACHE_RESTORED: true
2026-10-02T22:17:03.4437622Z   DEVELOCITY_INJECTION_INIT_SCRIPT_NAME: gradle-actions.inject-develocity.init.gradle
2026-10-02T22:17:03.4438144Z   DEVELOCITY_INJECTION_CUSTOM_VALUE: gradle-actions
2026-10-02T22:17:03.4438503Z   GITHUB_DEPENDENCY_GRAPH_ENABLED: false
2026-10-02T22:17:03.4438786Z ##[endgroup]
2026-10-02T22:17:03.5672522Z (node:6829) [DEP0040] DeprecationWarning: The `punycode` module is deprecated. Please use a userland alternative instead.
2026-10-02T22:17:03.5673549Z (Use `node --trace-deprecation ...` to show where the warning was created)
2026-10-02T22:17:03.5746175Z With the provided path, there will be 1 file uploaded
2026-10-02T22:17:03.5749853Z Artifact name is valid!
2026-10-02T22:17:03.5751453Z Root directory input is valid!
2026-10-02T22:17:03.8686233Z Beginning upload of artifact content to blob storage
2026-10-02T22:17:03.9103419Z (node:6829) [DEP0169] DeprecationWarning: `url.parse()` behavior is not standardized and prone to errors that have security implications. Use the WHATWG URL API instead. CVEs are not issued for `url.parse()` vulnerabilities.
2026-10-02T22:17:04.2134961Z Uploaded bytes 430011
2026-10-02T22:17:04.2588368Z Finished uploading artifact content to blob storage!
2026-10-02T22:17:04.2589346Z SHA256 digest of uploaded artifact zip is 937991f632fde0d069c5f9062bbf78c9dab7d19f8656db974f95c55302e81c69
2026-10-02T22:17:04.2590522Z Finalizing artifact upload
2026-10-02T22:17:04.4798820Z Artifact jarvis-verification-test-apk.zip successfully finalized. Artifact ID 11254039139
2026-10-02T22:17:04.4799585Z Artifact jarvis-verification-test-apk has been successfully uploaded! Final size is 430011 bytes. Artifact ID is 11254039139
2026-10-02T22:17:04.4800438Z Artifact download URL: https://github.com/battlesbudz/Jarvis-OS-V2/actions/runs/37070012200/artifacts/11254039139
2026-10-02T22:17:04.4901804Z ##[group]Run actions/upload-artifact@v4
2026-10-02T22:17:04.4902146Z with:
2026-10-02T22:17:04.4902564Z   name: ***-unit-tests
2026-10-02T22:17:04.4903069Z   path: app/build/test-results/testReleaseUnitTest/
app/build/reports/tests/testReleaseUnitTest/

2026-10-02T22:17:04.4903540Z   if-no-files-found: warn
2026-10-02T22:17:04.4903851Z   compression-level: 6
2026-10-02T22:17:04.4904133Z   overwrite: false
2026-10-02T22:17:04.4904444Z   include-hidden-files: false
2026-10-02T22:17:04.4904740Z env:
2026-10-02T22:17:04.4905099Z   JAVA_HOME: /opt/hostedtoolcache/Java_Temurin-Hotspot_jdk/21.0.12-1/x64
2026-10-02T22:17:04.4905591Z   JAVA_HOME_21_X64: /opt/hostedtoolcache/Java_Temurin-Hotspot_jdk/21.0.12-1/x64
2026-10-02T22:17:04.4906039Z   GRADLE_ACTION_ID: gradle/actions/setup-gradle
2026-10-02T22:17:04.4906393Z   GRADLE_USER_HOME: /home/runner/.gradle
2026-10-02T22:17:04.4906749Z   GRADLE_BUILD_ACTION_SETUP_COMPLETED: true
2026-10-02T22:17:04.4907155Z   GRADLE_BUILD_ACTION_CACHE_RESTORED: true
2026-10-02T22:17:04.4907862Z   DEVELOCITY_INJECTION_INIT_SCRIPT_NAME: gradle-actions.inject-develocity.init.gradle
2026-10-02T22:17:04.4908318Z   DEVELOCITY_INJECTION_CUSTOM_VALUE: gradle-actions
2026-10-02T22:17:04.4908701Z   GITHUB_DEPENDENCY_GRAPH_ENABLED: false
2026-10-02T22:17:04.4909022Z ##[endgroup]
2026-10-02T22:17:04.6089602Z (node:6842) [DEP0040] DeprecationWarning: The `punycode` module is deprecated. Please use a userland alternative instead.
2026-10-02T22:17:04.6090456Z (Use `node --trace-deprecation ...` to show where the warning was created)
2026-10-02T22:17:04.6413206Z Multiple search paths detected. Calculating the least common ancestor of all paths
2026-10-02T22:17:04.6414843Z The least common ancestor is /home/runner/work/Jarvis-OS-V2/Jarvis-OS-V2/app/build. This will be the root directory of the artifact
2026-10-02T22:17:04.6415659Z With the provided path, there will be 304 files uploaded
2026-10-02T22:17:04.6419673Z Artifact name is valid!
2026-10-02T22:17:04.6422872Z Root directory input is valid!
2026-10-02T22:17:04.9140775Z Beginning upload of artifact content to blob storage
2026-10-02T22:17:05.0992982Z (node:6842) [DEP0169] DeprecationWarning: `url.parse()` behavior is not standardized and prone to errors that have security implications. Use the WHATWG URL API instead. CVEs are not issued for `url.parse()` vulnerabilities.
2026-10-02T22:17:05.3470207Z Uploaded bytes 329129
2026-10-02T22:17:05.3848796Z Finished uploading artifact content to blob storage!
2026-10-02T22:17:05.3849683Z SHA256 digest of uploaded artifact zip is 60d22302d304968e13165da2e796e4dcf8ce5d08d6c8b9c74a66798ad2fdab35
2026-10-02T22:17:05.3850207Z Finalizing artifact upload
2026-10-02T22:17:05.6102607Z Artifact ***-unit-tests.zip successfully finalized. Artifact ID 11253884438
2026-10-02T22:17:05.6103379Z Artifact ***-unit-tests has been successfully uploaded! Final size is 329129 bytes. Artifact ID is 11253884438
2026-10-02T22:17:05.6108813Z Artifact download URL: https://github.com/battlesbudz/Jarvis-OS-V2/actions/runs/37070012200/artifacts/11253884438
2026-10-02T22:17:05.6228886Z ##[group]Run python3 scripts/apk_size_report.py app/build/outputs/apk/release/app-release.apk --output artifact/size --baseline docs/measurements/build-705-apk-size.json
2026-10-02T22:17:05.6229957Z [36;1mpython3 scripts/apk_size_report.py app/build/outputs/apk/release/app-release.apk --output artifact/size --baseline docs/measurements/build-705-apk-size.json[0m
2026-10-02T22:17:05.6230737Z [36;1mcat artifact/size/apk-size.md >> "$GITHUB_STEP_SUMMARY"[0m
2026-10-02T22:17:05.6269540Z shell: /usr/bin/bash -e {0}
2026-10-02T22:17:05.6269937Z env:
2026-10-02T22:17:05.6270390Z   JAVA_HOME: /opt/hostedtoolcache/Java_Temurin-Hotspot_jdk/21.0.12-1/x64
2026-10-02T22:17:05.6270904Z   JAVA_HOME_21_X64: /opt/hostedtoolcache/Java_Temurin-Hotspot_jdk/21.0.12-1/x64
2026-10-02T22:17:05.6271489Z   GRADLE_ACTION_ID: gradle/actions/setup-gradle
2026-10-02T22:17:05.6271888Z   GRADLE_USER_HOME: /home/runner/.gradle
2026-10-02T22:17:05.6272287Z   GRADLE_BUILD_ACTION_SETUP_COMPLETED: true
2026-10-02T22:17:05.6272896Z   GRADLE_BUILD_ACTION_CACHE_RESTORED: true
2026-10-02T22:17:05.6273379Z   DEVELOCITY_INJECTION_INIT_SCRIPT_NAME: gradle-actions.inject-develocity.init.gradle
2026-10-02T22:17:05.6273917Z   DEVELOCITY_INJECTION_CUSTOM_VALUE: gradle-actions
2026-10-02T22:17:05.6274308Z   GITHUB_DEPENDENCY_GRAPH_ENABLED: false
2026-10-02T22:17:05.6274691Z ##[endgroup]
2026-10-02T22:17:05.6637074Z # APK size report
2026-10-02T22:17:05.6637860Z 
2026-10-02T22:17:05.6638100Z APK: 83,526,117 bytes (83.53 MB).
2026-10-02T22:17:05.6638948Z MB uses 1,000,000 bytes. ZIP bytes measure the download; uncompressed payload is not total installed storage.
2026-10-02T22:17:05.6639643Z 
2026-10-02T22:17:05.6639897Z Change from baseline: +10,289,798 bytes (+10.29 MB).
2026-10-02T22:17:05.6640244Z 
2026-10-02T22:17:05.6640542Z | Component | ZIP bytes | Uncompressed bytes |
2026-10-02T22:17:05.6641274Z | --- | ---: | ---: |
2026-10-02T22:17:05.6641871Z | lib | 66,420,072 | 66,420,072 |
2026-10-02T22:17:05.6642406Z | dex | 10,331,136 | 10,331,136 |
2026-10-02T22:17:05.6642996Z | org | 4,250,182 | 8,490,822 |
2026-10-02T22:17:05.6643534Z | assets | 2,263,133 | 5,470,382 |
2026-10-02T22:17:05.6644186Z | metadata | 95,997 | 110,210 |
2026-10-02T22:17:05.6644705Z | kotlin | 12,342 | 53,381 |
2026-10-02T22:17:05.6645276Z | META-INF | 5,598 | 11,063 |
2026-10-02T22:17:05.6645749Z | res | 1,084 | 2,364 |
2026-10-02T22:17:05.6646029Z 
2026-10-02T22:17:05.6646246Z ## Largest entries
2026-10-02T22:17:05.6646486Z 
2026-10-02T22:17:05.6646730Z | Entry | ZIP bytes | Storage | Delta from baseline |
2026-10-02T22:17:05.6647975Z | --- | ---: | --- | ---: |
2026-10-02T22:17:05.6648673Z | lib/arm64-v8a/libonnxruntime.so | 21,684,872 | stored | +0 |
2026-10-02T22:17:05.6649714Z | lib/arm64-v8a/liblitertlm_jni.so | 21,529,640 | stored | +6,862,216 |
2026-10-02T22:17:05.6650447Z | lib/arm64-v8a/libmoonshine.so | 11,112,456 | stored | +0 |
2026-10-02T22:17:05.6651266Z | classes.dex | 10,331,136 | stored | +6,388,136 |
2026-10-02T22:17:05.6652051Z | lib/arm64-v8a/libms_ort_1232.so | 6,291,928 | stored | +0 |
2026-10-02T22:17:05.6652904Z | lib/arm64-v8a/libsherpa-onnx-jni.so | 3,594,000 | stored | -939,912 |
2026-10-02T22:17:05.6653821Z | org/bouncycastle/pqc/crypto/picnic/lowmc.properties | 1,570,443 | compressed | +1,570,443 |
2026-10-02T22:17:05.6654662Z | lib/arm64-v8a/libc++_shared.so | 1,292,904 | stored | +0 |
2026-10-02T22:17:05.6655503Z | org/bouncycastle/pqc/crypto/sike/p751.properties | 1,107,749 | compressed | +1,107,749 |
2026-10-02T22:17:05.6656378Z | lib/arm64-v8a/libmicrowakeword.so | 799,656 | stored | +0 |
2026-10-02T22:17:05.6657438Z | org/bouncycastle/pqc/crypto/sike/p610.properties | 645,762 | compressed | +645,762 |
2026-10-02T22:17:05.6658433Z | assets/voice/silero_vad.onnx | 508,088 | compressed | +0 |
2026-10-02T22:17:05.6659475Z | org/bouncycastle/pqc/crypto/sike/p503.properties | 437,407 | compressed | +437,407 |
2026-10-02T22:17:05.6660412Z | org/bouncycastle/pqc/crypto/sike/p434.properties | 376,709 | compressed | +376,709 |
2026-10-02T22:17:05.6661679Z | assets/com/tom_roush/pdfbox/resources/ttf/LiberationSans-Regular.ttf | 210,865 | compressed | +210,865 |
2026-10-02T22:17:05.6662836Z | assets/com/tom_roush/fontbox/resources/cmap/UniCNS-UCS2-H | 111,812 | compressed | +111,812 |
2026-10-02T22:17:05.6663754Z | lib/arm64-v8a/libmoonshine-jni.so | 104,520 | stored | +0 |
2026-10-02T22:17:05.6664582Z | assets/com/tom_roush/fontbox/resources/cmap/Adobe-Japan1-UCS2 | 98,471 | compressed | +98,471 |
2026-10-02T22:17:05.6665622Z | assets/com/tom_roush/fontbox/resources/cmap/UniGB-UCS2-H | 95,548 | compressed | +95,548 |
2026-10-02T22:17:05.6666574Z | assets/com/tom_roush/fontbox/resources/cmap/UniCNS-UTF16-H | 94,957 | compressed | +94,957 |
2026-10-02T22:17:05.6667122Z 
2026-10-02T22:17:05.6766242Z ##[group]Run actions/upload-artifact@v4
2026-10-02T22:17:05.6766620Z with:
2026-10-02T22:17:05.6766988Z   name: jarvis-os-v2-apk-size
2026-10-02T22:17:05.6767487Z   path: artifact/size/
2026-10-02T22:17:05.6767900Z   if-no-files-found: error
2026-10-02T22:17:05.6768282Z   compression-level: 6
2026-10-02T22:17:05.6768638Z   overwrite: false
2026-10-02T22:17:05.6768977Z   include-hidden-files: false
2026-10-02T22:17:05.6769359Z env:
2026-10-02T22:17:05.6769764Z   JAVA_HOME: /opt/hostedtoolcache/Java_Temurin-Hotspot_jdk/21.0.12-1/x64
2026-10-02T22:17:05.6770337Z   JAVA_HOME_21_X64: /opt/hostedtoolcache/Java_Temurin-Hotspot_jdk/21.0.12-1/x64
2026-10-02T22:17:05.6770870Z   GRADLE_ACTION_ID: gradle/actions/setup-gradle
2026-10-02T22:17:05.6771302Z   GRADLE_USER_HOME: /home/runner/.gradle
2026-10-02T22:17:05.6771731Z   GRADLE_BUILD_ACTION_SETUP_COMPLETED: true
2026-10-02T22:17:05.6772141Z   GRADLE_BUILD_ACTION_CACHE_RESTORED: true
2026-10-02T22:17:05.6772741Z   DEVELOCITY_INJECTION_INIT_SCRIPT_NAME: gradle-actions.inject-develocity.init.gradle
2026-10-02T22:17:05.6773296Z   DEVELOCITY_INJECTION_CUSTOM_VALUE: gradle-actions
2026-10-02T22:17:05.6773762Z   GITHUB_DEPENDENCY_GRAPH_ENABLED: false
2026-10-02T22:17:05.6774162Z ##[endgroup]
2026-10-02T22:17:05.8100971Z (node:6858) [DEP0040] DeprecationWarning: The `punycode` module is deprecated. Please use a userland alternative instead.
2026-10-02T22:17:05.8101761Z (Use `node --trace-deprecation ...` to show where the warning was created)
2026-10-02T22:17:05.8152708Z With the provided path, there will be 2 files uploaded
2026-10-02T22:17:05.8156872Z Artifact name is valid!
2026-10-02T22:17:05.8157691Z Root directory input is valid!
2026-10-02T22:17:06.0825163Z Beginning upload of artifact content to blob storage
2026-10-02T22:17:06.0989644Z (node:6858) [DEP0169] DeprecationWarning: `url.parse()` behavior is not standardized and prone to errors that have security implications. Use the WHATWG URL API instead. CVEs are not issued for `url.parse()` vulnerabilities.
2026-10-02T22:17:06.2579471Z Uploaded bytes 6727
2026-10-02T22:17:06.3052325Z Finished uploading artifact content to blob storage!
2026-10-02T22:17:06.3053313Z SHA256 digest of uploaded artifact zip is 7b0932195a55f1f8d902dcd9baaeb655ca922ec737e6a4a7857e5e93b349263f
2026-10-02T22:17:06.3054245Z Finalizing artifact upload
2026-10-02T22:17:06.6021996Z Artifact jarvis-os-v2-apk-size.zip successfully finalized. Artifact ID 11254034314
2026-10-02T22:17:06.6022838Z Artifact jarvis-os-v2-apk-size has been successfully uploaded! Final size is 6727 bytes. Artifact ID is 11254034314
2026-10-02T22:17:06.6028562Z Artifact download URL: https://github.com/battlesbudz/Jarvis-OS-V2/actions/runs/37070012200/artifacts/11254034314
2026-10-02T22:17:06.6128503Z ##[group]Run python3 scripts/check_asr_apk.py app/build/outputs/apk/release/app-release.apk
2026-10-02T22:17:06.6129215Z [36;1mpython3 scripts/check_asr_apk.py app/build/outputs/apk/release/app-release.apk[0m
2026-10-02T22:17:06.6167951Z shell: /usr/bin/bash -e {0}
2026-10-02T22:17:06.6168382Z env:
2026-10-02T22:17:06.6168799Z   JAVA_HOME: /opt/hostedtoolcache/Java_Temurin-Hotspot_jdk/21.0.12-1/x64
2026-10-02T22:17:06.6169372Z   JAVA_HOME_21_X64: /opt/hostedtoolcache/Java_Temurin-Hotspot_jdk/21.0.12-1/x64
2026-10-02T22:17:06.6169844Z   GRADLE_ACTION_ID: gradle/actions/setup-gradle
2026-10-02T22:17:06.6170239Z   GRADLE_USER_HOME: /home/runner/.gradle
2026-10-02T22:17:06.6170649Z   GRADLE_BUILD_ACTION_SETUP_COMPLETED: true
2026-10-02T22:17:06.6171054Z   GRADLE_BUILD_ACTION_CACHE_RESTORED: true
2026-10-02T22:17:06.6171523Z   DEVELOCITY_INJECTION_INIT_SCRIPT_NAME: gradle-actions.inject-develocity.init.gradle
2026-10-02T22:17:06.6172183Z   DEVELOCITY_INJECTION_CUSTOM_VALUE: gradle-actions
2026-10-02T22:17:06.6172627Z   GITHUB_DEPENDENCY_GRAPH_ENABLED: false
2026-10-02T22:17:06.6172987Z ##[endgroup]
2026-10-02T22:17:07.0969348Z ASR APK native dependency/version checks passed (separate matching ONNX runtimes).
2026-10-02T22:17:07.1068331Z ##[group]Run python3 scripts/check_tts_callback.py app/build/outputs/apk/release/app-release.apk
2026-10-02T22:17:07.1069057Z [36;1mpython3 scripts/check_tts_callback.py app/build/outputs/apk/release/app-release.apk[0m
2026-10-02T22:17:07.1107908Z shell: /usr/bin/bash -e {0}
2026-10-02T22:17:07.1108272Z env:
2026-10-02T22:17:07.1108735Z   JAVA_HOME: /opt/hostedtoolcache/Java_Temurin-Hotspot_jdk/21.0.12-1/x64
2026-10-02T22:17:07.1109308Z   JAVA_HOME_21_X64: /opt/hostedtoolcache/Java_Temurin-Hotspot_jdk/21.0.12-1/x64
2026-10-02T22:17:07.1109799Z   GRADLE_ACTION_ID: gradle/actions/setup-gradle
2026-10-02T22:17:07.1110188Z   GRADLE_USER_HOME: /home/runner/.gradle
2026-10-02T22:17:07.1110619Z   GRADLE_BUILD_ACTION_SETUP_COMPLETED: true
2026-10-02T22:17:07.1111013Z   GRADLE_BUILD_ACTION_CACHE_RESTORED: true
2026-10-02T22:17:07.1111499Z   DEVELOCITY_INJECTION_INIT_SCRIPT_NAME: gradle-actions.inject-develocity.init.gradle
2026-10-02T22:17:07.1112308Z   DEVELOCITY_INJECTION_CUSTOM_VALUE: gradle-actions
2026-10-02T22:17:07.1112772Z   GITHUB_DEPENDENCY_GRAPH_ENABLED: false
2026-10-02T22:17:07.1113151Z ##[endgroup]
2026-10-02T22:17:07.1910839Z Piper boxed callback ABI and retired-asset removal verified in APK.
2026-10-02T22:17:07.1995913Z ##[group]Run APK="app/build/outputs/apk/release/app-release.apk"
2026-10-02T22:17:07.1996522Z [36;1mAPK="app/build/outputs/apk/release/app-release.apk"[0m
2026-10-02T22:17:07.1996960Z [36;1mtest -s "$APK"[0m
2026-10-02T22:17:07.1997587Z [36;1mSDK_BUILD_TOOLS="${ANDROID_HOME}/build-tools"[0m
2026-10-02T22:17:07.1998162Z [36;1mAPKSIGNER="$(find "$SDK_BUILD_TOOLS" -type f -name apksigner | sort -V | tail -n 1)"[0m
2026-10-02T22:17:07.1998646Z [36;1mtest -x "$APKSIGNER"[0m
2026-10-02T22:17:07.1999039Z [36;1m"$APKSIGNER" verify --verbose "$APK"[0m
2026-10-02T22:17:07.2037514Z shell: /usr/bin/bash -e {0}
2026-10-02T22:17:07.2038092Z env:
2026-10-02T22:17:07.2038536Z   JAVA_HOME: /opt/hostedtoolcache/Java_Temurin-Hotspot_jdk/21.0.12-1/x64
2026-10-02T22:17:07.2039134Z   JAVA_HOME_21_X64: /opt/hostedtoolcache/Java_Temurin-Hotspot_jdk/21.0.12-1/x64
2026-10-02T22:17:07.2039640Z   GRADLE_ACTION_ID: gradle/actions/setup-gradle
2026-10-02T22:17:07.2040250Z   GRADLE_USER_HOME: /home/runner/.gradle
2026-10-02T22:17:07.2040622Z   GRADLE_BUILD_ACTION_SETUP_COMPLETED: true
2026-10-02T22:17:07.2119270Z   GRADLE_BUILD_ACTION_CACHE_RESTORED: true
2026-10-02T22:17:07.2119809Z   DEVELOCITY_INJECTION_INIT_SCRIPT_NAME: gradle-actions.inject-develocity.init.gradle
2026-10-02T22:17:07.2120251Z   DEVELOCITY_INJECTION_CUSTOM_VALUE: gradle-actions
2026-10-02T22:17:07.2120569Z   GITHUB_DEPENDENCY_GRAPH_ENABLED: false
2026-10-02T22:17:07.2120842Z ##[endgroup]
2026-10-02T22:17:08.7583032Z Verifies
2026-10-02T22:17:08.7583726Z Verified using v1 scheme (JAR signing): false
2026-10-02T22:17:08.7584498Z Verified using v2 scheme (APK Signature Scheme v2): true
2026-10-02T22:17:08.7590297Z Verified using v3 scheme (APK Signature Scheme v3): false
2026-10-02T22:17:08.7591002Z Verified using v3.1 scheme (APK Signature Scheme v3.1): false
2026-10-02T22:17:08.7591614Z Verified using v3.2 scheme (APK Signature Scheme v3.2): false
2026-10-02T22:17:08.7592251Z Verified using v4 scheme (APK Signature Scheme v4): false
2026-10-02T22:17:08.7592942Z Verified for SourceStamp: false
2026-10-02T22:17:08.7593393Z Number of signers: 1
2026-10-02T22:17:08.7683781Z ##[group]Run actions/upload-artifact@v4
2026-10-02T22:17:08.7684082Z with:
2026-10-02T22:17:08.7684315Z   name: jarvis-os-v2-release-r8-reports
2026-10-02T22:17:08.7684612Z   path: app/build/outputs/mapping/release/
2026-10-02T22:17:08.7684896Z   if-no-files-found: error
2026-10-02T22:17:08.7685151Z   compression-level: 6
2026-10-02T22:17:08.7685380Z   overwrite: false
2026-10-02T22:17:08.7685602Z   include-hidden-files: false
2026-10-02T22:17:08.7685850Z env:
2026-10-02T22:17:08.7686152Z   JAVA_HOME: /opt/hostedtoolcache/Java_Temurin-Hotspot_jdk/21.0.12-1/x64
2026-10-02T22:17:08.7686607Z   JAVA_HOME_21_X64: /opt/hostedtoolcache/Java_Temurin-Hotspot_jdk/21.0.12-1/x64
2026-10-02T22:17:08.7687035Z   GRADLE_ACTION_ID: gradle/actions/setup-gradle
2026-10-02T22:17:08.7687561Z   GRADLE_USER_HOME: /home/runner/.gradle
2026-10-02T22:17:08.7687850Z   GRADLE_BUILD_ACTION_SETUP_COMPLETED: true
2026-10-02T22:17:08.7688153Z   GRADLE_BUILD_ACTION_CACHE_RESTORED: true
2026-10-02T22:17:08.7688604Z   DEVELOCITY_INJECTION_INIT_SCRIPT_NAME: gradle-actions.inject-develocity.init.gradle
2026-10-02T22:17:08.7689043Z   DEVELOCITY_INJECTION_CUSTOM_VALUE: gradle-actions
2026-10-02T22:17:08.7689351Z   GITHUB_DEPENDENCY_GRAPH_ENABLED: false
2026-10-02T22:17:08.7689624Z ##[endgroup]
2026-10-02T22:17:08.9035625Z (node:6916) [DEP0040] DeprecationWarning: The `punycode` module is deprecated. Please use a userland alternative instead.
2026-10-02T22:17:08.9036541Z (Use `node --trace-deprecation ...` to show where the warning was created)
2026-10-02T22:17:08.9086295Z With the provided path, there will be 2 files uploaded
2026-10-02T22:17:08.9088089Z Artifact name is valid!
2026-10-02T22:17:08.9088914Z Root directory input is valid!
2026-10-02T22:17:09.1796193Z Beginning upload of artifact content to blob storage
2026-10-02T22:17:09.6299411Z (node:6916) [DEP0169] DeprecationWarning: `url.parse()` behavior is not standardized and prone to errors that have security implications. Use the WHATWG URL API instead. CVEs are not issued for `url.parse()` vulnerabilities.
2026-10-02T22:17:10.0350612Z Uploaded bytes 3807410
2026-10-02T22:17:10.0752809Z Finished uploading artifact content to blob storage!
2026-10-02T22:17:10.0753529Z SHA256 digest of uploaded artifact zip is a39f39bab04fb9b51ba0a2e7a73f166c0faf745bc2e5170f672651c6aaa3330c
2026-10-02T22:17:10.0754355Z Finalizing artifact upload
2026-10-02T22:17:10.2854395Z Artifact jarvis-os-v2-release-r8-reports.zip successfully finalized. Artifact ID 11253944502
2026-10-02T22:17:10.2855226Z Artifact jarvis-os-v2-release-r8-reports has been successfully uploaded! Final size is 3807410 bytes. Artifact ID is 11253944502
2026-10-02T22:17:10.2860435Z Artifact download URL: https://github.com/battlesbudz/Jarvis-OS-V2/actions/runs/37070012200/artifacts/11253944502
2026-10-02T22:17:10.2970269Z ##[group]Run mkdir -p artifact
2026-10-02T22:17:10.2970553Z [36;1mmkdir -p artifact[0m
2026-10-02T22:17:10.2970878Z [36;1mcp app/build/outputs/apk/release/app-release.apk artifact/app-release.apk[0m
2026-10-02T22:17:10.3005763Z shell: /usr/bin/bash -e {0}
2026-10-02T22:17:10.3006012Z env:
2026-10-02T22:17:10.3006282Z   JAVA_HOME: /opt/hostedtoolcache/Java_Temurin-Hotspot_jdk/21.0.12-1/x64
2026-10-02T22:17:10.3006676Z   JAVA_HOME_21_X64: /opt/hostedtoolcache/Java_Temurin-Hotspot_jdk/21.0.12-1/x64
2026-10-02T22:17:10.3007006Z   GRADLE_ACTION_ID: gradle/actions/setup-gradle
2026-10-02T22:17:10.3007390Z   GRADLE_USER_HOME: /home/runner/.gradle
2026-10-02T22:17:10.3007674Z   GRADLE_BUILD_ACTION_SETUP_COMPLETED: true
2026-10-02T22:17:10.3007947Z   GRADLE_BUILD_ACTION_CACHE_RESTORED: true
2026-10-02T22:17:10.3008304Z   DEVELOCITY_INJECTION_INIT_SCRIPT_NAME: gradle-actions.inject-develocity.init.gradle
2026-10-02T22:17:10.3008664Z   DEVELOCITY_INJECTION_CUSTOM_VALUE: gradle-actions
2026-10-02T22:17:10.3008971Z   GITHUB_DEPENDENCY_GRAPH_ENABLED: false
2026-10-02T22:17:10.3009199Z ##[endgroup]
2026-10-02T22:17:10.3329632Z ##[group]Run gradle --no-daemon -PcompactApk=true assembleRelease
2026-10-02T22:17:10.3330193Z [36;1mgradle --no-daemon -PcompactApk=true assembleRelease[0m
2026-10-02T22:17:10.3330731Z [36;1mcp app/build/outputs/apk/release/app-release.apk artifact/app-compact.apk[0m
2026-10-02T22:17:10.3331351Z [36;1mpython3 scripts/check_compact_apk.py artifact/app-release.apk artifact/app-compact.apk[0m
2026-10-02T22:17:10.3331931Z [36;1mpython3 scripts/check_asr_apk.py artifact/app-compact.apk[0m
2026-10-02T22:17:10.3332459Z [36;1mpython3 scripts/check_tts_callback.py artifact/app-compact.apk[0m
2026-10-02T22:17:10.3333066Z [36;1mAPKSIGNER="$(find "${ANDROID_HOME}/build-tools" -type f -name apksigner | sort -V | tail -n 1)"[0m
2026-10-02T22:17:10.3333685Z [36;1m"$APKSIGNER" verify --verbose artifact/app-compact.apk[0m
2026-10-02T22:17:10.3334519Z [36;1mpython3 scripts/apk_size_report.py artifact/app-compact.apk --output artifact/compact-size --baseline docs/measurements/build-705-apk-size.json[0m
2026-10-02T22:17:10.3335325Z [36;1mcat artifact/compact-size/apk-size.md >> "$GITHUB_STEP_SUMMARY"[0m
2026-10-02T22:17:10.3370216Z shell: /usr/bin/bash -e {0}
2026-10-02T22:17:10.3370539Z env:
2026-10-02T22:17:10.3370906Z   JAVA_HOME: /opt/hostedtoolcache/Java_Temurin-Hotspot_jdk/21.0.12-1/x64
2026-10-02T22:17:10.3371446Z   JAVA_HOME_21_X64: /opt/hostedtoolcache/Java_Temurin-Hotspot_jdk/21.0.12-1/x64
2026-10-02T22:17:10.3371933Z   GRADLE_ACTION_ID: gradle/actions/setup-gradle
2026-10-02T22:17:10.3372280Z   GRADLE_USER_HOME: /home/runner/.gradle
2026-10-02T22:17:10.3372550Z   GRADLE_BUILD_ACTION_SETUP_COMPLETED: true
2026-10-02T22:17:10.3372815Z   GRADLE_BUILD_ACTION_CACHE_RESTORED: true
2026-10-02T22:17:10.3373166Z   DEVELOCITY_INJECTION_INIT_SCRIPT_NAME: gradle-actions.inject-develocity.init.gradle
2026-10-02T22:17:10.3373533Z   DEVELOCITY_INJECTION_CUSTOM_VALUE: gradle-actions
2026-10-02T22:17:10.3373803Z   GITHUB_DEPENDENCY_GRAPH_ENABLED: false
2026-10-02T22:17:10.3374204Z   ANDROID_KEYSTORE_PATH: /home/runner/work/_temp/***.keystore
2026-10-02T22:17:10.3374588Z   ANDROID_KEYSTORE_PASSWORD: ***
2026-10-02T22:17:10.3374930Z   ANDROID_KEY_ALIAS: ***
2026-10-02T22:17:10.3375220Z   ANDROID_KEY_PASSWORD: ***
2026-10-02T22:17:10.3375436Z   ANDROID_VERSION_CODE: 888
2026-10-02T22:17:10.3375659Z   ANDROID_VERSION_NAME: 0.1.0-build.888
2026-10-02T22:17:10.3375906Z ##[endgroup]
2026-10-02T22:17:10.8173806Z To honour the JVM settings for this build a single-use Daemon process will be forked. For more on this, please refer to https://docs.gradle.org/8.10.2/userguide/gradle_daemon.html#sec:disabling_the_daemon in the Gradle documentation.
2026-10-02T22:17:11.5171074Z Daemon will be stopped at the end of the build 
2026-10-02T22:17:18.3195761Z > Task :app:extractMoonshine UP-TO-DATE
2026-10-02T22:17:18.3196559Z > Task :app:extractSherpa UP-TO-DATE
2026-10-02T22:17:18.4178856Z > Task :app:buildKotlinToolingMetadata UP-TO-DATE
2026-10-02T22:17:18.4208798Z > Task :app:checkKotlinGradlePluginConfigurationErrors SKIPPED
2026-10-02T22:17:18.4238139Z > Task :app:buildSherpa UP-TO-DATE
2026-10-02T22:17:18.4259048Z > Task :app:preBuild UP-TO-DATE
2026-10-02T22:17:18.4260305Z > Task :app:preReleaseBuild UP-TO-DATE
2026-10-02T22:17:18.4260903Z > Task :app:generateReleaseBuildConfig UP-TO-DATE
2026-10-02T22:17:18.7169836Z > Task :app:checkReleaseAarMetadata UP-TO-DATE
2026-10-02T22:17:18.7170924Z > Task :app:generateReleaseResValues UP-TO-DATE
2026-10-02T22:17:18.8178797Z > Task :app:mapReleaseSourceSetPaths UP-TO-DATE
2026-10-02T22:17:18.8198572Z > Task :app:generateReleaseResources UP-TO-DATE
2026-10-02T22:17:18.8206430Z > Task :app:mergeReleaseResources UP-TO-DATE
2026-10-02T22:17:18.8208423Z > Task :app:packageReleaseResources UP-TO-DATE
2026-10-02T22:17:18.8209080Z > Task :app:parseReleaseLocalResources UP-TO-DATE
2026-10-02T22:17:18.8209641Z > Task :app:createReleaseCompatibleScreenManifests UP-TO-DATE
2026-10-02T22:17:18.8223857Z > Task :app:extractDeepLinksRelease UP-TO-DATE
2026-10-02T22:17:19.1169709Z > Task :app:processReleaseMainManifest
2026-10-02T22:17:19.2170344Z > Task :app:processReleaseManifest
2026-10-02T22:17:19.2178680Z > Task :app:javaPreCompileRelease UP-TO-DATE
2026-10-02T22:17:19.2179300Z > Task :app:extractProguardFiles UP-TO-DATE
2026-10-02T22:17:19.4179901Z > Task :app:configureCMakeRelWithDebInfo[arm64-v8a]
2026-10-02T22:17:19.4198170Z > Task :app:buildCMakeRelWithDebInfo[arm64-v8a]
2026-10-02T22:17:19.4198796Z > Task :app:mergeReleaseJniLibFolders UP-TO-DATE
2026-10-02T22:17:19.5195924Z > Task :app:mergeReleaseNativeLibs UP-TO-DATE
2026-10-02T22:17:19.5196811Z > Task :app:stripReleaseDebugSymbols UP-TO-DATE
2026-10-02T22:17:19.5197525Z > Task :app:processReleaseManifestForPackage
2026-10-02T22:17:19.6198688Z > Task :app:extractReleaseNativeSymbolTables UP-TO-DATE
2026-10-02T22:17:19.6199775Z > Task :app:mergeReleaseNativeDebugMetadata UP-TO-DATE
2026-10-02T22:17:19.8190065Z > Task :app:checkReleaseDuplicateClasses UP-TO-DATE
2026-10-02T22:17:19.8236620Z > Task :app:mergeReleaseArtProfile UP-TO-DATE
2026-10-02T22:17:19.8249250Z > Task :app:mergeReleaseStartupProfile UP-TO-DATE
2026-10-02T22:17:19.8261609Z > Task :app:mergeReleaseShaders UP-TO-DATE
2026-10-02T22:17:19.8294922Z > Task :app:compileReleaseShaders NO-SOURCE
2026-10-02T22:17:19.8298541Z > Task :app:generateReleaseAssets UP-TO-DATE
2026-10-02T22:17:19.8299214Z > Task :app:mergeReleaseAssets UP-TO-DATE
2026-10-02T22:17:19.9170641Z > Task :app:compressReleaseAssets UP-TO-DATE
2026-10-02T22:17:19.9175821Z > Task :app:extractReleaseVersionControlInfo UP-TO-DATE
2026-10-02T22:17:19.9176472Z > Task :app:collectReleaseDependencies UP-TO-DATE
2026-10-02T22:17:19.9177043Z > Task :app:sdkReleaseDependencyData UP-TO-DATE
2026-10-02T22:17:19.9177848Z > Task :app:validateSigningRelease UP-TO-DATE
2026-10-02T22:17:19.9178382Z > Task :app:writeReleaseAppMetadata UP-TO-DATE
2026-10-02T22:17:19.9179107Z > Task :app:writeReleaseSigningConfigVersions UP-TO-DATE
2026-10-02T22:17:19.9179804Z > Task :app:processReleaseResources
2026-10-02T22:17:20.1170453Z > Task :app:compileReleaseKotlin UP-TO-DATE
2026-10-02T22:17:20.1191720Z > Task :app:compileReleaseJavaWithJavac UP-TO-DATE
2026-10-02T22:17:20.3167876Z > Task :app:generateReleaseLintVitalReportModel
2026-10-02T22:17:20.4172531Z > Task :app:expandReleaseArtProfileWildcards UP-TO-DATE
2026-10-02T22:17:20.4195066Z > Task :app:mergeReleaseGeneratedProguardFiles UP-TO-DATE
2026-10-02T22:17:20.4273598Z > Task :app:processReleaseJavaRes UP-TO-DATE
2026-10-02T22:17:20.5188408Z > Task :app:mergeReleaseJavaResource UP-TO-DATE
2026-10-02T22:17:20.6167905Z > Task :app:minifyReleaseWithR8 UP-TO-DATE
2026-10-02T22:17:20.6168513Z > Task :app:produceReleaseComposeMapping UP-TO-DATE
2026-10-02T22:17:20.6169377Z > Task :app:reportReleaseComposeMappingErrors
2026-10-02T22:17:20.6169812Z > Task :app:mergeReleaseComposeMapping UP-TO-DATE
2026-10-02T22:17:20.6170465Z > Task :app:compileReleaseArtProfile UP-TO-DATE
2026-10-02T22:17:20.7184592Z > Task :app:convertLinkedResourcesToProtoRelease
2026-10-02T22:17:23.3171449Z > Task :app:shrinkReleaseRes
2026-10-02T22:17:23.3198386Z > Task :app:convertShrunkResourcesToBinaryRelease
2026-10-02T22:17:23.4190197Z > Task :app:optimizeReleaseResources
2026-10-02T22:17:25.2167828Z > Task :app:packageRelease
2026-10-02T22:17:25.2178796Z > Task :app:createReleaseApkListingFileRedirect UP-TO-DATE
2026-10-02T22:17:46.1173211Z > Task :app:lintVitalAnalyzeRelease
2026-10-02T22:17:46.2173923Z > Task :app:lintVitalReportRelease UP-TO-DATE
2026-10-02T22:17:46.2180949Z > Task :app:lintVitalRelease
2026-10-02T22:17:46.2208444Z > Task :app:assembleRelease
2026-10-02T22:17:46.2218718Z gradle/actions: Writing build results to /home/runner/work/_temp/.gradle-actions/build-results/__run_11-1790979432748.json
2026-10-02T22:17:46.2219417Z 
2026-10-02T22:17:46.2220339Z BUILD SUCCESSFUL in 35s
2026-10-02T22:17:46.2220798Z 60 actionable tasks: 15 executed, 45 up-to-date
2026-10-02T22:17:46.7439374Z Compact APK preserves identical native, DEX and asset payloads.
2026-10-02T22:17:47.0696873Z ASR APK native dependency/version checks passed (separate matching ONNX runtimes).
2026-10-02T22:17:47.1545679Z Piper boxed callback ABI and retired-asset removal verified in APK.
2026-10-02T22:17:47.3858950Z Verifies
2026-10-02T22:17:47.3859589Z Verified using v1 scheme (JAR signing): false
2026-10-02T22:17:47.3860341Z Verified using v2 scheme (APK Signature Scheme v2): true
2026-10-02T22:17:47.3860900Z Verified using v3 scheme (APK Signature Scheme v3): false
2026-10-02T22:17:47.3861385Z Verified using v3.1 scheme (APK Signature Scheme v3.1): false
2026-10-02T22:17:47.3861919Z Verified using v3.2 scheme (APK Signature Scheme v3.2): false
2026-10-02T22:17:47.3862445Z Verified using v4 scheme (APK Signature Scheme v4): false
2026-10-02T22:17:47.3865468Z Verified for SourceStamp: false
2026-10-02T22:17:47.3866327Z Number of signers: 1
2026-10-02T22:17:47.4159256Z # APK size report
2026-10-02T22:17:47.4159486Z 
2026-10-02T22:17:47.4159595Z APK: 44,489,577 bytes (44.49 MB).
2026-10-02T22:17:47.4160025Z MB uses 1,000,000 bytes. ZIP bytes measure the download; uncompressed payload is not total installed storage.
2026-10-02T22:17:47.4160314Z 
2026-10-02T22:17:47.4160455Z Change from baseline: -28,746,742 bytes (-28.75 MB).
2026-10-02T22:17:47.4160635Z 
2026-10-02T22:17:47.4160746Z | Component | ZIP bytes | Uncompressed bytes |
2026-10-02T22:17:47.4160988Z | --- | ---: | ---: |
2026-10-02T22:17:47.4161197Z | lib | 27,455,214 | 66,420,072 |
2026-10-02T22:17:47.4161407Z | dex | 10,331,136 | 10,331,136 |
2026-10-02T22:17:47.4161617Z | org | 4,250,182 | 8,490,822 |
2026-10-02T22:17:47.4161826Z | assets | 2,263,133 | 5,470,382 |
2026-10-02T22:17:47.4162043Z | metadata | 95,996 | 110,210 |
2026-10-02T22:17:47.4162267Z | kotlin | 12,342 | 53,381 |
2026-10-02T22:17:47.4162470Z | META-INF | 5,598 | 11,063 |
2026-10-02T22:17:47.4162681Z | res | 1,084 | 2,364 |
2026-10-02T22:17:47.4162794Z 
2026-10-02T22:17:47.4162875Z ## Largest entries
2026-10-02T22:17:47.4162982Z 
2026-10-02T22:17:47.4163103Z | Entry | ZIP bytes | Storage | Delta from baseline |
2026-10-02T22:17:47.4163351Z | --- | ---: | --- | ---: |
2026-10-02T22:17:47.4163575Z | classes.dex | 10,331,136 | stored | +6,388,136 |
2026-10-02T22:17:47.4163905Z | lib/arm64-v8a/liblitertlm_jni.so | 9,392,368 | compressed | -5,275,056 |
2026-10-02T22:17:47.4164266Z | lib/arm64-v8a/libonnxruntime.so | 7,679,731 | compressed | -14,005,141 |
2026-10-02T22:17:47.4164627Z | lib/arm64-v8a/libmoonshine.so | 5,923,345 | compressed | -5,189,111 |
2026-10-02T22:17:47.4164965Z | lib/arm64-v8a/libms_ort_1232.so | 2,241,801 | compressed | -4,050,127 |
2026-10-02T22:17:47.4165369Z | org/bouncycastle/pqc/crypto/picnic/lowmc.properties | 1,570,443 | compressed | +1,570,443 |
2026-10-02T22:17:47.4166060Z | lib/arm64-v8a/libsherpa-onnx-jni.so | 1,493,292 | compressed | -3,040,620 |
2026-10-02T22:17:47.4166477Z | org/bouncycastle/pqc/crypto/sike/p751.properties | 1,107,749 | compressed | +1,107,749 |
2026-10-02T22:17:47.4166906Z | org/bouncycastle/pqc/crypto/sike/p610.properties | 645,762 | compressed | +645,762 |
2026-10-02T22:17:47.4167471Z | assets/voice/silero_vad.onnx | 508,088 | compressed | +0 |
2026-10-02T22:17:47.4167852Z | org/bouncycastle/pqc/crypto/sike/p503.properties | 437,407 | compressed | +437,407 |
2026-10-02T22:17:47.4168235Z | lib/arm64-v8a/libc++_shared.so | 406,563 | compressed | -886,341 |
2026-10-02T22:17:47.4168607Z | org/bouncycastle/pqc/crypto/sike/p434.properties | 376,709 | compressed | +376,709 |
2026-10-02T22:17:47.4168986Z | lib/arm64-v8a/libmicrowakeword.so | 274,315 | compressed | -525,341 |
2026-10-02T22:17:47.4169427Z | assets/com/tom_roush/pdfbox/resources/ttf/LiberationSans-Regular.ttf | 210,865 | compressed | +210,865 |
2026-10-02T22:17:47.4169914Z | assets/com/tom_roush/fontbox/resources/cmap/UniCNS-UCS2-H | 111,812 | compressed | +111,812 |
2026-10-02T22:17:47.4170380Z | assets/com/tom_roush/fontbox/resources/cmap/Adobe-Japan1-UCS2 | 98,471 | compressed | +98,471 |
2026-10-02T22:17:47.4170828Z | assets/com/tom_roush/fontbox/resources/cmap/UniGB-UCS2-H | 95,548 | compressed | +95,548 |
2026-10-02T22:17:47.4171359Z | assets/com/tom_roush/fontbox/resources/cmap/UniCNS-UTF16-H | 94,957 | compressed | +94,957 |
2026-10-02T22:17:47.4171803Z | assets/com/tom_roush/fontbox/resources/cmap/Adobe-CNS1-UCS2 | 93,868 | compressed | +93,868 |
2026-10-02T22:17:47.4172053Z 
2026-10-02T22:17:47.4253672Z ##[group]Run actions/upload-artifact@v4
2026-10-02T22:17:47.4253944Z with:
2026-10-02T22:17:47.4254154Z   name: jarvis-os-v2-compact-apk-size
2026-10-02T22:17:47.4254421Z   path: artifact/compact-size/
2026-10-02T22:17:47.4254658Z   if-no-files-found: error
2026-10-02T22:17:47.4254886Z   compression-level: 6
2026-10-02T22:17:47.4255087Z   overwrite: false
2026-10-02T22:17:47.4255318Z   include-hidden-files: false
2026-10-02T22:17:47.4255539Z env:
2026-10-02T22:17:47.4255796Z   JAVA_HOME: /opt/hostedtoolcache/Java_Temurin-Hotspot_jdk/21.0.12-1/x64
2026-10-02T22:17:47.4256201Z   JAVA_HOME_21_X64: /opt/hostedtoolcache/Java_Temurin-Hotspot_jdk/21.0.12-1/x64
2026-10-02T22:17:47.4256539Z   GRADLE_ACTION_ID: gradle/actions/setup-gradle
2026-10-02T22:17:47.4256814Z   GRADLE_USER_HOME: /home/runner/.gradle
2026-10-02T22:17:47.4257066Z   GRADLE_BUILD_ACTION_SETUP_COMPLETED: true
2026-10-02T22:17:47.4257492Z   GRADLE_BUILD_ACTION_CACHE_RESTORED: true
2026-10-02T22:17:47.4257893Z   DEVELOCITY_INJECTION_INIT_SCRIPT_NAME: gradle-actions.inject-develocity.init.gradle
2026-10-02T22:17:47.4258280Z   DEVELOCITY_INJECTION_CUSTOM_VALUE: gradle-actions
2026-10-02T22:17:47.4258573Z   GITHUB_DEPENDENCY_GRAPH_ENABLED: false
2026-10-02T22:17:47.4258812Z ##[endgroup]
2026-10-02T22:17:47.5522409Z (node:7144) [DEP0040] DeprecationWarning: The `punycode` module is deprecated. Please use a userland alternative instead.
2026-10-02T22:17:47.5523110Z (Use `node --trace-deprecation ...` to show where the warning was created)
2026-10-02T22:17:47.5565240Z With the provided path, there will be 2 files uploaded
2026-10-02T22:17:47.5569099Z Artifact name is valid!
2026-10-02T22:17:47.5569649Z Root directory input is valid!
2026-10-02T22:17:47.8412879Z Beginning upload of artifact content to blob storage
2026-10-02T22:17:47.8558889Z (node:7144) [DEP0169] DeprecationWarning: `url.parse()` behavior is not standardized and prone to errors that have security implications. Use the WHATWG URL API instead. CVEs are not issued for `url.parse()` vulnerabilities.
2026-10-02T22:17:48.0115703Z Uploaded bytes 6772
2026-10-02T22:17:48.0825440Z Finished uploading artifact content to blob storage!
2026-10-02T22:17:48.0826089Z SHA256 digest of uploaded artifact zip is 463fc3b5976ad35b6e172847a4704ddb4ab8a6e657c198f4dbdc9ab5d276330b
2026-10-02T22:17:48.0826658Z Finalizing artifact upload
2026-10-02T22:17:48.3330680Z Artifact jarvis-os-v2-compact-apk-size.zip successfully finalized. Artifact ID 11254209177
2026-10-02T22:17:48.3331895Z Artifact jarvis-os-v2-compact-apk-size has been successfully uploaded! Final size is 6772 bytes. Artifact ID is 11254209177
2026-10-02T22:17:48.3335779Z Artifact download URL: https://github.com/battlesbudz/Jarvis-OS-V2/actions/runs/37070012200/artifacts/11254209177
2026-10-02T22:17:48.3449551Z ##[group]Run actions/upload-artifact@v4
2026-10-02T22:17:48.3449814Z with:
2026-10-02T22:17:48.3450031Z   name: jarvis-os-v2-release-apk
2026-10-02T22:17:48.3450273Z   path: artifact/*.apk
2026-10-02T22:17:48.3450497Z   if-no-files-found: error
2026-10-02T22:17:48.3450726Z   compression-level: 6
2026-10-02T22:17:48.3450944Z   overwrite: false
2026-10-02T22:17:48.3451159Z   include-hidden-files: false
2026-10-02T22:17:48.3451394Z env:
2026-10-02T22:17:48.3451668Z   JAVA_HOME: /opt/hostedtoolcache/Java_Temurin-Hotspot_jdk/21.0.12-1/x64
2026-10-02T22:17:48.3452072Z   JAVA_HOME_21_X64: /opt/hostedtoolcache/Java_Temurin-Hotspot_jdk/21.0.12-1/x64
2026-10-02T22:17:48.3452447Z   GRADLE_ACTION_ID: gradle/actions/setup-gradle
2026-10-02T22:17:48.3452716Z   GRADLE_USER_HOME: /home/runner/.gradle
2026-10-02T22:17:48.3452986Z   GRADLE_BUILD_ACTION_SETUP_COMPLETED: true
2026-10-02T22:17:48.3453254Z   GRADLE_BUILD_ACTION_CACHE_RESTORED: true
2026-10-02T22:17:48.3453646Z   DEVELOCITY_INJECTION_INIT_SCRIPT_NAME: gradle-actions.inject-develocity.init.gradle
2026-10-02T22:17:48.3454027Z   DEVELOCITY_INJECTION_CUSTOM_VALUE: gradle-actions
2026-10-02T22:17:48.3454317Z   GITHUB_DEPENDENCY_GRAPH_ENABLED: false
2026-10-02T22:17:48.3454554Z ##[endgroup]
2026-10-02T22:17:48.4675356Z (node:7156) [DEP0040] DeprecationWarning: The `punycode` module is deprecated. Please use a userland alternative instead.
2026-10-02T22:17:48.4676198Z (Use `node --trace-deprecation ...` to show where the warning was created)
2026-10-02T22:17:48.4739706Z With the provided path, there will be 2 files uploaded
2026-10-02T22:17:48.4740393Z Artifact name is valid!
2026-10-02T22:17:48.4740757Z Root directory input is valid!
2026-10-02T22:17:48.7691777Z Beginning upload of artifact content to blob storage
2026-10-02T22:17:49.1447989Z (node:7156) [DEP0169] DeprecationWarning: `url.parse()` behavior is not standardized and prone to errors that have security implications. Use the WHATWG URL API instead. CVEs are not issued for `url.parse()` vulnerabilities.
2026-10-02T22:17:49.6254931Z Uploaded bytes 8388608
2026-10-02T22:17:49.8154846Z Uploaded bytes 16777216
2026-10-02T22:17:50.0286691Z Uploaded bytes 25165824
2026-10-02T22:17:50.0608938Z Uploaded bytes 33554432
2026-10-02T22:17:50.3489926Z Uploaded bytes 41943040
2026-10-02T22:17:50.7972676Z Uploaded bytes 50331648
2026-10-02T22:17:51.2343611Z Uploaded bytes 58720256
2026-10-02T22:17:51.5773101Z Uploaded bytes 67108864
2026-10-02T22:17:51.8771587Z Uploaded bytes 75497472
2026-10-02T22:17:51.9728921Z Uploaded bytes 76987988
2026-10-02T22:17:52.0160307Z Finished uploading artifact content to blob storage!
2026-10-02T22:17:52.0162546Z SHA256 digest of uploaded artifact zip is fd97e3312ff0c2ff1c100f8052f625a1faa50aa9108da64f7e5310b718a23eb0
2026-10-02T22:17:52.0164108Z Finalizing artifact upload
2026-10-02T22:17:52.2468979Z Artifact jarvis-os-v2-release-apk.zip successfully finalized. Artifact ID 11253869552
2026-10-02T22:17:52.2469883Z Artifact jarvis-os-v2-release-apk has been successfully uploaded! Final size is 76987988 bytes. Artifact ID is 11253869552
2026-10-02T22:17:52.2478770Z Artifact download URL: https://github.com/battlesbudz/Jarvis-OS-V2/actions/runs/37070012200/artifacts/11253869552
2026-10-02T22:17:52.2681332Z Post job cleanup.
2026-10-02T22:17:52.4584643Z In post-action step
2026-10-02T22:17:52.4593172Z Cache is read-only: will not save state for use in subsequent builds.
2026-10-02T22:17:52.4597759Z Generating Job Summary
2026-10-02T22:17:52.4613802Z Completed post-action step
2026-10-02T22:17:52.5271433Z Post job cleanup.
2026-10-02T22:17:52.6166615Z (node:7194) [DEP0040] DeprecationWarning: The `punycode` module is deprecated. Please use a userland alternative instead.
2026-10-02T22:17:52.6167823Z (Use `node --trace-deprecation ...` to show where the warning was created)
2026-10-02T22:17:52.6292294Z [command]/usr/bin/tar --posix -cf cache.tzst --exclude cache.tzst -P -C /home/runner/work/Jarvis-OS-V2/Jarvis-OS-V2 --files-from manifest.txt --use-compress-program zstdmt
2026-10-02T22:17:54.6578545Z (node:7194) [DEP0169] DeprecationWarning: `url.parse()` behavior is not standardized and prone to errors that have security implications. Use the WHATWG URL API instead. CVEs are not issued for `url.parse()` vulnerabilities.
2026-10-02T22:17:55.6487106Z Sent 28653419 of 297088875 (9.6%), 27.3 MBs/sec
2026-10-02T22:17:56.4868483Z Sent 297088875 of 297088875 (100.0%), 154.1 MBs/sec
2026-10-02T22:17:56.6283419Z Cache saved with key: sherpa-arm64-137-Linux-78f25eb476df0e866c0747850a0401239fded60921575ed32431811002e601c0
2026-10-02T22:17:56.6382756Z Post job cleanup.
2026-10-02T22:17:56.7389163Z (node:7214) [DEP0040] DeprecationWarning: The `punycode` module is deprecated. Please use a userland alternative instead.
2026-10-02T22:17:56.7390029Z (Use `node --trace-deprecation ...` to show where the warning was created)
2026-10-02T22:17:56.7504026Z Post job cleanup.
2026-10-02T22:17:56.8161267Z [command]/usr/bin/git version
2026-10-02T22:17:56.8191576Z git version 2.55.0
2026-10-02T22:17:56.8216185Z Temporarily overriding HOME='/home/runner/work/_temp/f17351ec-ee79-4caa-a629-e7a076d3ed8a' before making global git config changes
2026-10-02T22:17:56.8217066Z Adding repository directory to the temporary git global config as a safe directory
2026-10-02T22:17:56.8220533Z [command]/usr/bin/git config --global --add safe.directory /home/runner/work/Jarvis-OS-V2/Jarvis-OS-V2
2026-10-02T22:17:56.8249045Z [command]/usr/bin/git config --local --name-only --get-regexp core\.sshCommand
2026-10-02T22:17:56.8275442Z [command]/usr/bin/git submodule foreach --recursive sh -c "git config --local --name-only --get-regexp 'core\.sshCommand' && git config --local --unset-all 'core.sshCommand' || :"
2026-10-02T22:17:56.8430630Z [command]/usr/bin/git config --local --name-only --get-regexp http\.https\:\/\/github\.com\/\.extraheader
2026-10-02T22:17:56.8451696Z http.https://github.com/.extraheader
2026-10-02T22:17:56.8459443Z [command]/usr/bin/git config --local --unset-all http.https://github.com/.extraheader
2026-10-02T22:17:56.8484171Z [command]/usr/bin/git submodule foreach --recursive sh -c "git config --local --name-only --get-regexp 'http\.https\:\/\/github\.com\/\.extraheader' && git config --local --unset-all 'http.https://github.com/.extraheader' || :"
2026-10-02T22:17:56.8642866Z [command]/usr/bin/git config --local --name-only --get-regexp ^includeIf\.gitdir:
2026-10-02T22:17:56.8665370Z [command]/usr/bin/git submodule foreach --recursive git config --local --show-origin --name-only --get-regexp remote.origin.url
2026-10-02T22:17:56.8941965Z Cleaning up orphan processes
2026-10-02T22:17:56.9126610Z ##[warning]Node.js 20 is deprecated. The following actions target Node.js 20 but are being forced to run on Node.js 24: actions/cache@v4, actions/checkout@v4, actions/setup-java@v4, actions/upload-artifact@v4, gradle/actions/setup-gradle@v4. For more information see: https://github.blog/changelog/2025-09-19-deprecation-of-node-20-on-github-actions-runners/

