2026-10-03T01:58:14.6132773Z Current runner version: '2.337.0'
2026-10-03T01:58:14.6156382Z ##[group]Runner Image Provisioner
2026-10-03T01:58:14.6157351Z Hosted Compute Agent
2026-10-03T01:58:14.6158004Z Version: 20260901.588
2026-10-03T01:58:14.6158725Z Commit: f88ec8081b781fac6c440065ac7ff9e710ce3d0b
2026-10-03T01:58:14.6159779Z Build Date: 2026-09-01T19:56:44Z
2026-10-03T01:58:14.6160575Z Worker ID: {37001861-ce82-4329-9ca3-ef28ffbac7ac}
2026-10-03T01:58:14.6161346Z Azure Region: westcentralus
2026-10-03T01:58:14.6161981Z ##[endgroup]
2026-10-03T01:58:14.6163834Z ##[group]Operating System
2026-10-03T01:58:14.6164601Z Ubuntu
2026-10-03T01:58:14.6165229Z 24.04.5
2026-10-03T01:58:14.6165792Z LTS
2026-10-03T01:58:14.6166358Z ##[endgroup]
2026-10-03T01:58:14.6167049Z ##[group]Runner Image
2026-10-03T01:58:14.6167718Z Image: ubuntu-24.04
2026-10-03T01:58:14.6168407Z Version: 20260927.320.1
2026-10-03T01:58:14.6169902Z Included Software: https://github.com/actions/runner-images/blob/ubuntu24/20260927.320/images/ubuntu/Ubuntu2404-Readme.md
2026-10-03T01:58:14.6171582Z Image Release: https://github.com/actions/runner-images/releases/tag/ubuntu24%2F20260927.320
2026-10-03T01:58:14.6172787Z ##[endgroup]
2026-10-03T01:58:14.6174831Z ##[group]GITHUB_TOKEN Permissions
2026-10-03T01:58:14.6177748Z Contents: read
2026-10-03T01:58:14.6178682Z Metadata: read
2026-10-03T01:58:14.6179642Z ##[endgroup]
2026-10-03T01:58:14.6181878Z Secret source: Actions
2026-10-03T01:58:14.6182878Z Cache mode: write
2026-10-03T01:58:14.6184055Z Prepare workflow directory
2026-10-03T01:58:14.6518009Z Prepare all required actions
2026-10-03T01:58:14.6564949Z Getting action download info
2026-10-03T01:58:14.9785164Z Download action repository 'actions/checkout@v4' (SHA:11d5960a326750d5838078e36cf38b85af677262)
2026-10-03T01:58:15.0571237Z Download action repository 'actions/setup-java@v4' (SHA:cf277c60eb25467037889841efdb72551f06f6c3)
2026-10-03T01:58:15.9917038Z Download action repository 'actions/cache@v4' (SHA:0057852bfaa89a56745cba8c7296529d2fc39830)
2026-10-03T01:58:16.2444213Z Download action repository 'gradle/actions@v4' (SHA:ed408507eac070d1f99cc633dbcf757c94c7933a)
2026-10-03T01:58:17.5947395Z Download action repository 'actions/upload-artifact@v4' (SHA:ea165f8d65b6e75b540449e92b4886f43607fa02)
2026-10-03T01:58:17.8532055Z Complete job name: Build signed release APK
2026-10-03T01:58:17.9318245Z ##[group]Run actions/checkout@v4
2026-10-03T01:58:17.9318852Z with:
2026-10-03T01:58:17.9319551Z   repository: battlesbudz/Jarvis-OS-V2
2026-10-03T01:58:17.9322134Z   token: ***
2026-10-03T01:58:17.9322364Z   ssh-strict: true
2026-10-03T01:58:17.9322583Z   ssh-user: git
2026-10-03T01:58:17.9322803Z   persist-credentials: true
2026-10-03T01:58:17.9323057Z   clean: true
2026-10-03T01:58:17.9323280Z   sparse-checkout-cone-mode: true
2026-10-03T01:58:17.9323552Z   fetch-depth: 1
2026-10-03T01:58:17.9323766Z   fetch-tags: false
2026-10-03T01:58:17.9323997Z   show-progress: true
2026-10-03T01:58:17.9324222Z   lfs: false
2026-10-03T01:58:17.9324416Z   submodules: false
2026-10-03T01:58:17.9324654Z   set-safe-directory: true
2026-10-03T01:58:17.9324910Z   allow-unsafe-pr-checkout: false
2026-10-03T01:58:17.9325486Z ##[endgroup]
2026-10-03T01:58:18.0357653Z Syncing repository: battlesbudz/Jarvis-OS-V2
2026-10-03T01:58:18.0359641Z ##[group]Getting Git version info
2026-10-03T01:58:18.0360187Z Working directory is '/home/runner/work/Jarvis-OS-V2/Jarvis-OS-V2'
2026-10-03T01:58:18.0360928Z [command]/usr/bin/git version
2026-10-03T01:58:18.0433241Z git version 2.55.0
2026-10-03T01:58:18.0454525Z ##[endgroup]
2026-10-03T01:58:18.0468866Z Temporarily overriding HOME='/home/runner/work/_temp/f0fd0d19-c62a-4298-9db7-a1146ebe3549' before making global git config changes
2026-10-03T01:58:18.0470628Z Adding repository directory to the temporary git global config as a safe directory
2026-10-03T01:58:18.0477268Z [command]/usr/bin/git config --global --add safe.directory /home/runner/work/Jarvis-OS-V2/Jarvis-OS-V2
2026-10-03T01:58:18.0530905Z Deleting the contents of '/home/runner/work/Jarvis-OS-V2/Jarvis-OS-V2'
2026-10-03T01:58:18.0536201Z ##[group]Initializing the repository
2026-10-03T01:58:18.0541235Z [command]/usr/bin/git init /home/runner/work/Jarvis-OS-V2/Jarvis-OS-V2
2026-10-03T01:58:18.0632482Z hint: Using 'master' as the name for the initial branch. This default branch name
2026-10-03T01:58:18.0633828Z hint: will change to "main" in Git 3.0. To configure the initial branch name
2026-10-03T01:58:18.0634746Z hint: to use in all of your new repositories, which will suppress this warning,
2026-10-03T01:58:18.0635195Z hint: call:
2026-10-03T01:58:18.0635675Z hint:
2026-10-03T01:58:18.0636013Z hint: 	git config --global init.defaultBranch <name>
2026-10-03T01:58:18.0636350Z hint:
2026-10-03T01:58:18.0636658Z hint: Names commonly chosen instead of 'master' are 'main', 'trunk' and
2026-10-03T01:58:18.0637183Z hint: 'development'. The just-created branch can be renamed via this command:
2026-10-03T01:58:18.0637573Z hint:
2026-10-03T01:58:18.0637781Z hint: 	git branch -m <name>
2026-10-03T01:58:18.0638060Z hint:
2026-10-03T01:58:18.0638409Z hint: Disable this message with "git config set advice.defaultBranchName false"
2026-10-03T01:58:18.0643809Z Initialized empty Git repository in /home/runner/work/Jarvis-OS-V2/Jarvis-OS-V2/.git/
2026-10-03T01:58:18.0654334Z [command]/usr/bin/git remote add origin https://github.com/battlesbudz/Jarvis-OS-V2
2026-10-03T01:58:18.0701221Z ##[endgroup]
2026-10-03T01:58:18.0702101Z ##[group]Disabling automatic garbage collection
2026-10-03T01:58:18.0706362Z [command]/usr/bin/git config --local gc.auto 0
2026-10-03T01:58:18.0738573Z ##[endgroup]
2026-10-03T01:58:18.0740056Z ##[group]Setting up auth
2026-10-03T01:58:18.0747144Z [command]/usr/bin/git config --local --name-only --get-regexp core\.sshCommand
2026-10-03T01:58:18.0789254Z [command]/usr/bin/git submodule foreach --recursive sh -c "git config --local --name-only --get-regexp 'core\.sshCommand' && git config --local --unset-all 'core.sshCommand' || :"
2026-10-03T01:58:18.1116393Z [command]/usr/bin/git config --local --name-only --get-regexp http\.https\:\/\/github\.com\/\.extraheader
2026-10-03T01:58:18.1156546Z [command]/usr/bin/git submodule foreach --recursive sh -c "git config --local --name-only --get-regexp 'http\.https\:\/\/github\.com\/\.extraheader' && git config --local --unset-all 'http.https://github.com/.extraheader' || :"
2026-10-03T01:58:18.1384570Z [command]/usr/bin/git config --local --name-only --get-regexp ^includeIf\.gitdir:
2026-10-03T01:58:18.1419987Z [command]/usr/bin/git submodule foreach --recursive git config --local --show-origin --name-only --get-regexp remote.origin.url
2026-10-03T01:58:18.1642749Z [command]/usr/bin/git config --local http.https://github.com/.extraheader AUTHORIZATION: basic ***
2026-10-03T01:58:18.1684848Z ##[endgroup]
2026-10-03T01:58:18.1685334Z ##[group]Fetching the repository
2026-10-03T01:58:18.1696877Z [command]/usr/bin/git -c protocol.version=2 fetch --no-tags --prune --no-recurse-submodules --depth=1 origin +53dac67cb37dc8f9a2eda27d6c65f0661cc39a5b:refs/remotes/origin/feature/memory-os-overnight-candidate-privacy-20261002-5
2026-10-03T01:58:18.9698570Z From https://github.com/battlesbudz/Jarvis-OS-V2
2026-10-03T01:58:18.9700189Z  * [new ref]         53dac67cb37dc8f9a2eda27d6c65f0661cc39a5b -> origin/feature/memory-os-overnight-candidate-privacy-20261002-5
2026-10-03T01:58:18.9704743Z ##[endgroup]
2026-10-03T01:58:18.9705578Z ##[group]Determining the checkout info
2026-10-03T01:58:18.9708525Z ##[endgroup]
2026-10-03T01:58:18.9714731Z [command]/usr/bin/git sparse-checkout disable
2026-10-03T01:58:18.9768745Z [command]/usr/bin/git config --local --unset-all extensions.worktreeConfig
2026-10-03T01:58:18.9800571Z ##[group]Checking out the ref
2026-10-03T01:58:18.9814559Z [command]/usr/bin/git checkout --progress --force -B feature/memory-os-overnight-candidate-privacy-20261002-5 refs/remotes/origin/feature/memory-os-overnight-candidate-privacy-20261002-5
2026-10-03T01:58:19.0210502Z Switched to a new branch 'feature/memory-os-overnight-candidate-privacy-20261002-5'
2026-10-03T01:58:19.0216939Z branch 'feature/memory-os-overnight-candidate-privacy-20261002-5' set up to track 'origin/feature/memory-os-overnight-candidate-privacy-20261002-5'.
2026-10-03T01:58:19.0221872Z ##[endgroup]
2026-10-03T01:58:19.0264383Z [command]/usr/bin/git log -1 --format=%H
2026-10-03T01:58:19.0290494Z 53dac67cb37dc8f9a2eda27d6c65f0661cc39a5b
2026-10-03T01:58:19.0604164Z ##[group]Run actions/setup-java@v4
2026-10-03T01:58:19.0604552Z with:
2026-10-03T01:58:19.0604766Z   distribution: temurin
2026-10-03T01:58:19.0605004Z   java-version: 21
2026-10-03T01:58:19.0605227Z   java-package: jdk
2026-10-03T01:58:19.0605448Z   check-latest: false
2026-10-03T01:58:19.0605668Z   server-id: github
2026-10-03T01:58:19.0605902Z   server-username: GITHUB_ACTOR
2026-10-03T01:58:19.0606167Z   server-password: GITHUB_TOKEN
2026-10-03T01:58:19.0606426Z   overwrite-settings: true
2026-10-03T01:58:19.0606665Z   job-status: success
2026-10-03T01:58:19.0609504Z   token: ***
2026-10-03T01:58:19.0609730Z ##[endgroup]
2026-10-03T01:58:19.2248571Z ##[warning]setup-java v4 is deprecated and will no longer receive updates. Please migrate to actions/setup-java@v5.
2026-10-03T01:58:19.2260122Z ##[group]Installed distributions
2026-10-03T01:58:19.2292373Z Resolved Java 21.0.12+1 from tool-cache
2026-10-03T01:58:19.2293484Z Setting Java 21.0.12+1 as the default
2026-10-03T01:58:19.2303876Z (node:2365) [DEP0040] DeprecationWarning: The `punycode` module is deprecated. Please use a userland alternative instead.
2026-10-03T01:58:19.2305013Z (Use `node --trace-deprecation ...` to show where the warning was created)
2026-10-03T01:58:19.2307118Z Creating toolchains.xml for JDK version 21 from temurin
2026-10-03T01:58:19.2383445Z Writing to /home/runner/.m2/toolchains.xml
2026-10-03T01:58:19.2383839Z 
2026-10-03T01:58:19.2383998Z Java configuration:
2026-10-03T01:58:19.2384367Z   Distribution: temurin
2026-10-03T01:58:19.2384734Z   Version: 21.0.12+1
2026-10-03T01:58:19.2385267Z   Path: /opt/hostedtoolcache/Java_Temurin-Hotspot_jdk/21.0.12-1/x64
2026-10-03T01:58:19.2385761Z 
2026-10-03T01:58:19.2386193Z ##[endgroup]
2026-10-03T01:58:19.2399717Z Creating settings.xml with server-id: github
2026-10-03T01:58:19.2430191Z Writing to /home/runner/.m2/settings.xml
2026-10-03T01:58:19.2592597Z ##[group]Run "${ANDROID_HOME}/cmdline-tools/latest/bin/sdkmanager" "ndk;27.2.12479018"
2026-10-03T01:58:19.2593681Z [36;1m"${ANDROID_HOME}/cmdline-tools/latest/bin/sdkmanager" "ndk;27.2.12479018"[0m
2026-10-03T01:58:19.2881092Z shell: /usr/bin/bash -e {0}
2026-10-03T01:58:19.2881448Z env:
2026-10-03T01:58:19.2881790Z   JAVA_HOME: /opt/hostedtoolcache/Java_Temurin-Hotspot_jdk/21.0.12-1/x64
2026-10-03T01:58:19.2882325Z   JAVA_HOME_21_X64: /opt/hostedtoolcache/Java_Temurin-Hotspot_jdk/21.0.12-1/x64
2026-10-03T01:58:19.2882746Z ##[endgroup]
2026-10-03T01:58:22.2650413Z Loading package information...                                                  
2026-10-03T01:58:22.3517361Z Loading local repository...                                                     
2026-10-03T01:58:22.3520599Z [                                       ] 3% Loading local repository...        
2026-10-03T01:58:22.8683627Z [                                       ] 3% Fetch remote repository...         
2026-10-03T01:58:23.2739521Z [=                                      ] 3% Fetch remote repository...         
2026-10-03T01:58:23.3716082Z [=                                      ] 4% Fetch remote repository...         
2026-10-03T01:58:23.4202684Z [=                                      ] 5% Fetch remote repository...         
2026-10-03T01:58:23.4756161Z [==                                     ] 5% Fetch remote repository...         
2026-10-03T01:58:23.6403226Z [==                                     ] 6% Fetch remote repository...         
2026-10-03T01:58:23.7770705Z [==                                     ] 7% Fetch remote repository...         
2026-10-03T01:58:23.7772159Z [==                                     ] 7% Computing updates...               
2026-10-03T01:58:23.7869351Z [===                                    ] 8% Computing updates...               
2026-10-03T01:58:23.8217729Z [===                                    ] 10% Computing updates...              
2026-10-03T01:58:23.8778859Z [===                                    ] 10% Installing NDK (Side by side) 27.2
2026-10-03T01:58:24.1551348Z [===                                    ] 10% Downloading android-ndk-r27c-linux
2026-10-03T01:58:24.4883357Z [====                                   ] 10% Downloading android-ndk-r27c-linux
2026-10-03T01:58:24.7940750Z [====                                   ] 11% Downloading android-ndk-r27c-linux
2026-10-03T01:58:24.9021980Z [====                                   ] 12% Downloading android-ndk-r27c-linux
2026-10-03T01:58:24.9737150Z [=====                                  ] 13% Downloading android-ndk-r27c-linux
2026-10-03T01:58:25.0458570Z [=====                                  ] 14% Downloading android-ndk-r27c-linux
2026-10-03T01:58:25.0996740Z [=====                                  ] 15% Downloading android-ndk-r27c-linux
2026-10-03T01:58:25.1347455Z [======                                 ] 15% Downloading android-ndk-r27c-linux
2026-10-03T01:58:25.2055534Z [======                                 ] 16% Downloading android-ndk-r27c-linux
2026-10-03T01:58:25.2935033Z [======                                 ] 17% Downloading android-ndk-r27c-linux
2026-10-03T01:58:25.3633590Z [=======                                ] 18% Downloading android-ndk-r27c-linux
2026-10-03T01:58:25.4498001Z [=======                                ] 19% Downloading android-ndk-r27c-linux
2026-10-03T01:58:25.4839969Z [=======                                ] 20% Downloading android-ndk-r27c-linux
2026-10-03T01:58:25.5183531Z [========                               ] 20% Downloading android-ndk-r27c-linux
2026-10-03T01:58:25.6039191Z [========                               ] 21% Downloading android-ndk-r27c-linux
2026-10-03T01:58:25.6534364Z [========                               ] 22% Downloading android-ndk-r27c-linux
2026-10-03T01:58:25.7124681Z [=========                              ] 23% Downloading android-ndk-r27c-linux
2026-10-03T01:58:25.7913954Z [=========                              ] 24% Downloading android-ndk-r27c-linux
2026-10-03T01:58:25.8206401Z [=========                              ] 25% Downloading android-ndk-r27c-linux
2026-10-03T01:58:25.8451511Z [==========                             ] 25% Downloading android-ndk-r27c-linux
2026-10-03T01:58:25.9079675Z [==========                             ] 26% Downloading android-ndk-r27c-linux
2026-10-03T01:58:25.9560499Z [==========                             ] 27% Downloading android-ndk-r27c-linux
2026-10-03T01:58:26.0160724Z [===========                            ] 28% Downloading android-ndk-r27c-linux
2026-10-03T01:58:26.0627330Z [===========                            ] 29% Downloading android-ndk-r27c-linux
2026-10-03T01:58:26.0860341Z [===========                            ] 30% Downloading android-ndk-r27c-linux
2026-10-03T01:58:26.1269831Z [============                           ] 30% Downloading android-ndk-r27c-linux
2026-10-03T01:58:26.1738676Z [============                           ] 31% Downloading android-ndk-r27c-linux
2026-10-03T01:58:26.2289844Z [============                           ] 32% Downloading android-ndk-r27c-linux
2026-10-03T01:58:26.2294347Z [============                           ] 33% Downloading android-ndk-r27c-linux
2026-10-03T01:58:27.1820713Z [============                           ] 33% Unzipping...                      
2026-10-03T01:58:27.1821802Z [============                           ] 33% Unzipping... android-ndk-r27c/    
2026-10-03T01:58:27.1849816Z [============                           ] 33% Unzipping... android-ndk-r27c/READ
2026-10-03T01:58:27.1850844Z [=============                          ] 33% Unzipping... android-ndk-r27c/READ
2026-10-03T01:58:27.1874635Z [=============                          ] 33% Unzipping... android-ndk-r27c/meta
2026-10-03T01:58:27.3442062Z [=============                          ] 33% Unzipping... android-ndk-r27c/shad
2026-10-03T01:58:27.3458933Z [=============                          ] 33% Unzipping... android-ndk-r27c/ndk-
2026-10-03T01:58:27.3474944Z [=============                          ] 33% Unzipping... android-ndk-r27c/wrap
2026-10-03T01:58:27.3475917Z [=============                          ] 33% Unzipping... android-ndk-r27c/ndk-
2026-10-03T01:58:27.7862937Z [=============                          ] 33% Unzipping... android-ndk-r27c/tool
2026-10-03T01:58:28.2814127Z [=============                          ] 34% Unzipping... android-ndk-r27c/tool
2026-10-03T01:58:28.5212801Z [=============                          ] 35% Unzipping... android-ndk-r27c/tool
2026-10-03T01:58:28.6545072Z [==============                         ] 35% Unzipping... android-ndk-r27c/tool
2026-10-03T01:58:29.0462009Z [==============                         ] 36% Unzipping... android-ndk-r27c/tool
2026-10-03T01:58:29.4630193Z [==============                         ] 37% Unzipping... android-ndk-r27c/tool
2026-10-03T01:58:29.8688993Z [===============                        ] 38% Unzipping... android-ndk-r27c/tool
2026-10-03T01:58:30.3232133Z [===============                        ] 39% Unzipping... android-ndk-r27c/tool
2026-10-03T01:58:30.5139361Z [===============                        ] 40% Unzipping... android-ndk-r27c/tool
2026-10-03T01:58:30.7193537Z [================                       ] 40% Unzipping... android-ndk-r27c/tool
2026-10-03T01:58:31.1877339Z [================                       ] 41% Unzipping... android-ndk-r27c/tool
2026-10-03T01:58:31.6414053Z [================                       ] 42% Unzipping... android-ndk-r27c/tool
2026-10-03T01:58:32.4136730Z [=================                      ] 43% Unzipping... android-ndk-r27c/tool
2026-10-03T01:58:32.9442319Z [=================                      ] 44% Unzipping... android-ndk-r27c/tool
2026-10-03T01:58:33.4690112Z [=================                      ] 45% Unzipping... android-ndk-r27c/tool
2026-10-03T01:58:33.6571978Z [==================                     ] 45% Unzipping... android-ndk-r27c/tool
2026-10-03T01:58:34.0191414Z [==================                     ] 46% Unzipping... android-ndk-r27c/tool
2026-10-03T01:58:34.4064876Z [==================                     ] 47% Unzipping... android-ndk-r27c/tool
2026-10-03T01:58:34.8035886Z [===================                    ] 48% Unzipping... android-ndk-r27c/tool
2026-10-03T01:58:35.1599649Z [===================                    ] 49% Unzipping... android-ndk-r27c/tool
2026-10-03T01:58:35.3504386Z [===================                    ] 50% Unzipping... android-ndk-r27c/tool
2026-10-03T01:58:35.5525564Z [====================                   ] 50% Unzipping... android-ndk-r27c/tool
2026-10-03T01:58:35.9153862Z [====================                   ] 51% Unzipping... android-ndk-r27c/tool
2026-10-03T01:58:36.3122007Z [====================                   ] 52% Unzipping... android-ndk-r27c/tool
2026-10-03T01:58:36.7173255Z [=====================                  ] 53% Unzipping... android-ndk-r27c/tool
2026-10-03T01:58:36.9400018Z [=====================                  ] 54% Unzipping... android-ndk-r27c/tool
2026-10-03T01:58:36.9518302Z [=====================                  ] 54% Unzipping... android-ndk-r27c/buil
2026-10-03T01:58:37.2022885Z [=====================                  ] 54% Unzipping... android-ndk-r27c/sour
2026-10-03T01:58:37.2045573Z [=====================                  ] 54% Unzipping... android-ndk-r27c/NOTI
2026-10-03T01:58:37.2046714Z [=====================                  ] 54% Unzipping... android-ndk-r27c/ndk-
2026-10-03T01:58:37.2060370Z [=====================                  ] 54% Unzipping... android-ndk-r27c/NOTI
2026-10-03T01:58:37.2099197Z [=====================                  ] 54% Unzipping... android-ndk-r27c/pyth
2026-10-03T01:58:37.2513982Z [=====================                  ] 54% Unzipping... android-ndk-r27c/preb
2026-10-03T01:58:37.2516990Z [=====================                  ] 54% Unzipping... android-ndk-r27c/ndk-
2026-10-03T01:58:37.2519937Z [=====================                  ] 54% Unzipping... android-ndk-r27c/sour
2026-10-03T01:58:37.3045092Z [=====================                  ] 54% Unzipping... android-ndk-r27c/simp
2026-10-03T01:58:37.4442694Z [=====================                  ] 55% Unzipping... android-ndk-r27c/simp
2026-10-03T01:58:37.5659877Z [=====================                  ] 55% Unzipping... android-ndk-r27c/CHAN
2026-10-03T01:58:37.5660629Z [=======================================] 100% Unzipping... android-ndk-r27c/CHA
2026-10-03T01:58:37.8684867Z 
2026-10-03T01:58:37.9752472Z ##[group]Run actions/cache@v4
2026-10-03T01:58:37.9752763Z with:
2026-10-03T01:58:37.9752982Z   path: app/build/sherpa-native
2026-10-03T01:58:37.9753461Z   key: sherpa-arm64-137-Linux-78f25eb476df0e866c0747850a0401239fded60921575ed32431811002e601c0
2026-10-03T01:58:37.9753982Z   enableCrossOsArchive: false
2026-10-03T01:58:37.9754251Z   fail-on-cache-miss: false
2026-10-03T01:58:37.9754497Z   lookup-only: false
2026-10-03T01:58:37.9754735Z   save-always: false
2026-10-03T01:58:37.9754943Z env:
2026-10-03T01:58:37.9755247Z   JAVA_HOME: /opt/hostedtoolcache/Java_Temurin-Hotspot_jdk/21.0.12-1/x64
2026-10-03T01:58:37.9755748Z   JAVA_HOME_21_X64: /opt/hostedtoolcache/Java_Temurin-Hotspot_jdk/21.0.12-1/x64
2026-10-03T01:58:37.9756138Z ##[endgroup]
2026-10-03T01:58:38.0795266Z (node:2504) [DEP0040] DeprecationWarning: The `punycode` module is deprecated. Please use a userland alternative instead.
2026-10-03T01:58:38.0796113Z (Use `node --trace-deprecation ...` to show where the warning was created)
2026-10-03T01:58:38.2430952Z Cache not found for input keys: sherpa-arm64-137-Linux-78f25eb476df0e866c0747850a0401239fded60921575ed32431811002e601c0
2026-10-03T01:58:38.2692677Z ##[group]Run gradle/actions/setup-gradle@v4
2026-10-03T01:58:38.2693011Z with:
2026-10-03T01:58:38.2693234Z   gradle-version: 8.10.2
2026-10-03T01:58:38.2693489Z   cache-disabled: false
2026-10-03T01:58:38.2693723Z   cache-read-only: true
2026-10-03T01:58:38.2693967Z   cache-write-only: false
2026-10-03T01:58:38.2694233Z   cache-overwrite-existing: false
2026-10-03T01:58:38.2694517Z   cache-cleanup: on-success
2026-10-03T01:58:38.2694824Z   gradle-home-cache-includes: caches
notifications

2026-10-03T01:58:38.2695171Z   add-job-summary: always
2026-10-03T01:58:38.2695440Z   add-job-summary-as-pr-comment: never
2026-10-03T01:58:38.2695754Z   dependency-graph: disabled
2026-10-03T01:58:38.2696091Z   dependency-graph-report-dir: dependency-graph-reports
2026-10-03T01:58:38.2696476Z   dependency-graph-continue-on-failure: true
2026-10-03T01:58:38.2696800Z   build-scan-publish: false
2026-10-03T01:58:38.2697059Z   validate-wrappers: true
2026-10-03T01:58:38.2697358Z   allow-snapshot-wrappers: false
2026-10-03T01:58:38.2697650Z   gradle-home-cache-strict-match: false
2026-10-03T01:58:38.2697948Z   workflow-job-context: null
2026-10-03T01:58:38.2700668Z   github-token: ***
2026-10-03T01:58:38.2700901Z env:
2026-10-03T01:58:38.2701217Z   JAVA_HOME: /opt/hostedtoolcache/Java_Temurin-Hotspot_jdk/21.0.12-1/x64
2026-10-03T01:58:38.2701746Z   JAVA_HOME_21_X64: /opt/hostedtoolcache/Java_Temurin-Hotspot_jdk/21.0.12-1/x64
2026-10-03T01:58:38.2702139Z ##[endgroup]
2026-10-03T01:58:38.6098547Z Merged default JDK locations into /home/runner/.m2/toolchains.xml
2026-10-03T01:58:38.6102217Z ##[group]Restore Gradle state from cache
2026-10-03T01:58:38.7706194Z Cache hit for restore-key: gradle-home-v1|Linux-X64|build-release[950eaec8589fb4acbb839cd2eb2eeef7]-780c40c4d70ac3171a673b22491dc3a703f16d55
2026-10-03T01:58:39.1559693Z Received 8975 of 8975 (100.0%), 0.0 MBs/sec
2026-10-03T01:58:39.1561892Z Cache Size: ~0 MB (8975 B)
2026-10-03T01:58:39.1591727Z [command]/usr/bin/tar -xf /home/runner/work/_temp/2376bfe4-e90c-4d70-b4ca-c79e18a010ea/cache.tzst -P -C /home/runner/work/Jarvis-OS-V2/Jarvis-OS-V2 --use-compress-program unzstd
2026-10-03T01:58:39.1670444Z Cache restored successfully
2026-10-03T01:58:39.1675039Z Restored cache entry with key gradle-home-v1|Linux-X64|build-release[950eaec8589fb4acbb839cd2eb2eeef7]-53dac67cb37dc8f9a2eda27d6c65f0661cc39a5b to /home/runner/.gradle/caches,/home/runner/.gradle/notifications,/home/runner/.gradle/.setup-gradle in 556ms
2026-10-03T01:58:39.3122037Z Cache hit for: gradle-instrumented-jars-v1-3a8bc95e5f3fc33f7559043af89006e9
2026-10-03T01:58:39.3142912Z Cache hit for: gradle-groovy-dsl-v1-61a76c5b6d5e4b5c4e7b8de115d50879
2026-10-03T01:58:39.4828684Z Received 70743 of 70743 (100.0%), 0.6 MBs/sec
2026-10-03T01:58:39.4829998Z Cache Size: ~0 MB (70743 B)
2026-10-03T01:58:39.4850331Z [command]/usr/bin/tar -xf /home/runner/work/_temp/1587d18a-bdaa-40ff-adac-3f0b54e46cc9/cache.tzst -P -C /home/runner/work/Jarvis-OS-V2/Jarvis-OS-V2 --use-compress-program unzstd
2026-10-03T01:58:39.4937895Z Cache restored successfully
2026-10-03T01:58:39.4940136Z Restored cache entry with key gradle-instrumented-jars-v1-3a8bc95e5f3fc33f7559043af89006e9 to /home/runner/.gradle/caches/jars-*/*/ in 326ms
2026-10-03T01:58:39.8141891Z Received 109261 of 109261 (100.0%), 0.3 MBs/sec
2026-10-03T01:58:39.8142575Z Cache Size: ~0 MB (109261 B)
2026-10-03T01:58:39.8162123Z [command]/usr/bin/tar -xf /home/runner/work/_temp/2a58bc8f-ceef-4514-a18b-ef9e030a14be/cache.tzst -P -C /home/runner/work/Jarvis-OS-V2/Jarvis-OS-V2 --use-compress-program unzstd
2026-10-03T01:58:39.8303413Z Cache restored successfully
2026-10-03T01:58:39.8305537Z Restored cache entry with key gradle-groovy-dsl-v1-61a76c5b6d5e4b5c4e7b8de115d50879 to /home/runner/.gradle/caches/*/groovy-dsl/*/ in 662ms
2026-10-03T01:58:39.8369047Z ##[endgroup]
2026-10-03T01:58:39.8504894Z ##[group]All Gradle Wrapper jars are valid
2026-10-03T01:58:39.8505659Z 
2026-10-03T01:58:39.8506124Z ##[endgroup]
2026-10-03T01:58:40.0101483Z ##[group]Provision Gradle 8.10.2
2026-10-03T01:58:43.5081409Z Cache hit for: gradle-8.10.2
2026-10-03T01:58:44.7064727Z Received 41943040 of 136494016 (30.7%), 40.0 MBs/sec
2026-10-03T01:58:45.6561831Z Received 136494016 of 136494016 (100.0%), 66.7 MBs/sec
2026-10-03T01:58:45.6564302Z Cache Size: ~130 MB (136494016 B)
2026-10-03T01:58:45.6593152Z [command]/usr/bin/tar -xf /home/runner/work/_temp/0ae55225-a60e-4736-9b82-a6d167244ab5/cache.tzst -P -C /home/runner/work/Jarvis-OS-V2/Jarvis-OS-V2 --use-compress-program unzstd
2026-10-03T01:58:45.8174987Z Cache restored successfully
2026-10-03T01:58:45.8233915Z Restored Gradle distribution gradle-8.10.2 from cache to /home/runner/work/_temp/.gradle-actions/gradle-installations/downloads/gradle-8.10.2-bin.zip
2026-10-03T01:58:45.8250386Z [command]/usr/bin/unzip -o -q /home/runner/work/_temp/.gradle-actions/gradle-installations/downloads/gradle-8.10.2-bin.zip
2026-10-03T01:58:46.7911372Z Extracted Gradle 8.10.2 to /home/runner/work/_temp/.gradle-actions/gradle-installations/installs/gradle-8.10.2
2026-10-03T01:58:46.7913820Z Provisioned Gradle executable /home/runner/work/_temp/.gradle-actions/gradle-installations/installs/gradle-8.10.2/bin/gradle
2026-10-03T01:58:46.7914861Z ##[endgroup]
2026-10-03T01:58:46.8044227Z ##[group]Run cmake -S app/src/main/cpp/microwakeword -B /tmp/keyword-native -DCMAKE_BUILD_TYPE=Release
2026-10-03T01:58:46.8045076Z [36;1mcmake -S app/src/main/cpp/microwakeword -B /tmp/keyword-native -DCMAKE_BUILD_TYPE=Release[0m
2026-10-03T01:58:46.8045660Z [36;1mcmake --build /tmp/keyword-native --parallel 2[0m
2026-10-03T01:58:46.8046192Z [36;1mpython3 scripts/check_keyword_models.py /tmp/keyword-native/microwakeword_test[0m
2026-10-03T01:58:46.8108000Z shell: /usr/bin/bash -e {0}
2026-10-03T01:58:46.8108287Z env:
2026-10-03T01:58:46.8108640Z   JAVA_HOME: /opt/hostedtoolcache/Java_Temurin-Hotspot_jdk/21.0.12-1/x64
2026-10-03T01:58:46.8109560Z   JAVA_HOME_21_X64: /opt/hostedtoolcache/Java_Temurin-Hotspot_jdk/21.0.12-1/x64
2026-10-03T01:58:46.8110039Z   GRADLE_ACTION_ID: gradle/actions/setup-gradle
2026-10-03T01:58:46.8110384Z   GRADLE_USER_HOME: /home/runner/.gradle
2026-10-03T01:58:46.8110704Z   GRADLE_BUILD_ACTION_SETUP_COMPLETED: true
2026-10-03T01:58:46.8111071Z   GRADLE_BUILD_ACTION_CACHE_RESTORED: true
2026-10-03T01:58:46.8111540Z   DEVELOCITY_INJECTION_INIT_SCRIPT_NAME: gradle-actions.inject-develocity.init.gradle
2026-10-03T01:58:46.8112231Z   DEVELOCITY_INJECTION_CUSTOM_VALUE: gradle-actions
2026-10-03T01:58:46.8112583Z   GITHUB_DEPENDENCY_GRAPH_ENABLED: false
2026-10-03T01:58:46.8112880Z ##[endgroup]
2026-10-03T01:58:46.9924633Z -- The C compiler identification is GNU 13.3.0
2026-10-03T01:58:47.0916241Z -- The CXX compiler identification is GNU 13.3.0
2026-10-03T01:58:47.1049920Z -- Detecting C compiler ABI info
2026-10-03T01:58:47.2022286Z -- Detecting C compiler ABI info - done
2026-10-03T01:58:47.2191497Z -- Check for working C compiler: /usr/bin/cc - skipped
2026-10-03T01:58:47.2197209Z -- Detecting C compile features
2026-10-03T01:58:47.2203695Z -- Detecting C compile features - done
2026-10-03T01:58:47.2321176Z -- Detecting CXX compiler ABI info
2026-10-03T01:58:47.2913849Z -- Detecting CXX compiler ABI info - done
2026-10-03T01:58:47.3084632Z -- Check for working CXX compiler: /usr/bin/c++ - skipped
2026-10-03T01:58:47.3088377Z -- Detecting CXX compile features
2026-10-03T01:58:47.3094809Z -- Detecting CXX compile features - done
2026-10-03T01:58:47.3198882Z CMake Warning (dev) at /usr/local/share/cmake-3.31/Modules/FetchContent.cmake:1373 (message):
2026-10-03T01:58:47.3200127Z   The DOWNLOAD_EXTRACT_TIMESTAMP option was not given and policy CMP0135 is
2026-10-03T01:58:47.3200726Z   not set.  The policy's OLD behavior will be used.  When using a URL
2026-10-03T01:58:47.3201283Z   download, the timestamps of extracted files should preferably be that of
2026-10-03T01:58:47.3201855Z   the time of extraction, otherwise code that depends on the extracted
2026-10-03T01:58:47.3202386Z   contents might not be rebuilt if the URL changes.  The OLD behavior
2026-10-03T01:58:47.3203108Z   preserves the timestamps from the archive instead, but this is usually not
2026-10-03T01:58:47.3203678Z   what you want.  Update your project to the NEW behavior or specify the
2026-10-03T01:58:47.3204233Z   DOWNLOAD_EXTRACT_TIMESTAMP option with a value of true to avoid this
2026-10-03T01:58:47.3204675Z   robustness issue.
2026-10-03T01:58:47.3204957Z Call Stack (most recent call first):
2026-10-03T01:58:47.3205305Z   CMakeLists.txt:14 (FetchContent_Declare)
2026-10-03T01:58:47.3205961Z This warning is for project developers.  Use -Wno-dev to suppress it.
2026-10-03T01:58:47.3206367Z 
2026-10-03T01:58:47.3206712Z CMake Warning (dev) at /usr/local/share/cmake-3.31/Modules/FetchContent.cmake:1373 (message):
2026-10-03T01:58:47.3207375Z   The DOWNLOAD_EXTRACT_TIMESTAMP option was not given and policy CMP0135 is
2026-10-03T01:58:47.3207933Z   not set.  The policy's OLD behavior will be used.  When using a URL
2026-10-03T01:58:47.3208464Z   download, the timestamps of extracted files should preferably be that of
2026-10-03T01:58:47.3209207Z   the time of extraction, otherwise code that depends on the extracted
2026-10-03T01:58:47.3209961Z   contents might not be rebuilt if the URL changes.  The OLD behavior
2026-10-03T01:58:47.3210498Z   preserves the timestamps from the archive instead, but this is usually not
2026-10-03T01:58:47.3211127Z   what you want.  Update your project to the NEW behavior or specify the
2026-10-03T01:58:47.3212017Z   DOWNLOAD_EXTRACT_TIMESTAMP option with a value of true to avoid this
2026-10-03T01:58:47.3212465Z   robustness issue.
2026-10-03T01:58:47.3212728Z Call Stack (most recent call first):
2026-10-03T01:58:47.3213047Z   CMakeLists.txt:28 (FetchContent_Declare)
2026-10-03T01:58:47.3213457Z This warning is for project developers.  Use -Wno-dev to suppress it.
2026-10-03T01:58:47.3213756Z 
2026-10-03T01:58:47.3214050Z CMake Warning (dev) at /usr/local/share/cmake-3.31/Modules/FetchContent.cmake:1373 (message):
2026-10-03T01:58:47.3214644Z   The DOWNLOAD_EXTRACT_TIMESTAMP option was not given and policy CMP0135 is
2026-10-03T01:58:47.3215162Z   not set.  The policy's OLD behavior will be used.  When using a URL
2026-10-03T01:58:47.3215826Z   download, the timestamps of extracted files should preferably be that of
2026-10-03T01:58:47.3216655Z   the time of extraction, otherwise code that depends on the extracted
2026-10-03T01:58:47.3217345Z   contents might not be rebuilt if the URL changes.  The OLD behavior
2026-10-03T01:58:47.3217860Z   preserves the timestamps from the archive instead, but this is usually not
2026-10-03T01:58:47.3218384Z   what you want.  Update your project to the NEW behavior or specify the
2026-10-03T01:58:47.3218883Z   DOWNLOAD_EXTRACT_TIMESTAMP option with a value of true to avoid this
2026-10-03T01:58:47.3219516Z   robustness issue.
2026-10-03T01:58:47.3219768Z Call Stack (most recent call first):
2026-10-03T01:58:47.3220139Z   CMakeLists.txt:35 (FetchContent_Declare)
2026-10-03T01:58:47.3220847Z This warning is for project developers.  Use -Wno-dev to suppress it.
2026-10-03T01:58:47.3221275Z 
2026-10-03T01:58:47.3221570Z CMake Warning (dev) at /usr/local/share/cmake-3.31/Modules/FetchContent.cmake:1373 (message):
2026-10-03T01:58:47.3222167Z   The DOWNLOAD_EXTRACT_TIMESTAMP option was not given and policy CMP0135 is
2026-10-03T01:58:47.3222674Z   not set.  The policy's OLD behavior will be used.  When using a URL
2026-10-03T01:58:47.3223177Z   download, the timestamps of extracted files should preferably be that of
2026-10-03T01:58:47.3223691Z   the time of extraction, otherwise code that depends on the extracted
2026-10-03T01:58:47.3224177Z   contents might not be rebuilt if the URL changes.  The OLD behavior
2026-10-03T01:58:47.3224936Z   preserves the timestamps from the archive instead, but this is usually not
2026-10-03T01:58:47.3225691Z   what you want.  Update your project to the NEW behavior or specify the
2026-10-03T01:58:47.3226190Z   DOWNLOAD_EXTRACT_TIMESTAMP option with a value of true to avoid this
2026-10-03T01:58:47.3226582Z   robustness issue.
2026-10-03T01:58:47.3226843Z Call Stack (most recent call first):
2026-10-03T01:58:47.3227162Z   CMakeLists.txt:46 (FetchContent_Declare)
2026-10-03T01:58:47.3227578Z This warning is for project developers.  Use -Wno-dev to suppress it.
2026-10-03T01:58:47.3227878Z 
2026-10-03T01:58:47.3228164Z CMake Warning (dev) at /usr/local/share/cmake-3.31/Modules/FetchContent.cmake:1373 (message):
2026-10-03T01:58:47.3228765Z   The DOWNLOAD_EXTRACT_TIMESTAMP option was not given and policy CMP0135 is
2026-10-03T01:58:47.3229596Z   not set.  The policy's OLD behavior will be used.  When using a URL
2026-10-03T01:58:47.3230087Z   download, the timestamps of extracted files should preferably be that of
2026-10-03T01:58:47.3230605Z   the time of extraction, otherwise code that depends on the extracted
2026-10-03T01:58:47.3231244Z   contents might not be rebuilt if the URL changes.  The OLD behavior
2026-10-03T01:58:47.3231791Z   preserves the timestamps from the archive instead, but this is usually not
2026-10-03T01:58:47.3232308Z   what you want.  Update your project to the NEW behavior or specify the
2026-10-03T01:58:47.3232805Z   DOWNLOAD_EXTRACT_TIMESTAMP option with a value of true to avoid this
2026-10-03T01:58:47.3233374Z   robustness issue.
2026-10-03T01:58:47.3233655Z Call Stack (most recent call first):
2026-10-03T01:58:47.3233982Z   CMakeLists.txt:53 (FetchContent_Declare)
2026-10-03T01:58:47.3234390Z This warning is for project developers.  Use -Wno-dev to suppress it.
2026-10-03T01:58:47.3234692Z 
2026-10-03T01:58:47.3234984Z CMake Warning (dev) at /usr/local/share/cmake-3.31/Modules/FetchContent.cmake:1953 (message):
2026-10-03T01:58:47.3235539Z   Calling FetchContent_Populate(kissfft) is deprecated, call
2026-10-03T01:58:47.3236093Z   FetchContent_MakeAvailable(kissfft) instead.  Policy CMP0169 can be set to
2026-10-03T01:58:47.3236667Z   OLD to allow FetchContent_Populate(kissfft) to be called directly for now,
2026-10-03T01:58:47.3237195Z   but the ability to call it with declared details will be removed completely
2026-10-03T01:58:47.3237603Z   in a future version.
2026-10-03T01:58:47.3237866Z Call Stack (most recent call first):
2026-10-03T01:58:47.3238570Z   CMakeLists.txt:64 (FetchContent_Populate)
2026-10-03T01:58:47.3239583Z This warning is for project developers.  Use -Wno-dev to suppress it.
2026-10-03T01:58:47.3240393Z 
2026-10-03T01:58:48.1463451Z CMake Warning (dev) at /usr/local/share/cmake-3.31/Modules/FetchContent.cmake:1953 (message):
2026-10-03T01:58:48.1464088Z   Calling FetchContent_Populate(tflite_micro) is deprecated, call
2026-10-03T01:58:48.1464629Z   FetchContent_MakeAvailable(tflite_micro) instead.  Policy CMP0169 can be
2026-10-03T01:58:48.1465165Z   set to OLD to allow FetchContent_Populate(tflite_micro) to be called
2026-10-03T01:58:48.1465712Z   directly for now, but the ability to call it with declared details will be
2026-10-03T01:58:48.1466159Z   removed completely in a future version.
2026-10-03T01:58:48.1466488Z Call Stack (most recent call first):
2026-10-03T01:58:48.1466815Z   CMakeLists.txt:64 (FetchContent_Populate)
2026-10-03T01:58:48.1467249Z This warning is for project developers.  Use -Wno-dev to suppress it.
2026-10-03T01:58:48.1467548Z 
2026-10-03T01:58:49.6188696Z CMake Warning (dev) at /usr/local/share/cmake-3.31/Modules/FetchContent.cmake:1953 (message):
2026-10-03T01:58:49.6190095Z   Calling FetchContent_Populate(flatbuffers) is deprecated, call
2026-10-03T01:58:49.6191064Z   FetchContent_MakeAvailable(flatbuffers) instead.  Policy CMP0169 can be set
2026-10-03T01:58:49.6192054Z   to OLD to allow FetchContent_Populate(flatbuffers) to be called directly
2026-10-03T01:58:49.6193001Z   for now, but the ability to call it with declared details will be removed
2026-10-03T01:58:49.6193746Z   completely in a future version.
2026-10-03T01:58:49.6194277Z Call Stack (most recent call first):
2026-10-03T01:58:49.6194844Z   CMakeLists.txt:64 (FetchContent_Populate)
2026-10-03T01:58:49.6195615Z This warning is for project developers.  Use -Wno-dev to suppress it.
2026-10-03T01:58:49.6196172Z 
2026-10-03T01:58:50.7918706Z CMake Warning (dev) at /usr/local/share/cmake-3.31/Modules/FetchContent.cmake:1953 (message):
2026-10-03T01:58:50.7920008Z   Calling FetchContent_Populate(gemmlowp) is deprecated, call
2026-10-03T01:58:50.7920823Z   FetchContent_MakeAvailable(gemmlowp) instead.  Policy CMP0169 can be set to
2026-10-03T01:58:50.7921730Z   OLD to allow FetchContent_Populate(gemmlowp) to be called directly for now,
2026-10-03T01:58:50.7922591Z   but the ability to call it with declared details will be removed completely
2026-10-03T01:58:50.7923025Z   in a future version.
2026-10-03T01:58:50.7923293Z Call Stack (most recent call first):
2026-10-03T01:58:50.7923613Z   CMakeLists.txt:64 (FetchContent_Populate)
2026-10-03T01:58:50.7924038Z This warning is for project developers.  Use -Wno-dev to suppress it.
2026-10-03T01:58:50.7924352Z 
2026-10-03T01:58:51.7026909Z CMake Warning (dev) at /usr/local/share/cmake-3.31/Modules/FetchContent.cmake:1953 (message):
2026-10-03T01:58:51.7027927Z   Calling FetchContent_Populate(ruy) is deprecated, call
2026-10-03T01:58:51.7028786Z   FetchContent_MakeAvailable(ruy) instead.  Policy CMP0169 can be set to OLD
2026-10-03T01:58:51.7030296Z   to allow FetchContent_Populate(ruy) to be called directly for now, but the
2026-10-03T01:58:51.7030913Z   ability to call it with declared details will be removed completely in a
2026-10-03T01:58:51.7031327Z   future version.
2026-10-03T01:58:51.7031580Z Call Stack (most recent call first):
2026-10-03T01:58:51.7031906Z   CMakeLists.txt:64 (FetchContent_Populate)
2026-10-03T01:58:51.7032335Z This warning is for project developers.  Use -Wno-dev to suppress it.
2026-10-03T01:58:51.7032639Z 
2026-10-03T01:58:52.4555458Z -- Configuring done (5.6s)
2026-10-03T01:58:52.5026294Z -- Generating done (0.0s)
2026-10-03T01:58:52.5029562Z -- Build files have been written to: /tmp/keyword-native
2026-10-03T01:58:52.5257947Z [  1%] Building CXX object CMakeFiles/tflite_micro_frontend.dir/_deps/tflite_micro-src/tensorflow/lite/experimental/microfrontend/lib/fft.cc.o
2026-10-03T01:58:52.5294771Z [  2%] Building CXX object CMakeFiles/tflite_micro_interpreter.dir/_deps/tflite_micro-src/tensorflow/lite/micro/micro_interpreter.cc.o
2026-10-03T01:58:52.7298493Z [  3%] Building CXX object CMakeFiles/tflite_micro_frontend.dir/_deps/tflite_micro-src/tensorflow/lite/experimental/microfrontend/lib/fft_util.cc.o
2026-10-03T01:58:52.8738293Z [  4%] Building CXX object CMakeFiles/tflite_micro_frontend.dir/_deps/tflite_micro-src/tensorflow/lite/experimental/microfrontend/lib/kiss_fft_int16.cc.o
2026-10-03T01:58:53.4681493Z [  5%] Building C object CMakeFiles/tflite_micro_frontend.dir/_deps/tflite_micro-src/tensorflow/lite/experimental/microfrontend/lib/filterbank.c.o
2026-10-03T01:58:53.5543199Z [  6%] Building C object CMakeFiles/tflite_micro_frontend.dir/_deps/tflite_micro-src/tensorflow/lite/experimental/microfrontend/lib/filterbank_util.c.o
2026-10-03T01:58:53.6501019Z [  7%] Building C object CMakeFiles/tflite_micro_frontend.dir/_deps/tflite_micro-src/tensorflow/lite/experimental/microfrontend/lib/frontend.c.o
2026-10-03T01:58:53.6783016Z [  8%] Building C object CMakeFiles/tflite_micro_frontend.dir/_deps/tflite_micro-src/tensorflow/lite/experimental/microfrontend/lib/frontend_util.c.o
2026-10-03T01:58:53.7169349Z [  9%] Building C object CMakeFiles/tflite_micro_frontend.dir/_deps/tflite_micro-src/tensorflow/lite/experimental/microfrontend/lib/log_lut.c.o
2026-10-03T01:58:53.7285454Z [ 10%] Building C object CMakeFiles/tflite_micro_frontend.dir/_deps/tflite_micro-src/tensorflow/lite/experimental/microfrontend/lib/log_scale.c.o
2026-10-03T01:58:53.7712249Z [ 11%] Building C object CMakeFiles/tflite_micro_frontend.dir/_deps/tflite_micro-src/tensorflow/lite/experimental/microfrontend/lib/log_scale_util.c.o
2026-10-03T01:58:53.7928230Z [ 12%] Building C object CMakeFiles/tflite_micro_frontend.dir/_deps/tflite_micro-src/tensorflow/lite/experimental/microfrontend/lib/noise_reduction.c.o
2026-10-03T01:58:53.8228600Z [ 13%] Building C object CMakeFiles/tflite_micro_frontend.dir/_deps/tflite_micro-src/tensorflow/lite/experimental/microfrontend/lib/noise_reduction_util.c.o
2026-10-03T01:58:53.8514534Z [ 14%] Building C object CMakeFiles/tflite_micro_frontend.dir/_deps/tflite_micro-src/tensorflow/lite/experimental/microfrontend/lib/pcan_gain_control.c.o
2026-10-03T01:58:53.8820786Z [ 15%] Building C object CMakeFiles/tflite_micro_frontend.dir/_deps/tflite_micro-src/tensorflow/lite/experimental/microfrontend/lib/pcan_gain_control_util.c.o
2026-10-03T01:58:53.9275700Z [ 16%] Building C object CMakeFiles/tflite_micro_frontend.dir/_deps/tflite_micro-src/tensorflow/lite/experimental/microfrontend/lib/window.c.o
2026-10-03T01:58:53.9755220Z [ 17%] Building C object CMakeFiles/tflite_micro_frontend.dir/_deps/tflite_micro-src/tensorflow/lite/experimental/microfrontend/lib/window_util.c.o
2026-10-03T01:58:54.0180555Z [ 18%] Linking CXX static library libtflite_micro_frontend.a
2026-10-03T01:58:54.6319312Z [ 18%] Built target tflite_micro_frontend
2026-10-03T01:58:54.6342503Z [ 19%] Building CXX object CMakeFiles/tflite_micro_interpreter.dir/_deps/tflite_micro-src/tensorflow/lite/micro/micro_allocator.cc.o
2026-10-03T01:58:55.0994541Z [ 20%] Building CXX object CMakeFiles/tflite_micro_interpreter.dir/_deps/tflite_micro-src/tensorflow/lite/micro/micro_context.cc.o
2026-10-03T01:58:57.1533253Z [ 21%] Building CXX object CMakeFiles/tflite_micro_interpreter.dir/_deps/tflite_micro-src/tensorflow/lite/micro/micro_op_resolver.cc.o
2026-10-03T01:58:57.8101458Z [ 22%] Building CXX object CMakeFiles/tflite_micro_interpreter.dir/_deps/tflite_micro-src/tensorflow/lite/micro/micro_utils.cc.o
2026-10-03T01:58:59.2247648Z [ 23%] Building CXX object CMakeFiles/tflite_micro_interpreter.dir/_deps/tflite_micro-src/tensorflow/lite/micro/micro_log.cc.o
2026-10-03T01:58:59.2516995Z [ 24%] Building CXX object CMakeFiles/tflite_micro_interpreter.dir/_deps/tflite_micro-src/tensorflow/lite/micro/flatbuffer_utils.cc.o
2026-10-03T01:58:59.9980619Z [ 25%] Building CXX object CMakeFiles/tflite_micro_interpreter.dir/_deps/tflite_micro-src/tensorflow/lite/micro/memory_helpers.cc.o
2026-10-03T01:59:01.5358322Z [ 26%] Building CXX object CMakeFiles/tflite_micro_interpreter.dir/_deps/tflite_micro-src/tensorflow/lite/micro/micro_allocation_info.cc.o
2026-10-03T01:59:02.1282274Z [ 27%] Building CXX object CMakeFiles/tflite_micro_interpreter.dir/_deps/tflite_micro-src/tensorflow/lite/micro/micro_interpreter_context.cc.o
2026-10-03T01:59:03.9587285Z [ 28%] Building CXX object CMakeFiles/tflite_micro_interpreter.dir/_deps/tflite_micro-src/tensorflow/lite/micro/micro_interpreter_graph.cc.o
2026-10-03T01:59:04.4816757Z [ 29%] Building CXX object CMakeFiles/tflite_micro_interpreter.dir/_deps/tflite_micro-src/tensorflow/lite/micro/micro_resource_variable.cc.o
2026-10-03T01:59:06.3495356Z [ 30%] Building CXX object CMakeFiles/tflite_micro_interpreter.dir/_deps/tflite_micro-src/tensorflow/lite/micro/micro_profiler.cc.o
2026-10-03T01:59:06.5897884Z [ 31%] Building CXX object CMakeFiles/tflite_micro_interpreter.dir/_deps/tflite_micro-src/tensorflow/lite/micro/micro_time.cc.o
2026-10-03T01:59:06.6091318Z [ 32%] Building CXX object CMakeFiles/tflite_micro_interpreter.dir/_deps/tflite_micro-src/tensorflow/lite/micro/system_setup.cc.o
2026-10-03T01:59:06.6235125Z [ 33%] Building CXX object CMakeFiles/tflite_micro_interpreter.dir/_deps/tflite_micro-src/tensorflow/lite/micro/fake_micro_context.cc.o
2026-10-03T01:59:06.8269423Z [ 34%] Building CXX object CMakeFiles/tflite_micro_interpreter.dir/_deps/tflite_micro-src/tensorflow/lite/micro/debug_log.cc.o
2026-10-03T01:59:06.8531065Z [ 35%] Building CXX object CMakeFiles/tflite_micro_interpreter.dir/_deps/tflite_micro-src/tensorflow/lite/micro/arena_allocator/single_arena_buffer_allocator.cc.o
2026-10-03T01:59:08.9303808Z [ 36%] Building CXX object CMakeFiles/tflite_micro_interpreter.dir/_deps/tflite_micro-src/tensorflow/lite/micro/arena_allocator/non_persistent_arena_buffer_allocator.cc.o
2026-10-03T01:59:08.9953580Z [ 37%] Building CXX object CMakeFiles/tflite_micro_interpreter.dir/_deps/tflite_micro-src/tensorflow/lite/micro/arena_allocator/persistent_arena_buffer_allocator.cc.o
2026-10-03T01:59:10.9975137Z [ 38%] Building CXX object CMakeFiles/tflite_micro_interpreter.dir/_deps/tflite_micro-src/tensorflow/lite/micro/memory_planner/greedy_memory_planner.cc.o
2026-10-03T01:59:11.0766997Z [ 39%] Building CXX object CMakeFiles/tflite_micro_interpreter.dir/_deps/tflite_micro-src/tensorflow/lite/micro/memory_planner/linear_memory_planner.cc.o
2026-10-03T01:59:11.1225979Z [ 40%] Building CXX object CMakeFiles/tflite_micro_interpreter.dir/_deps/tflite_micro-src/tensorflow/lite/micro/memory_planner/non_persistent_buffer_planner_shim.cc.o
2026-10-03T01:59:11.1537905Z [ 41%] Building CXX object CMakeFiles/tflite_micro_interpreter.dir/_deps/tflite_micro-src/tensorflow/lite/micro/tflite_bridge/micro_error_reporter.cc.o
2026-10-03T01:59:11.1783768Z [ 42%] Building CXX object CMakeFiles/tflite_micro_interpreter.dir/_deps/tflite_micro-src/tensorflow/lite/micro/tflite_bridge/flatbuffer_conversions_bridge.cc.o
2026-10-03T01:59:11.2837944Z [ 43%] Building CXX object CMakeFiles/tflite_micro_interpreter.dir/_deps/tflite_micro-src/tensorflow/compiler/mlir/lite/core/api/error_reporter.cc.o
2026-10-03T01:59:11.3074506Z [ 44%] Building CXX object CMakeFiles/tflite_micro_interpreter.dir/_deps/tflite_micro-src/tensorflow/lite/core/c/common.cc.o
2026-10-03T01:59:11.3667508Z [ 45%] Building CXX object CMakeFiles/tflite_micro_interpreter.dir/_deps/tflite_micro-src/tensorflow/lite/core/api/flatbuffer_conversions.cc.o
2026-10-03T01:59:13.2309313Z [ 46%] Building CXX object CMakeFiles/tflite_micro_interpreter.dir/_deps/tflite_micro-src/tensorflow/lite/core/api/tensor_utils.cc.o
2026-10-03T01:59:13.2697836Z [ 47%] Building CXX object CMakeFiles/tflite_micro_interpreter.dir/_deps/tflite_micro-src/tensorflow/lite/kernels/kernel_util.cc.o
2026-10-03T01:59:13.7110449Z [ 48%] Building CXX object CMakeFiles/tflite_micro_interpreter.dir/_deps/tflite_micro-src/tensorflow/lite/kernels/internal/common.cc.o
2026-10-03T01:59:13.9851044Z [ 49%] Building CXX object CMakeFiles/tflite_micro_interpreter.dir/_deps/tflite_micro-src/tensorflow/lite/kernels/internal/quantization_util.cc.o
2026-10-03T01:59:14.1912856Z [ 50%] Building CXX object CMakeFiles/tflite_micro_interpreter.dir/_deps/tflite_micro-src/tensorflow/lite/kernels/internal/portable_tensor_utils.cc.o
2026-10-03T01:59:14.4535814Z [ 51%] Building CXX object CMakeFiles/tflite_micro_interpreter.dir/_deps/tflite_micro-src/tensorflow/lite/kernels/internal/tensor_ctypes.cc.o
2026-10-03T01:59:14.5837953Z [ 52%] Building CXX object CMakeFiles/tflite_micro_interpreter.dir/_deps/tflite_micro-src/tensorflow/lite/kernels/internal/runtime_shape.cc.o
2026-10-03T01:59:14.6142418Z [ 53%] Building CXX object CMakeFiles/tflite_micro_interpreter.dir/_deps/tflite_micro-src/tensorflow/lite/kernels/internal/reference/portable_tensor_utils.cc.o
2026-10-03T01:59:14.8854746Z [ 54%] Building CXX object CMakeFiles/tflite_micro_interpreter.dir/_deps/tflite_micro-src/tensorflow/compiler/mlir/lite/schema/schema_utils.cc.o
2026-10-03T01:59:15.7044023Z [ 55%] Building CXX object CMakeFiles/tflite_micro_interpreter.dir/_deps/tflite_micro-src/tensorflow/lite/micro/kernels/conv.cc.o
2026-10-03T01:59:17.0880554Z [ 56%] Building CXX object CMakeFiles/tflite_micro_interpreter.dir/_deps/tflite_micro-src/tensorflow/lite/micro/kernels/conv_common.cc.o
2026-10-03T01:59:18.3735497Z [ 57%] Building CXX object CMakeFiles/tflite_micro_interpreter.dir/_deps/tflite_micro-src/tensorflow/lite/micro/kernels/depthwise_conv.cc.o
2026-10-03T01:59:19.4715995Z [ 58%] Building CXX object CMakeFiles/tflite_micro_interpreter.dir/_deps/tflite_micro-src/tensorflow/lite/micro/kernels/depthwise_conv_common.cc.o
2026-10-03T01:59:20.8332627Z [ 59%] Building CXX object CMakeFiles/tflite_micro_interpreter.dir/_deps/tflite_micro-src/tensorflow/lite/micro/kernels/fully_connected.cc.o
2026-10-03T01:59:21.9482473Z [ 60%] Building CXX object CMakeFiles/tflite_micro_interpreter.dir/_deps/tflite_micro-src/tensorflow/lite/micro/kernels/fully_connected_common.cc.o
2026-10-03T01:59:23.5133833Z [ 61%] Building CXX object CMakeFiles/tflite_micro_interpreter.dir/_deps/tflite_micro-src/tensorflow/lite/micro/kernels/pooling.cc.o
2026-10-03T01:59:24.3437307Z [ 62%] Building CXX object CMakeFiles/tflite_micro_interpreter.dir/_deps/tflite_micro-src/tensorflow/lite/micro/kernels/pooling_common.cc.o
2026-10-03T01:59:25.9607055Z [ 63%] Building CXX object CMakeFiles/tflite_micro_interpreter.dir/_deps/tflite_micro-src/tensorflow/lite/micro/kernels/reshape.cc.o
2026-10-03T01:59:26.7842218Z [ 64%] Building CXX object CMakeFiles/tflite_micro_interpreter.dir/_deps/tflite_micro-src/tensorflow/lite/micro/kernels/reshape_common.cc.o
2026-10-03T01:59:28.2620918Z [ 65%] Building CXX object CMakeFiles/tflite_micro_interpreter.dir/_deps/tflite_micro-src/tensorflow/lite/micro/kernels/softmax.cc.o
2026-10-03T01:59:29.1477110Z [ 66%] Building CXX object CMakeFiles/tflite_micro_interpreter.dir/_deps/tflite_micro-src/tensorflow/lite/micro/kernels/softmax_common.cc.o
2026-10-03T01:59:30.8392241Z [ 67%] Building CXX object CMakeFiles/tflite_micro_interpreter.dir/_deps/tflite_micro-src/tensorflow/lite/micro/kernels/logistic.cc.o
2026-10-03T01:59:31.5573912Z [ 68%] Building CXX object CMakeFiles/tflite_micro_interpreter.dir/_deps/tflite_micro-src/tensorflow/lite/micro/kernels/logistic_common.cc.o
2026-10-03T01:59:33.2884121Z [ 69%] Building CXX object CMakeFiles/tflite_micro_interpreter.dir/_deps/tflite_micro-src/tensorflow/lite/micro/kernels/add.cc.o
2026-10-03T01:59:33.9092367Z [ 70%] Building CXX object CMakeFiles/tflite_micro_interpreter.dir/_deps/tflite_micro-src/tensorflow/lite/micro/kernels/add_common.cc.o
2026-10-03T01:59:36.2258671Z [ 71%] Building CXX object CMakeFiles/tflite_micro_interpreter.dir/_deps/tflite_micro-src/tensorflow/lite/micro/kernels/mul.cc.o
2026-10-03T01:59:36.2714327Z [ 72%] Building CXX object CMakeFiles/tflite_micro_interpreter.dir/_deps/tflite_micro-src/tensorflow/lite/micro/kernels/mul_common.cc.o
2026-10-03T01:59:38.5546872Z [ 73%] Building CXX object CMakeFiles/tflite_micro_interpreter.dir/_deps/tflite_micro-src/tensorflow/lite/micro/kernels/quantize.cc.o
2026-10-03T01:59:39.0668737Z [ 74%] Building CXX object CMakeFiles/tflite_micro_interpreter.dir/_deps/tflite_micro-src/tensorflow/lite/micro/kernels/quantize_common.cc.o
2026-10-03T01:59:40.8569636Z [ 75%] Building CXX object CMakeFiles/tflite_micro_interpreter.dir/_deps/tflite_micro-src/tensorflow/lite/micro/kernels/dequantize.cc.o
2026-10-03T01:59:41.5270875Z [ 76%] Building CXX object CMakeFiles/tflite_micro_interpreter.dir/_deps/tflite_micro-src/tensorflow/lite/micro/kernels/dequantize_common.cc.o
2026-10-03T01:59:43.2251511Z [ 77%] Building CXX object CMakeFiles/tflite_micro_interpreter.dir/_deps/tflite_micro-src/tensorflow/lite/micro/kernels/activations.cc.o
2026-10-03T01:59:43.8900980Z [ 78%] Building CXX object CMakeFiles/tflite_micro_interpreter.dir/_deps/tflite_micro-src/tensorflow/lite/micro/kernels/activations_common.cc.o
2026-10-03T01:59:45.6137822Z [ 79%] Building CXX object CMakeFiles/tflite_micro_interpreter.dir/_deps/tflite_micro-src/tensorflow/lite/micro/kernels/pad.cc.o
2026-10-03T01:59:46.3197419Z [ 80%] Building CXX object CMakeFiles/tflite_micro_interpreter.dir/_deps/tflite_micro-src/tensorflow/lite/micro/kernels/pad_common.cc.o
2026-10-03T01:59:48.2392963Z [ 81%] Building CXX object CMakeFiles/tflite_micro_interpreter.dir/_deps/tflite_micro-src/tensorflow/lite/micro/kernels/concatenation.cc.o
2026-10-03T01:59:48.7102070Z [ 82%] Building CXX object CMakeFiles/tflite_micro_interpreter.dir/_deps/tflite_micro-src/tensorflow/lite/micro/kernels/strided_slice.cc.o
2026-10-03T01:59:50.7423444Z [ 83%] Building CXX object CMakeFiles/tflite_micro_interpreter.dir/_deps/tflite_micro-src/tensorflow/lite/micro/kernels/strided_slice_common.cc.o
2026-10-03T01:59:51.6741312Z [ 84%] Building CXX object CMakeFiles/tflite_micro_interpreter.dir/_deps/tflite_micro-src/tensorflow/lite/micro/kernels/pack.cc.o
2026-10-03T01:59:53.1405894Z [ 85%] Building CXX object CMakeFiles/tflite_micro_interpreter.dir/_deps/tflite_micro-src/tensorflow/lite/micro/kernels/unpack.cc.o
2026-10-03T01:59:54.1092212Z [ 86%] Building CXX object CMakeFiles/tflite_micro_interpreter.dir/_deps/tflite_micro-src/tensorflow/lite/micro/kernels/kernel_util.cc.o
2026-10-03T01:59:55.5958547Z [ 87%] Building CXX object CMakeFiles/tflite_micro_interpreter.dir/_deps/tflite_micro-src/tensorflow/lite/micro/kernels/micro_tensor_utils.cc.o
2026-10-03T01:59:55.8894800Z [ 88%] Building CXX object CMakeFiles/tflite_micro_interpreter.dir/_deps/tflite_micro-src/tensorflow/lite/micro/kernels/call_once.cc.o
2026-10-03T01:59:56.4512338Z [ 89%] Building CXX object CMakeFiles/tflite_micro_interpreter.dir/_deps/tflite_micro-src/tensorflow/lite/micro/kernels/var_handle.cc.o
2026-10-03T01:59:58.2417106Z [ 90%] Building CXX object CMakeFiles/tflite_micro_interpreter.dir/_deps/tflite_micro-src/tensorflow/lite/micro/kernels/read_variable.cc.o
2026-10-03T01:59:58.7510645Z [ 91%] Building CXX object CMakeFiles/tflite_micro_interpreter.dir/_deps/tflite_micro-src/tensorflow/lite/micro/kernels/assign_variable.cc.o
2026-10-03T02:00:00.5851203Z [ 92%] Building CXX object CMakeFiles/tflite_micro_interpreter.dir/_deps/tflite_micro-src/tensorflow/lite/micro/kernels/split_v.cc.o
2026-10-03T02:00:01.0634558Z [ 93%] Building CXX object CMakeFiles/tflite_micro_interpreter.dir/_deps/tflite_micro-src/tensorflow/lite/micro/kernels/reduce.cc.o
2026-10-03T02:00:03.0113467Z [ 94%] Building CXX object CMakeFiles/tflite_micro_interpreter.dir/_deps/tflite_micro-src/tensorflow/lite/micro/kernels/reduce_common.cc.o
2026-10-03T02:00:05.6709310Z [ 95%] Linking CXX static library libtflite_micro_interpreter.a
2026-10-03T02:00:05.8110838Z [ 95%] Built target tflite_micro_interpreter
2026-10-03T02:00:05.8163322Z [ 96%] Building CXX object CMakeFiles/microwakeword_test.dir/home/runner/work/Jarvis-OS-V2/Jarvis-OS-V2/scripts/microwakeword_test.cpp.o
2026-10-03T02:00:05.8164857Z [ 97%] Building CXX object CMakeFiles/microwakeword_test.dir/MicroWakeWordEngine.cpp.o
2026-10-03T02:00:08.2929654Z [ 98%] Building CXX object CMakeFiles/microwakeword_test.dir/MicroFrontendWrapper.cpp.o
2026-10-03T02:00:09.7186002Z [100%] Linking CXX executable microwakeword_test
2026-10-03T02:00:09.7839933Z [100%] Built target microwakeword_test
2026-10-03T02:00:09.8430756Z hey_jarvis: native model initialized, 5 seconds processed, no silence trigger
2026-10-03T02:00:09.8432123Z stop: native model initialized, 5 seconds processed, no silence trigger
2026-10-03T02:00:09.8511943Z ##[group]Run python3 -m unittest discover -s scripts -p 'test_*.py'
2026-10-03T02:00:09.8512519Z [36;1mpython3 -m unittest discover -s scripts -p 'test_*.py'[0m
2026-10-03T02:00:09.8574250Z shell: /usr/bin/bash -e {0}
2026-10-03T02:00:09.8574552Z env:
2026-10-03T02:00:09.8574909Z   JAVA_HOME: /opt/hostedtoolcache/Java_Temurin-Hotspot_jdk/21.0.12-1/x64
2026-10-03T02:00:09.8575459Z   JAVA_HOME_21_X64: /opt/hostedtoolcache/Java_Temurin-Hotspot_jdk/21.0.12-1/x64
2026-10-03T02:00:09.8575944Z   GRADLE_ACTION_ID: gradle/actions/setup-gradle
2026-10-03T02:00:09.8576298Z   GRADLE_USER_HOME: /home/runner/.gradle
2026-10-03T02:00:09.8576624Z   GRADLE_BUILD_ACTION_SETUP_COMPLETED: true
2026-10-03T02:00:09.8576949Z   GRADLE_BUILD_ACTION_CACHE_RESTORED: true
2026-10-03T02:00:09.8577419Z   DEVELOCITY_INJECTION_INIT_SCRIPT_NAME: gradle-actions.inject-develocity.init.gradle
2026-10-03T02:00:09.8577955Z   DEVELOCITY_INJECTION_CUSTOM_VALUE: gradle-actions
2026-10-03T02:00:09.8578344Z   GITHUB_DEPENDENCY_GRAPH_ENABLED: false
2026-10-03T02:00:09.8578643Z ##[endgroup]
2026-10-03T02:00:11.1063400Z .......................
2026-10-03T02:00:11.1064011Z ----------------------------------------------------------------------
2026-10-03T02:00:11.1064620Z Ran 23 tests in 1.143s
2026-10-03T02:00:11.1064864Z 
2026-10-03T02:00:11.1065003Z OK
2026-10-03T02:00:11.1070293Z Compact APK preserves identical native, DEX and asset payloads.
2026-10-03T02:00:11.1205539Z ##[group]Run test -n "$ANDROID_KEYSTORE_BASE64"
2026-10-03T02:00:11.1205970Z [36;1mtest -n "$ANDROID_KEYSTORE_BASE64"[0m
2026-10-03T02:00:11.1206336Z [36;1mtest -n "$ANDROID_KEYSTORE_PASSWORD"[0m
2026-10-03T02:00:11.1206674Z [36;1mtest -n "$ANDROID_KEY_ALIAS"[0m
2026-10-03T02:00:11.1206980Z [36;1mtest -n "$ANDROID_KEY_PASSWORD"[0m
2026-10-03T02:00:11.1207763Z [36;1mecho "$ANDROID_KEYSTORE_BASE64" | base64 --decode > "$RUNNER_TEMP/***.keystore"[0m
2026-10-03T02:00:11.1269507Z shell: /usr/bin/bash -e {0}
2026-10-03T02:00:11.1269787Z env:
2026-10-03T02:00:11.1270127Z   JAVA_HOME: /opt/hostedtoolcache/Java_Temurin-Hotspot_jdk/21.0.12-1/x64
2026-10-03T02:00:11.1270664Z   JAVA_HOME_21_X64: /opt/hostedtoolcache/Java_Temurin-Hotspot_jdk/21.0.12-1/x64
2026-10-03T02:00:11.1271127Z   GRADLE_ACTION_ID: gradle/actions/setup-gradle
2026-10-03T02:00:11.1271470Z   GRADLE_USER_HOME: /home/runner/.gradle
2026-10-03T02:00:11.1271790Z   GRADLE_BUILD_ACTION_SETUP_COMPLETED: true
2026-10-03T02:00:11.1272147Z   GRADLE_BUILD_ACTION_CACHE_RESTORED: true
2026-10-03T02:00:11.1272615Z   DEVELOCITY_INJECTION_INIT_SCRIPT_NAME: gradle-actions.inject-develocity.init.gradle
2026-10-03T02:00:11.1273128Z   DEVELOCITY_INJECTION_CUSTOM_VALUE: gradle-actions
2026-10-03T02:00:11.1273469Z   GITHUB_DEPENDENCY_GRAPH_ENABLED: false
2026-10-03T02:00:11.1293251Z   ANDROID_KEYSTORE_BASE64: ***
2026-10-03T02:00:11.1293700Z   ANDROID_KEYSTORE_PASSWORD: ***
2026-10-03T02:00:11.1294015Z   ANDROID_KEY_ALIAS: ***
2026-10-03T02:00:11.1294405Z   ANDROID_KEY_PASSWORD: ***
2026-10-03T02:00:11.1294674Z ##[endgroup]
2026-10-03T02:00:11.1418784Z ##[group]Run gradle --no-daemon testReleaseUnitTest assembleRelease assembleReleaseAndroidTest
2026-10-03T02:00:11.1419870Z [36;1mgradle --no-daemon testReleaseUnitTest assembleRelease assembleReleaseAndroidTest[0m
2026-10-03T02:00:11.1474565Z shell: /usr/bin/bash -e {0}
2026-10-03T02:00:11.1474855Z env:
2026-10-03T02:00:11.1475202Z   JAVA_HOME: /opt/hostedtoolcache/Java_Temurin-Hotspot_jdk/21.0.12-1/x64
2026-10-03T02:00:11.1475803Z   JAVA_HOME_21_X64: /opt/hostedtoolcache/Java_Temurin-Hotspot_jdk/21.0.12-1/x64
2026-10-03T02:00:11.1476306Z   GRADLE_ACTION_ID: gradle/actions/setup-gradle
2026-10-03T02:00:11.1476676Z   GRADLE_USER_HOME: /home/runner/.gradle
2026-10-03T02:00:11.1477013Z   GRADLE_BUILD_ACTION_SETUP_COMPLETED: true
2026-10-03T02:00:11.1477355Z   GRADLE_BUILD_ACTION_CACHE_RESTORED: true
2026-10-03T02:00:11.1477840Z   DEVELOCITY_INJECTION_INIT_SCRIPT_NAME: gradle-actions.inject-develocity.init.gradle
2026-10-03T02:00:11.1478576Z   DEVELOCITY_INJECTION_CUSTOM_VALUE: gradle-actions
2026-10-03T02:00:11.1479198Z   GITHUB_DEPENDENCY_GRAPH_ENABLED: false
2026-10-03T02:00:11.1479698Z   ANDROID_KEYSTORE_PATH: /home/runner/work/_temp/***.keystore
2026-10-03T02:00:11.1480267Z   ANDROID_KEYSTORE_PASSWORD: ***
2026-10-03T02:00:11.1480596Z   ANDROID_KEY_ALIAS: ***
2026-10-03T02:00:11.1480991Z   ANDROID_KEY_PASSWORD: ***
2026-10-03T02:00:11.1481274Z   ANDROID_VERSION_CODE: 901
2026-10-03T02:00:11.1481555Z   ANDROID_VERSION_NAME: 0.1.0-build.901
2026-10-03T02:00:11.1481858Z ##[endgroup]
2026-10-03T02:00:11.8021716Z To honour the JVM settings for this build a single-use Daemon process will be forked. For more on this, please refer to https://docs.gradle.org/8.10.2/userguide/gradle_daemon.html#sec:disabling_the_daemon in the Gradle documentation.
2026-10-03T02:00:12.9014107Z Daemon will be stopped at the end of the build 
2026-10-03T02:01:11.6026469Z > Task :app:buildKotlinToolingMetadata
2026-10-03T02:01:11.6028078Z > Task :app:checkKotlinGradlePluginConfigurationErrors SKIPPED
2026-10-03T02:01:12.4011289Z > Task :app:extractMoonshine
2026-10-03T02:01:13.9009726Z > Task :app:extractSherpa
2026-10-03T02:01:18.8012116Z 
2026-10-03T02:01:18.8013160Z > Task :app:buildSherpa
2026-10-03T02:01:18.8013727Z -- CMake version: 3.31.6
2026-10-03T02:01:18.8015341Z CMake Deprecation Warning at /usr/local/lib/android/sdk/ndk/27.2.12479018/build/cmake/android.toolchain.cmake:35 (cmake_minimum_required):
2026-10-03T02:01:18.8017448Z   Compatibility with CMake < 3.10 will be removed from a future version of
2026-10-03T02:01:18.8018227Z   CMake.
2026-10-03T02:01:18.8018445Z 
2026-10-03T02:01:18.8018850Z   Update the VERSION argument <min> value.  Or, use the <min>...<max> syntax
2026-10-03T02:01:18.8020088Z   to tell CMake that the project requires at least <min> but has been updated
2026-10-03T02:01:18.8020971Z   to work with policies introduced by <max> or earlier.
2026-10-03T02:01:18.8021626Z Call Stack (most recent call first):
2026-10-03T02:01:18.8022734Z   /usr/local/share/cmake-3.31/Modules/CMakeDetermineSystem.cmake:146 (include)
2026-10-03T02:01:18.8024648Z   CMakeLists.txt:26 (project)
2026-10-03T02:01:18.8025023Z 
2026-10-03T02:01:18.8025032Z 
2026-10-03T02:01:18.8025949Z CMake Deprecation Warning at /usr/local/lib/android/sdk/ndk/27.2.12479018/build/cmake/android-legacy.toolchain.cmake:35 (cmake_minimum_required):
2026-10-03T02:01:18.8027472Z   Compatibility with CMake < 3.10 will be removed from a future version of
2026-10-03T02:01:18.8028251Z   CMake.
2026-10-03T02:01:18.8028471Z 
2026-10-03T02:01:18.8028891Z   Update the VERSION argument <min> value.  Or, use the <min>...<max> syntax
2026-10-03T02:01:18.8030254Z   to tell CMake that the project requires at least <min> but has been updated
2026-10-03T02:01:18.8031102Z   to work with policies introduced by <max> or earlier.
2026-10-03T02:01:18.8031744Z Call Stack (most recent call first):
2026-10-03T02:01:18.8032613Z   /usr/local/lib/android/sdk/ndk/27.2.12479018/build/cmake/android.toolchain.cmake:55 (include)
2026-10-03T02:01:18.8034299Z   /usr/local/share/cmake-3.31/Modules/CMakeDetermineSystem.cmake:146 (include)
2026-10-03T02:01:18.8035261Z   CMakeLists.txt:26 (project)
2026-10-03T02:01:18.8035671Z 
2026-10-03T02:01:18.8035909Z 
2026-10-03T02:01:18.8036744Z CMake Deprecation Warning at /usr/local/lib/android/sdk/ndk/27.2.12479018/build/cmake/android.toolchain.cmake:35 (cmake_minimum_required):
2026-10-03T02:01:18.8038102Z   Compatibility with CMake < 3.10 will be removed from a future version of
2026-10-03T02:01:18.8038794Z   CMake.
2026-10-03T02:01:18.8039232Z 
2026-10-03T02:01:18.8039627Z   Update the VERSION argument <min> value.  Or, use the <min>...<max> syntax
2026-10-03T02:01:18.8040569Z   to tell CMake that the project requires at least <min> but has been updated
2026-10-03T02:01:18.8041388Z   to work with policies introduced by <max> or earlier.
2026-10-03T02:01:18.8042012Z Call Stack (most recent call first):
2026-10-03T02:01:18.8043466Z   /home/runner/work/Jarvis-OS-V2/Jarvis-OS-V2/app/build/sherpa-native/cmake/CMakeFiles/3.31.6/CMakeSystem.cmake:6 (include)
2026-10-03T02:01:18.8044541Z   CMakeLists.txt:26 (project)
2026-10-03T02:01:18.8044852Z 
2026-10-03T02:01:18.8044859Z 
2026-10-03T02:01:18.9009492Z -- The C compiler identification is Clang 18.0.3
2026-10-03T02:01:19.0007944Z -- The CXX compiler identification is Clang 18.0.3
2026-10-03T02:01:19.1010032Z CMake Deprecation Warning at /usr/local/lib/android/sdk/ndk/27.2.12479018/build/cmake/flags.cmake:18 (cmake_minimum_required):
2026-10-03T02:01:19.1011421Z   Compatibility with CMake < 3.10 will be removed from a future version of
2026-10-03T02:01:19.1012168Z   CMake.
2026-10-03T02:01:19.1012391Z 
2026-10-03T02:01:19.1012771Z   Update the VERSION argument <min> value.  Or, use the <min>...<max> syntax
2026-10-03T02:01:19.1013517Z   to tell CMake that the project requires at least <min> but has been updated
2026-10-03T02:01:19.1013999Z   to work with policies introduced by <max> or earlier.
2026-10-03T02:01:19.1014383Z Call Stack (most recent call first):
2026-10-03T02:01:19.1014828Z   /usr/local/share/cmake-3.31/Modules/Platform/Android-Clang.cmake:23 (include)
2026-10-03T02:01:19.1016630Z   /usr/local/share/cmake-3.31/Modules/Platform/Android-Clang-C.cmake:1 (include)
2026-10-03T02:01:19.1017773Z   /usr/local/share/cmake-3.31/Modules/CMakeCInformation.cmake:48 (include)
2026-10-03T02:01:19.1031652Z   CMakeLists.txt:26 (project)
2026-10-03T02:01:19.1032032Z 
2026-10-03T02:01:19.1032283Z 
2026-10-03T02:01:19.1033347Z CMake Deprecation Warning at /usr/local/lib/android/sdk/ndk/27.2.12479018/build/cmake/android.toolchain.cmake:35 (cmake_minimum_required):
2026-10-03T02:01:19.1034354Z   Compatibility with CMake < 3.10 will be removed from a future version of
2026-10-03T02:01:19.1035040Z   CMake.
2026-10-03T02:01:19.1035402Z 
2026-10-03T02:01:19.1035824Z   Update the VERSION argument <min> value.  Or, use the <min>...<max> syntax
2026-10-03T02:01:19.1036774Z   to tell CMake that the project requires at least <min> but has been updated
2026-10-03T02:01:19.1037612Z   to work with policies introduced by <max> or earlier.
2026-10-03T02:01:19.1038233Z Call Stack (most recent call first):
2026-10-03T02:01:19.1039531Z   /home/runner/work/Jarvis-OS-V2/Jarvis-OS-V2/app/build/sherpa-native/cmake/CMakeFiles/3.31.6/CMakeSystem.cmake:6 (include)
2026-10-03T02:01:19.1041283Z   /home/runner/work/Jarvis-OS-V2/Jarvis-OS-V2/app/build/sherpa-native/cmake/CMakeFiles/CMakeScratch/TryCompile-X8vSvc/CMakeLists.txt:4 (project)
2026-10-03T02:01:19.1041944Z 
2026-10-03T02:01:19.1041949Z 
2026-10-03T02:01:19.1042425Z CMake Deprecation Warning at /usr/local/lib/android/sdk/ndk/27.2.12479018/build/cmake/android-legacy.toolchain.cmake:35 (cmake_minimum_required):
2026-10-03T02:01:19.1043205Z   Compatibility with CMake < 3.10 will be removed from a future version of
2026-10-03T02:01:19.1043600Z   CMake.
2026-10-03T02:01:19.1043717Z 
2026-10-03T02:01:19.1043932Z   Update the VERSION argument <min> value.  Or, use the <min>...<max> syntax
2026-10-03T02:01:19.1044695Z   to tell CMake that the project requires at least <min> but has been updated
2026-10-03T02:01:19.1045186Z   to work with policies introduced by <max> or earlier.
2026-10-03T02:01:19.1045544Z Call Stack (most recent call first):
2026-10-03T02:01:19.1046025Z   /usr/local/lib/android/sdk/ndk/27.2.12479018/build/cmake/android.toolchain.cmake:55 (include)
2026-10-03T02:01:19.1046800Z   /home/runner/work/Jarvis-OS-V2/Jarvis-OS-V2/app/build/sherpa-native/cmake/CMakeFiles/3.31.6/CMakeSystem.cmake:6 (include)
2026-10-03T02:01:19.1047765Z   /home/runner/work/Jarvis-OS-V2/Jarvis-OS-V2/app/build/sherpa-native/cmake/CMakeFiles/CMakeScratch/TryCompile-X8vSvc/CMakeLists.txt:4 (project)
2026-10-03T02:01:19.1048348Z 
2026-10-03T02:01:19.1048352Z 
2026-10-03T02:01:19.1048748Z CMake Deprecation Warning at /usr/local/lib/android/sdk/ndk/27.2.12479018/build/cmake/flags.cmake:18 (cmake_minimum_required):
2026-10-03T02:01:19.1050040Z   Compatibility with CMake < 3.10 will be removed from a future version of
2026-10-03T02:01:19.1050800Z   CMake.
2026-10-03T02:01:19.1050921Z 
2026-10-03T02:01:19.1051143Z   Update the VERSION argument <min> value.  Or, use the <min>...<max> syntax
2026-10-03T02:01:19.1051667Z   to tell CMake that the project requires at least <min> but has been updated
2026-10-03T02:01:19.1052128Z   to work with policies introduced by <max> or earlier.
2026-10-03T02:01:19.1052468Z Call Stack (most recent call first):
2026-10-03T02:01:19.1052896Z   /usr/local/share/cmake-3.31/Modules/Platform/Android-Clang.cmake:23 (include)
2026-10-03T02:01:19.1053456Z   /usr/local/share/cmake-3.31/Modules/Platform/Android-Clang-C.cmake:1 (include)
2026-10-03T02:01:19.1053993Z   /usr/local/share/cmake-3.31/Modules/CMakeCInformation.cmake:48 (include)
2026-10-03T02:01:19.1054798Z   /home/runner/work/Jarvis-OS-V2/Jarvis-OS-V2/app/build/sherpa-native/cmake/CMakeFiles/CMakeScratch/TryCompile-X8vSvc/CMakeLists.txt:4 (project)
2026-10-03T02:01:19.1055374Z 
2026-10-03T02:01:19.1055378Z 
2026-10-03T02:01:19.1055520Z -- Detecting C compiler ABI info
2026-10-03T02:01:19.2009405Z -- Detecting C compiler ABI info - done
2026-10-03T02:01:19.2011017Z -- Check for working C compiler: /usr/local/lib/android/sdk/ndk/27.2.12479018/toolchains/llvm/prebuilt/linux-x86_64/bin/clang - skipped
2026-10-03T02:01:19.2012578Z -- Detecting C compile features
2026-10-03T02:01:19.2013545Z -- Detecting C compile features - done
2026-10-03T02:01:19.2014174Z -- Detecting CXX compiler ABI info
2026-10-03T02:01:19.2015441Z CMake Deprecation Warning at /usr/local/lib/android/sdk/ndk/27.2.12479018/build/cmake/android.toolchain.cmake:35 (cmake_minimum_required):
2026-10-03T02:01:19.2016844Z   Compatibility with CMake < 3.10 will be removed from a future version of
2026-10-03T02:01:19.2017587Z   CMake.
2026-10-03T02:01:19.2017807Z 
2026-10-03T02:01:19.2018203Z   Update the VERSION argument <min> value.  Or, use the <min>...<max> syntax
2026-10-03T02:01:19.2019409Z   to tell CMake that the project requires at least <min> but has been updated
2026-10-03T02:01:19.2020304Z   to work with policies introduced by <max> or earlier.
2026-10-03T02:01:19.2020978Z Call Stack (most recent call first):
2026-10-03T02:01:19.2022087Z   /home/runner/work/Jarvis-OS-V2/Jarvis-OS-V2/app/build/sherpa-native/cmake/CMakeFiles/3.31.6/CMakeSystem.cmake:6 (include)
2026-10-03T02:01:19.2023910Z   /home/runner/work/Jarvis-OS-V2/Jarvis-OS-V2/app/build/sherpa-native/cmake/CMakeFiles/CMakeScratch/TryCompile-G68aut/CMakeLists.txt:4 (project)
2026-10-03T02:01:19.2025039Z 
2026-10-03T02:01:19.2025047Z 
2026-10-03T02:01:19.2025932Z CMake Deprecation Warning at /usr/local/lib/android/sdk/ndk/27.2.12479018/build/cmake/android-legacy.toolchain.cmake:35 (cmake_minimum_required):
2026-10-03T02:01:19.2027404Z   Compatibility with CMake < 3.10 will be removed from a future version of
2026-10-03T02:01:19.2028155Z   CMake.
2026-10-03T02:01:19.2028375Z 
2026-10-03T02:01:19.2028771Z   Update the VERSION argument <min> value.  Or, use the <min>...<max> syntax
2026-10-03T02:01:19.2029999Z   to tell CMake that the project requires at least <min> but has been updated
2026-10-03T02:01:19.2031215Z   to work with policies introduced by <max> or earlier.
2026-10-03T02:01:19.2031903Z Call Stack (most recent call first):
2026-10-03T02:01:19.2032774Z   /usr/local/lib/android/sdk/ndk/27.2.12479018/build/cmake/android.toolchain.cmake:55 (include)
2026-10-03T02:01:19.2034197Z   /home/runner/work/Jarvis-OS-V2/Jarvis-OS-V2/app/build/sherpa-native/cmake/CMakeFiles/3.31.6/CMakeSystem.cmake:6 (include)
2026-10-03T02:01:19.2035931Z   /home/runner/work/Jarvis-OS-V2/Jarvis-OS-V2/app/build/sherpa-native/cmake/CMakeFiles/CMakeScratch/TryCompile-G68aut/CMakeLists.txt:4 (project)
2026-10-03T02:01:19.2036943Z 
2026-10-03T02:01:19.2036953Z 
2026-10-03T02:01:19.2037373Z CMake Deprecation Warning at /usr/local/lib/android/sdk/ndk/27.2.12479018/build/cmake/flags.cmake:18 (cmake_minimum_required):
2026-10-03T02:01:19.2038090Z   Compatibility with CMake < 3.10 will be removed from a future version of
2026-10-03T02:01:19.2038728Z   CMake.
2026-10-03T02:01:19.2038854Z 
2026-10-03T02:01:19.2039669Z   Update the VERSION argument <min> value.  Or, use the <min>...<max> syntax
2026-10-03T02:01:19.2040688Z   to tell CMake that the project requires at least <min> but has been updated
2026-10-03T02:01:19.2041269Z   to work with policies introduced by <max> or earlier.
2026-10-03T02:01:19.2041629Z Call Stack (most recent call first):
2026-10-03T02:01:19.2042063Z   /usr/local/share/cmake-3.31/Modules/Platform/Android-Clang.cmake:23 (include)
2026-10-03T02:01:19.2042844Z   /usr/local/share/cmake-3.31/Modules/Platform/Android-Clang-CXX.cmake:1 (include)
2026-10-03T02:01:19.2043408Z   /usr/local/share/cmake-3.31/Modules/CMakeCXXInformation.cmake:48 (include)
2026-10-03T02:01:19.2044209Z   /home/runner/work/Jarvis-OS-V2/Jarvis-OS-V2/app/build/sherpa-native/cmake/CMakeFiles/CMakeScratch/TryCompile-G68aut/CMakeLists.txt:4 (project)
2026-10-03T02:01:19.2044800Z 
2026-10-03T02:01:19.2044810Z 
2026-10-03T02:01:19.3009322Z -- Detecting CXX compiler ABI info - done
2026-10-03T02:01:19.3010854Z -- Check for working CXX compiler: /usr/local/lib/android/sdk/ndk/27.2.12479018/toolchains/llvm/prebuilt/linux-x86_64/bin/clang++ - skipped
2026-10-03T02:01:19.3012259Z -- Detecting CXX compile features
2026-10-03T02:01:19.3013053Z -- Detecting CXX compile features - done
2026-10-03T02:01:19.3013622Z -- CMAKE_BUILD_TYPE: Release
2026-10-03T02:01:19.3014120Z -- CMAKE_INSTALL_PREFIX: /usr/local
2026-10-03T02:01:19.3014635Z -- BUILD_SHARED_LIBS OFF
2026-10-03T02:01:19.3015096Z -- SHERPA_ONNX_ENABLE_PYTHON OFF
2026-10-03T02:01:19.3015595Z -- SHERPA_ONNX_ENABLE_TESTS OFF
2026-10-03T02:01:19.3016082Z -- SHERPA_ONNX_ENABLE_CHECK OFF
2026-10-03T02:01:19.3016582Z -- SHERPA_ONNX_ENABLE_PORTAUDIO OFF
2026-10-03T02:01:19.3017096Z -- SHERPA_ONNX_ENABLE_JNI ON
2026-10-03T02:01:19.3017577Z -- SHERPA_ONNX_ENABLE_C_API OFF
2026-10-03T02:01:19.3018073Z -- SHERPA_ONNX_ENABLE_WEBSOCKET OFF
2026-10-03T02:01:19.3018585Z -- SHERPA_ONNX_ENABLE_GPU OFF
2026-10-03T02:01:19.3019295Z -- SHERPA_ONNX_ENABLE_WASM OFF
2026-10-03T02:01:19.3019890Z -- SHERPA_ONNX_ENABLE_WASM_SPEAKER_DIARIZATION OFF
2026-10-03T02:01:19.3020512Z -- SHERPA_ONNX_ENABLE_WASM_TTS OFF
2026-10-03T02:01:19.3021019Z -- SHERPA_ONNX_ENABLE_WASM_ASR OFF
2026-10-03T02:01:19.3021524Z -- SHERPA_ONNX_ENABLE_WASM_KWS OFF
2026-10-03T02:01:19.3022026Z -- SHERPA_ONNX_ENABLE_WASM_VAD OFF
2026-10-03T02:01:19.3022537Z -- SHERPA_ONNX_ENABLE_WASM_VAD_ASR OFF
2026-10-03T02:01:19.3023075Z -- SHERPA_ONNX_ENABLE_WASM_NODEJS OFF
2026-10-03T02:01:19.3023606Z -- SHERPA_ONNX_ENABLE_WASM_WEB OFF
2026-10-03T02:01:19.3024183Z -- SHERPA_ONNX_ENABLE_WASM_SPEECH_ENHANCEMENT OFF
2026-10-03T02:01:19.3024771Z -- SHERPA_ONNX_ENABLE_BINARY OFF
2026-10-03T02:01:19.3025260Z -- SHERPA_ONNX_ENABLE_TTS ON
2026-10-03T02:01:19.3025774Z -- SHERPA_ONNX_ENABLE_SPEAKER_DIARIZATION OFF
2026-10-03T02:01:19.3026368Z -- SHERPA_ONNX_LINK_LIBSTDCPP_STATICALLY ON
2026-10-03T02:01:19.3027035Z -- SHERPA_ONNX_USE_PRE_INSTALLED_ONNXRUNTIME_IF_AVAILABLE ON
2026-10-03T02:01:19.3027693Z -- SHERPA_ONNX_ENABLE_SANITIZER: OFF
2026-10-03T02:01:19.3028231Z -- SHERPA_ONNX_BUILD_C_API_EXAMPLES: ON
2026-10-03T02:01:19.3153919Z -- SHERPA_ONNX_ENABLE_RKNN: OFF
2026-10-03T02:01:19.3154579Z -- SHERPA_ONNX_ENABLE_AXERA: OFF
2026-10-03T02:01:19.3155069Z -- SHERPA_ONNX_ENABLE_AXCL: OFF
2026-10-03T02:01:19.3155546Z -- SHERPA_ONNX_ENABLE_ASCEND_NPU: OFF
2026-10-03T02:01:19.3156078Z -- SHERPA_ONNX_ENABLE_QNN: OFF
2026-10-03T02:01:19.3157274Z CMake Deprecation Warning at /usr/local/lib/android/sdk/ndk/27.2.12479018/build/cmake/android.toolchain.cmake:35 (cmake_minimum_required):
2026-10-03T02:01:19.3158669Z   Compatibility with CMake < 3.10 will be removed from a future version of
2026-10-03T02:01:19.3159648Z   CMake.
2026-10-03T02:01:19.3159855Z 
2026-10-03T02:01:19.3160245Z   Update the VERSION argument <min> value.  Or, use the <min>...<max> syntax
2026-10-03T02:01:19.3161220Z   to tell CMake that the project requires at least <min> but has been updated
2026-10-03T02:01:19.3162070Z   to work with policies introduced by <max> or earlier.
2026-10-03T02:01:19.3163000Z Call Stack (most recent call first):
2026-10-03T02:01:19.3164080Z   /home/runner/work/Jarvis-OS-V2/Jarvis-OS-V2/app/build/sherpa-native/cmake/CMakeFiles/3.31.6/CMakeSystem.cmake:6 (include)
2026-10-03T02:01:19.3165843Z   /home/runner/work/Jarvis-OS-V2/Jarvis-OS-V2/app/build/sherpa-native/cmake/CMakeFiles/CMakeScratch/TryCompile-lLjPmm/CMakeLists.txt:4 (project)
2026-10-03T02:01:19.3166901Z 
2026-10-03T02:01:19.3166909Z 
2026-10-03T02:01:19.3167782Z CMake Deprecation Warning at /usr/local/lib/android/sdk/ndk/27.2.12479018/build/cmake/android-legacy.toolchain.cmake:35 (cmake_minimum_required):
2026-10-03T02:01:19.3169460Z   Compatibility with CMake < 3.10 will be removed from a future version of
2026-10-03T02:01:19.3170195Z   CMake.
2026-10-03T02:01:19.3170421Z 
2026-10-03T02:01:19.3170827Z   Update the VERSION argument <min> value.  Or, use the <min>...<max> syntax
2026-10-03T02:01:19.3171841Z   to tell CMake that the project requires at least <min> but has been updated
2026-10-03T02:01:19.3172698Z   to work with policies introduced by <max> or earlier.
2026-10-03T02:01:19.3173358Z Call Stack (most recent call first):
2026-10-03T02:01:19.3174207Z   /usr/local/lib/android/sdk/ndk/27.2.12479018/build/cmake/android.toolchain.cmake:55 (include)
2026-10-03T02:01:19.3175645Z   /home/runner/work/Jarvis-OS-V2/Jarvis-OS-V2/app/build/sherpa-native/cmake/CMakeFiles/3.31.6/CMakeSystem.cmake:6 (include)
2026-10-03T02:01:19.3177432Z   /home/runner/work/Jarvis-OS-V2/Jarvis-OS-V2/app/build/sherpa-native/cmake/CMakeFiles/CMakeScratch/TryCompile-lLjPmm/CMakeLists.txt:4 (project)
2026-10-03T02:01:19.3178473Z 
2026-10-03T02:01:19.3178480Z 
2026-10-03T02:01:19.3179417Z CMake Deprecation Warning at /usr/local/lib/android/sdk/ndk/27.2.12479018/build/cmake/flags.cmake:18 (cmake_minimum_required):
2026-10-03T02:01:19.3180681Z   Compatibility with CMake < 3.10 will be removed from a future version of
2026-10-03T02:01:19.3181439Z   CMake.
2026-10-03T02:01:19.3181660Z 
2026-10-03T02:01:19.3182081Z   Update the VERSION argument <min> value.  Or, use the <min>...<max> syntax
2026-10-03T02:01:19.3183087Z   to tell CMake that the project requires at least <min> but has been updated
2026-10-03T02:01:19.3183957Z   to work with policies introduced by <max> or earlier.
2026-10-03T02:01:19.3184578Z Call Stack (most recent call first):
2026-10-03T02:01:19.3185281Z   /usr/local/share/cmake-3.31/Modules/Platform/Android-Clang.cmake:23 (include)
2026-10-03T02:01:19.3186321Z   /usr/local/share/cmake-3.31/Modules/Platform/Android-Clang-CXX.cmake:1 (include)
2026-10-03T02:01:19.3187268Z   /usr/local/share/cmake-3.31/Modules/CMakeCXXInformation.cmake:48 (include)
2026-10-03T02:01:19.3188576Z   /home/runner/work/Jarvis-OS-V2/Jarvis-OS-V2/app/build/sherpa-native/cmake/CMakeFiles/CMakeScratch/TryCompile-lLjPmm/CMakeLists.txt:4 (project)
2026-10-03T02:01:19.3189832Z 
2026-10-03T02:01:19.3189839Z 
2026-10-03T02:01:19.3190047Z -- SHERPA_ONNX_ENABLE_SPACEMIT: OFF
2026-10-03T02:01:19.3190570Z -- SHERPA_ONNX_LINK_D3D: OFF
2026-10-03T02:01:19.3191081Z -- SHERPA_ONNX_USE_STATIC_CRT: ON
2026-10-03T02:01:19.3191869Z -- TTS is enabled
2026-10-03T02:01:19.3192326Z -- speaker diarization is disabled
2026-10-03T02:01:19.3192839Z -- DirectML is disabled
2026-10-03T02:01:19.3193279Z -- C++ Standard version: 17
2026-10-03T02:01:19.3193749Z -- Looking for C++ include cxxabi.h
2026-10-03T02:01:19.4009489Z -- Looking for C++ include cxxabi.h - found
2026-10-03T02:01:19.4011133Z CMake Deprecation Warning at /usr/local/lib/android/sdk/ndk/27.2.12479018/build/cmake/android.toolchain.cmake:35 (cmake_minimum_required):
2026-10-03T02:01:19.4012345Z -- Looking for C++ include execinfo.h
2026-10-03T02:01:19.4013228Z   Compatibility with CMake < 3.10 will be removed from a future version of
2026-10-03T02:01:19.4014077Z   CMake.
2026-10-03T02:01:19.4014374Z 
2026-10-03T02:01:19.4015062Z   Update the VERSION argument <min> value.  Or, use the <min>...<max> syntax
2026-10-03T02:01:19.4016097Z   to tell CMake that the project requires at least <min> but has been updated
2026-10-03T02:01:19.4017333Z   to work with policies introduced by <max> or earlier.
2026-10-03T02:01:19.4018010Z Call Stack (most recent call first):
2026-10-03T02:01:19.4019402Z   /home/runner/work/Jarvis-OS-V2/Jarvis-OS-V2/app/build/sherpa-native/cmake/CMakeFiles/3.31.6/CMakeSystem.cmake:6 (include)
2026-10-03T02:01:19.4020913Z   /home/runner/work/Jarvis-OS-V2/Jarvis-OS-V2/app/build/sherpa-native/cmake/CMakeFiles/CMakeScratch/TryCompile-9eHclK/CMakeLists.txt:4 (project)
2026-10-03T02:01:19.4021516Z 
2026-10-03T02:01:19.4021521Z 
2026-10-03T02:01:19.4022020Z CMake Deprecation Warning at /usr/local/lib/android/sdk/ndk/27.2.12479018/build/cmake/android-legacy.toolchain.cmake:35 (cmake_minimum_required):
2026-10-03T02:01:19.4022824Z   Compatibility with CMake < 3.10 will be removed from a future version of
2026-10-03T02:01:19.4023233Z   CMake.
2026-10-03T02:01:19.4023358Z 
2026-10-03T02:01:19.4023580Z   Update the VERSION argument <min> value.  Or, use the <min>...<max> syntax
2026-10-03T02:01:19.4033175Z   to tell CMake that the project requires at least <min> but has been updated
2026-10-03T02:01:19.4033983Z   to work with policies introduced by <max> or earlier.
2026-10-03T02:01:19.4034586Z Call Stack (most recent call first):
2026-10-03T02:01:19.4035350Z   /usr/local/lib/android/sdk/ndk/27.2.12479018/build/cmake/android.toolchain.cmake:55 (include)
2026-10-03T02:01:19.4036597Z   /home/runner/work/Jarvis-OS-V2/Jarvis-OS-V2/app/build/sherpa-native/cmake/CMakeFiles/3.31.6/CMakeSystem.cmake:6 (include)
2026-10-03T02:01:19.4038280Z   /home/runner/work/Jarvis-OS-V2/Jarvis-OS-V2/app/build/sherpa-native/cmake/CMakeFiles/CMakeScratch/TryCompile-9eHclK/CMakeLists.txt:4 (project)
2026-10-03T02:01:19.4039565Z 
2026-10-03T02:01:19.4039574Z 
2026-10-03T02:01:19.4040307Z CMake Deprecation Warning at /usr/local/lib/android/sdk/ndk/27.2.12479018/build/cmake/flags.cmake:18 (cmake_minimum_required):
2026-10-03T02:01:19.4041636Z   Compatibility with CMake < 3.10 will be removed from a future version of
2026-10-03T02:01:19.4042377Z   CMake.
2026-10-03T02:01:19.4042507Z 
2026-10-03T02:01:19.4042738Z   Update the VERSION argument <min> value.  Or, use the <min>...<max> syntax
2026-10-03T02:01:19.4043279Z   to tell CMake that the project requires at least <min> but has been updated
2026-10-03T02:01:19.4043777Z   to work with policies introduced by <max> or earlier.
2026-10-03T02:01:19.4044143Z Call Stack (most recent call first):
2026-10-03T02:01:19.4044579Z   /usr/local/share/cmake-3.31/Modules/Platform/Android-Clang.cmake:23 (include)
2026-10-03T02:01:19.4045156Z   /usr/local/share/cmake-3.31/Modules/Platform/Android-Clang-CXX.cmake:1 (include)
2026-10-03T02:01:19.4045712Z   /usr/local/share/cmake-3.31/Modules/CMakeCXXInformation.cmake:48 (include)
2026-10-03T02:01:19.4046518Z   /home/runner/work/Jarvis-OS-V2/Jarvis-OS-V2/app/build/sherpa-native/cmake/CMakeFiles/CMakeScratch/TryCompile-9eHclK/CMakeLists.txt:4 (project)
2026-10-03T02:01:19.4047094Z 
2026-10-03T02:01:19.4047098Z 
2026-10-03T02:01:19.5007904Z -- Looking for C++ include execinfo.h - found
2026-10-03T02:01:19.5009594Z -- CMAKE_SOURCE_DIR: /home/runner/work/Jarvis-OS-V2/Jarvis-OS-V2/app/build/sherpa-native/source
2026-10-03T02:01:19.5011205Z -- CMAKE_BINARY_DIR: /home/runner/work/Jarvis-OS-V2/Jarvis-OS-V2/app/build/sherpa-native/cmake
2026-10-03T02:01:19.5012640Z -- PROJECT_SOURCE_DIR: /home/runner/work/Jarvis-OS-V2/Jarvis-OS-V2/app/build/sherpa-native/source
2026-10-03T02:01:19.5014076Z -- PROJECT_BINARY_DIR: /home/runner/work/Jarvis-OS-V2/Jarvis-OS-V2/app/build/sherpa-native/cmake
2026-10-03T02:01:19.5014978Z -- CMake version: 3.31.6
2026-10-03T02:01:19.5020655Z -- CMAKE_SYSTEM: Android-1
2026-10-03T02:01:19.5021242Z -- CMAKE_SYSTEM_NAME: Android
2026-10-03T02:01:19.5021759Z -- CMAKE_SYSTEM_VERSION: 1
2026-10-03T02:01:19.5022281Z -- CMAKE_SYSTEM_PROCESSOR: aarch64
2026-10-03T02:01:19.5023028Z -- sherpa-onnx git sha1: 53dac67cb37dc8f9a2eda27d6c65f0661cc39a5b
2026-10-03T02:01:19.5023874Z -- sherpa-onnx git date: Sat Oct 3 01:58:08 2026
2026-10-03T02:01:19.5024857Z -- OS used to build sherpa-onnx: Ubuntu 24.04.5 LTS
2026-10-03T02:01:19.5026012Z -- C++ compiler: /usr/local/lib/android/sdk/ndk/27.2.12479018/toolchains/llvm/prebuilt/linux-x86_64/bin/clang++
2026-10-03T02:01:19.5026880Z -- C++ compiler ID: Clang
2026-10-03T02:01:19.5027187Z -- C++ compiler version: 18.0.3
2026-10-03T02:01:19.5027722Z -- C compiler: /usr/local/lib/android/sdk/ndk/27.2.12479018/toolchains/llvm/prebuilt/linux-x86_64/bin/clang
2026-10-03T02:01:19.5028260Z -- C compiler ID: Clang
2026-10-03T02:01:19.5028531Z -- C compiler version: 18.0.3
2026-10-03T02:01:19.5029447Z -- Downloading kaldi-native-fbank from https://github.com/csukuangfj/kaldi-native-fbank/archive/refs/tags/v1.22.3.tar.gz
2026-10-03T02:01:20.0009730Z -- kaldi-native-fbank is downloaded to /home/runner/work/Jarvis-OS-V2/Jarvis-OS-V2/app/build/sherpa-native/cmake/_deps/kaldi_native_fbank-src
2026-10-03T02:01:20.0010934Z -- kaldi-native-fbank's binary dir is /home/runner/work/Jarvis-OS-V2/Jarvis-OS-V2/app/build/sherpa-native/cmake/_deps/kaldi_native_fbank-build
2026-10-03T02:01:20.0011920Z -- CMAKE_BUILD_TYPE: Release
2026-10-03T02:01:20.0012545Z -- CMAKE_EXPORT_COMPILE_COMMANDS: 
2026-10-03T02:01:20.0013225Z -- BUILD_SHARED_LIBS: OFF
2026-10-03T02:01:20.0013713Z -- KALDI_NATIVE_FBANK_BUILD_TESTS: OFF
2026-10-03T02:01:20.0014209Z -- KALDI_NATIVE_FBANK_BUILD_PYTHON: OFF
2026-10-03T02:01:20.0014528Z -- KALDI_NATIVE_FBANK_ENABLE_CHECK: OFF
2026-10-03T02:01:20.0014833Z -- KALDI_NATIVE_FBANK_ENABLE_CHECK: OFF
2026-10-03T02:01:20.0015955Z -- CMAKE_CXX_FLAGS: -g -DANDROID -fdata-sections -ffunction-sections -funwind-tables -fstack-protector-strong -no-canonical-prefixes -D__BIONIC_NO_PAGE_SIZE_MACRO -D_FORTIFY_SOURCE=2 -Wformat -Werror=format-security  -ffunction-sections -fdata-sections
2026-10-03T02:01:20.0017172Z -- CMAKE_INSTALL_PREFIX: /usr/local
2026-10-03T02:01:20.0017483Z -- Looking for C++ include cxxabi.h
2026-10-03T02:01:20.1008477Z -- Looking for C++ include cxxabi.h - found
2026-10-03T02:01:20.1009560Z -- Looking for C++ include execinfo.h
2026-10-03T02:01:20.1010034Z -- Looking for C++ include execinfo.h - found
2026-10-03T02:01:20.1010728Z -- Downloading kissfft from https://github.com/mborgerding/kissfft/archive/febd4caeed32e33ad8b2e0bb5ea77542c40f18ec.zip
2026-10-03T02:01:20.7008231Z -- kissfft is downloaded to /home/runner/work/Jarvis-OS-V2/Jarvis-OS-V2/app/build/sherpa-native/cmake/_deps/kissfft-src
2026-10-03T02:01:20.7009402Z -- kissfft's binary dir is /home/runner/work/Jarvis-OS-V2/Jarvis-OS-V2/app/build/sherpa-native/cmake/_deps/kissfft-build
2026-10-03T02:01:20.7010028Z -- Building KissFFT with datatype: float
2026-10-03T02:01:20.7010358Z -- Building static library
2026-10-03T02:01:20.7010656Z -- PKGINCLUDEDIR is /kissfft
2026-10-03T02:01:20.7010941Z -- Disable building Python
2026-10-03T02:01:20.7011477Z -- Downloading kaldi-decoder from https://github.com/k2-fsa/kaldi-decoder/archive/refs/tags/v0.3.0.tar.gz
2026-10-03T02:01:21.3007920Z -- kaldi-decoder is downloaded to /home/runner/work/Jarvis-OS-V2/Jarvis-OS-V2/app/build/sherpa-native/cmake/_deps/kaldi_decoder-src
2026-10-03T02:01:21.3009532Z -- kaldi-decoder's binary dir is /home/runner/work/Jarvis-OS-V2/Jarvis-OS-V2/app/build/sherpa-native/cmake/_deps/kaldi_decoder-build
2026-10-03T02:01:21.3010276Z -- CMAKE_BUILD_TYPE: Release
2026-10-03T02:01:21.3010822Z -- Downloading kaldifst from https://github.com/k2-fsa/kaldifst/archive/refs/tags/v1.8.0.tar.gz
2026-10-03T02:01:21.9008365Z -- kaldifst is downloaded to /home/runner/work/Jarvis-OS-V2/Jarvis-OS-V2/app/build/sherpa-native/cmake/_deps/kaldifst-src
2026-10-03T02:01:21.9010227Z -- kaldifst's binary dir is /home/runner/work/Jarvis-OS-V2/Jarvis-OS-V2/app/build/sherpa-native/cmake/_deps/kaldifst-build
2026-10-03T02:01:21.9010875Z -- CMAKE_BUILD_TYPE: Release
2026-10-03T02:01:21.9011167Z -- CMAKE_BUILD_TYPE: Release
2026-10-03T02:01:21.9011451Z -- CMAKE_INSTALL_PREFIX: /usr/local
2026-10-03T02:01:21.9011758Z -- C++ Standard version: 17
2026-10-03T02:01:21.9012836Z -- CMAKE_CXX_FLAGS: -g -DANDROID -fdata-sections -ffunction-sections -funwind-tables -fstack-protector-strong -no-canonical-prefixes -D__BIONIC_NO_PAGE_SIZE_MACRO -D_FORTIFY_SOURCE=2 -Wformat -Werror=format-security  -ffunction-sections -fdata-sections
2026-10-03T02:01:21.9014635Z -- Downloading openfst from https://github.com/csukuangfj/openfst/archive/refs/tags/v1.8.5-2026-07-09.tar.gz
2026-10-03T02:01:22.9008538Z -- openfst is downloaded to /home/runner/work/Jarvis-OS-V2/Jarvis-OS-V2/app/build/sherpa-native/cmake/_deps/openfst-src
2026-10-03T02:01:23.0007605Z -- BUILD_SHARED_LIBS: OFF
2026-10-03T02:01:23.0008102Z -- BUILD_TESTING: OFF
2026-10-03T02:01:23.0008643Z -- HAVE_BIN: OFF
2026-10-03T02:01:23.0009246Z -- HAVE_SCRIPT: OFF
2026-10-03T02:01:23.0009582Z -- HAVE_COMPACT: OFF
2026-10-03T02:01:23.0019881Z -- HAVE_COMPRESS: OFF
2026-10-03T02:01:23.0020378Z -- HAVE_CONST: OFF
2026-10-03T02:01:23.0020808Z -- HAVE_FAR: ON
2026-10-03T02:01:23.0021214Z -- HAVE_FSTS: OFF
2026-10-03T02:01:23.0021643Z -- HAVE_GRM: OFF
2026-10-03T02:01:23.0022067Z -- HAVE_LINEAR: OFF
2026-10-03T02:01:23.0022539Z -- HAVE_LOOKAHEAD: OFF
2026-10-03T02:01:23.0022984Z -- HAVE_MPDT: OFF
2026-10-03T02:01:23.0023409Z -- HAVE_NGRAM: OFF
2026-10-03T02:01:23.0023831Z -- HAVE_PDT: OFF
2026-10-03T02:01:23.0024251Z -- HAVE_SPECIAL: OFF
2026-10-03T02:01:23.0024699Z -- OPENFST_USE_ABSL: OFF
2026-10-03T02:01:23.0025574Z -- Downloading eigen from https://gitlab.com/libeigen/eigen/-/archive/5.0.1/eigen-5.0.1.tar.gz
2026-10-03T02:01:23.6010468Z -- eigen is downloaded to /home/runner/work/Jarvis-OS-V2/Jarvis-OS-V2/app/build/sherpa-native/cmake/_deps/eigen-src
2026-10-03T02:01:23.6011398Z -- eigen's binary dir is /home/runner/work/Jarvis-OS-V2/Jarvis-OS-V2/app/build/sherpa-native/cmake/_deps/eigen-build
2026-10-03T02:01:23.6012234Z -- 
2026-10-03T02:01:23.6012712Z -- Configured Eigen 5.0.1-dev
2026-10-03T02:01:23.6013195Z -- 
2026-10-03T02:01:23.6013555Z -- CMAKE_SYSTEM_NAME: Android
2026-10-03T02:01:23.6014008Z -- CMAKE_SYSTEM_PROCESSOR: aarch64
2026-10-03T02:01:23.6014618Z -- location_onnxruntime_header_dir: /home/runner/work/Jarvis-OS-V2/Jarvis-OS-V2/app/build/sherpa-native/ort-android/headers
2026-10-03T02:01:23.6015609Z -- location_onnxruntime_lib: /home/runner/work/Jarvis-OS-V2/Jarvis-OS-V2/app/build/sherpa-native/ort-android/jni/arm64-v8a/libonnxruntime.so
2026-10-03T02:01:23.6016600Z -- onnxruntime lib files: /home/runner/work/Jarvis-OS-V2/Jarvis-OS-V2/app/build/sherpa-native/ort-android/jni/arm64-v8a/libonnxruntime.so
2026-10-03T02:01:23.7007556Z -- Downloading simple-sentencepiece https://github.com/pkufool/simple-sentencepiece/archive/refs/tags/v0.7.tar.gz
2026-10-03T02:01:24.5009919Z -- simple-sentencepiece is downloaded to /home/runner/work/Jarvis-OS-V2/Jarvis-OS-V2/app/build/sherpa-native/cmake/_deps/simple-sentencepiece-src
2026-10-03T02:01:24.5011042Z -- Performing Test SBPE_COMPILER_SUPPORTS_CXX14
2026-10-03T02:01:24.6007629Z -- Performing Test SBPE_COMPILER_SUPPORTS_CXX14 - Success
2026-10-03T02:01:24.6008318Z -- C++ Standard version: 17
2026-10-03T02:01:24.6008672Z -- ONNXRUNTIME_DIR: 
2026-10-03T02:01:24.6009447Z -- Downloading json from https://github.com/nlohmann/json/archive/refs/tags/v3.12.0.tar.gz
2026-10-03T02:01:26.0008917Z -- json is downloaded to /home/runner/work/Jarvis-OS-V2/Jarvis-OS-V2/app/build/sherpa-native/cmake/_deps/json-src
2026-10-03T02:01:26.0010123Z -- json's binary dir is /home/runner/work/Jarvis-OS-V2/Jarvis-OS-V2/app/build/sherpa-native/cmake/_deps/json-build
2026-10-03T02:01:26.0011053Z -- Using the multi-header code from /home/runner/work/Jarvis-OS-V2/Jarvis-OS-V2/app/build/sherpa-native/cmake/_deps/json-src/include/
2026-10-03T02:01:26.0012019Z -- Downloading espeak-ng from https://github.com/csukuangfj/espeak-ng/archive/ed530aa113046142eb5115cf2fc9157854d0ffe1.zip
2026-10-03T02:01:28.8008868Z -- espeak-ng is downloaded to /home/runner/work/Jarvis-OS-V2/Jarvis-OS-V2/app/build/sherpa-native/cmake/_deps/espeak_ng-src
2026-10-03T02:01:28.8010187Z -- espeak-ng binary dir is /home/runner/work/Jarvis-OS-V2/Jarvis-OS-V2/app/build/sherpa-native/cmake/_deps/espeak_ng-build
2026-10-03T02:01:28.8011028Z -- Looking for mkstemp
2026-10-03T02:01:28.9009606Z -- Looking for mkstemp - found
2026-10-03T02:01:28.9010191Z -- Configuration:
2026-10-03T02:01:28.9010609Z --   shared: OFF
2026-10-03T02:01:28.9011041Z --   mbrola: OFF (MBROLA_BIN-NOTFOUND)
2026-10-03T02:01:28.9011704Z --   libsonic: OFF (SONIC_LIB-NOTFOUND SONIC_INC-NOTFOUND)
2026-10-03T02:01:28.9012484Z --   libpcaudio: OFF (PCAUDIO_LIB-NOTFOUND PCAUDIO_INC-NOTFOUND)
2026-10-03T02:01:28.9013127Z --   klatt: OFF
2026-10-03T02:01:28.9013532Z --   speech-player: OFF
2026-10-03T02:01:28.9013793Z --   async: OFF
2026-10-03T02:01:28.9014298Z -- ESPEAK_NG_DIR: /home/runner/work/Jarvis-OS-V2/Jarvis-OS-V2/app/build/sherpa-native/cmake/_deps/espeak_ng-src
2026-10-03T02:01:28.9015238Z -- Downloading piper-phonemize from https://github.com/csukuangfj/piper-phonemize/archive/f3ff95afc03640bc1399e113e83361192a2fafb4.zip
2026-10-03T02:01:30.7008558Z -- piper-phonemize is downloaded to /home/runner/work/Jarvis-OS-V2/Jarvis-OS-V2/app/build/sherpa-native/cmake/_deps/piper_phonemize-src
2026-10-03T02:01:30.7011104Z -- piper-phonemize binary dir is /home/runner/work/Jarvis-OS-V2/Jarvis-OS-V2/app/build/sherpa-native/cmake/_deps/piper_phonemize-build
2026-10-03T02:01:30.7014179Z -- CMAKE_CXX_FLAGS: -g -DANDROID -fdata-sections -ffunction-sections -funwind-tables -fstack-protector-strong -no-canonical-prefixes -D__BIONIC_NO_PAGE_SIZE_MACRO -D_FORTIFY_SOURCE=2 -Wformat -Werror=format-security  -ffunction-sections -fdata-sections
2026-10-03T02:01:30.7017942Z -- CMAKE_CXX_FLAGS: -g -DANDROID -fdata-sections -ffunction-sections -funwind-tables -fstack-protector-strong -no-canonical-prefixes -D__BIONIC_NO_PAGE_SIZE_MACRO -D_FORTIFY_SOURCE=2 -Wformat -Werror=format-security  -ffunction-sections -fdata-sections
2026-10-03T02:01:30.7020570Z -- Configuring done (12.0s)
2026-10-03T02:01:30.8009522Z -- Generating done (0.1s)
2026-10-03T02:01:30.8010828Z -- Build files have been written to: /home/runner/work/Jarvis-OS-V2/Jarvis-OS-V2/app/build/sherpa-native/cmake
2026-10-03T02:01:30.9015663Z [  1%] Building C object _deps/espeak_ng-build/src/ucd-tools/CMakeFiles/ucd.dir/src/case.c.o
2026-10-03T02:01:30.9017120Z [  1%] Building C object _deps/kissfft-build/CMakeFiles/kissfft.dir/kiss_fft.c.o
2026-10-03T02:01:30.9018499Z [  1%] Building C object _deps/espeak_ng-build/src/ucd-tools/CMakeFiles/ucd.dir/src/categories.c.o
2026-10-03T02:01:30.9020463Z [  1%] Building C object _deps/espeak_ng-build/src/ucd-tools/CMakeFiles/ucd.dir/src/ctype.c.o
2026-10-03T02:01:31.0008827Z [  2%] Building C object _deps/espeak_ng-build/src/ucd-tools/CMakeFiles/ucd.dir/src/proplist.c.o
2026-10-03T02:01:31.0010220Z [  2%] Building C object _deps/kissfft-build/CMakeFiles/kissfft.dir/kfc.c.o
2026-10-03T02:01:31.1013881Z [  2%] Building C object _deps/kissfft-build/CMakeFiles/kissfft.dir/kiss_fftnd.c.o
2026-10-03T02:01:31.1015380Z [  3%] Building C object _deps/kissfft-build/CMakeFiles/kissfft.dir/kiss_fftndr.c.o
2026-10-03T02:01:31.1016659Z [  3%] Building C object _deps/kissfft-build/CMakeFiles/kissfft.dir/kiss_fftr.c.o
2026-10-03T02:01:31.2008812Z [  3%] Linking C static library ../../lib/libkissfft-float.a
2026-10-03T02:01:31.2010578Z [  3%] Built target kissfft
2026-10-03T02:01:31.2011856Z [  3%] Building CXX object _deps/openfst-build/CMakeFiles/fst.dir/src/lib/compat.cc.o
2026-10-03T02:01:31.4009492Z [  3%] Building C object _deps/espeak_ng-build/src/ucd-tools/CMakeFiles/ucd.dir/src/scripts.c.o
2026-10-03T02:01:31.5009699Z [  3%] Building C object _deps/espeak_ng-build/src/ucd-tools/CMakeFiles/ucd.dir/src/tostring.c.o
2026-10-03T02:01:31.5010785Z [  4%] Linking C static library ../../../../lib/libucd.a
2026-10-03T02:01:31.5011422Z [  4%] Built target ucd
2026-10-03T02:01:31.5012581Z [  4%] Building CXX object _deps/simple-sentencepiece-build/ssentencepiece/csrc/CMakeFiles/ssentencepiece_core.dir/ssentencepiece.cc.o
2026-10-03T02:01:31.9009497Z [  5%] Building CXX object _deps/openfst-build/CMakeFiles/fst.dir/src/lib/encode.cc.o
2026-10-03T02:01:32.8009542Z [  5%] Building CXX object _deps/openfst-build/CMakeFiles/fst.dir/src/lib/flags.cc.o
2026-10-03T02:01:33.9008908Z [  5%] Building CXX object _deps/openfst-build/CMakeFiles/fst.dir/src/lib/fst.cc.o
2026-10-03T02:01:34.2018414Z [  5%] Linking CXX static library ../../../../lib/libssentencepiece_core.a
2026-10-03T02:01:34.2020117Z [  5%] Built target ssentencepiece_core
2026-10-03T02:01:34.2021458Z [  5%] Building C object _deps/espeak_ng-build/src/libespeak-ng/CMakeFiles/espeak-ng.dir/common.c.o
2026-10-03T02:01:34.3011598Z [  5%] Building C object _deps/espeak_ng-build/src/libespeak-ng/CMakeFiles/espeak-ng.dir/mnemonics.c.o
2026-10-03T02:01:34.3013404Z [  5%] Building C object _deps/espeak_ng-build/src/libespeak-ng/CMakeFiles/espeak-ng.dir/error.c.o
2026-10-03T02:01:34.4009272Z [  6%] Building C object _deps/espeak_ng-build/src/libespeak-ng/CMakeFiles/espeak-ng.dir/ieee80.c.o
2026-10-03T02:01:34.4010890Z [  6%] Building C object _deps/espeak_ng-build/src/libespeak-ng/CMakeFiles/espeak-ng.dir/compiledata.c.o
2026-10-03T02:01:34.8009202Z [  6%] Building C object _deps/espeak_ng-build/src/libespeak-ng/CMakeFiles/espeak-ng.dir/compiledict.c.o
2026-10-03T02:01:35.1008850Z [  7%] Building C object _deps/espeak_ng-build/src/libespeak-ng/CMakeFiles/espeak-ng.dir/dictionary.c.o
2026-10-03T02:01:35.1010817Z [  8%] Building CXX object _deps/openfst-build/CMakeFiles/fst.dir/src/lib/fst-types.cc.o
2026-10-03T02:01:35.6009677Z [  8%] Building C object _deps/espeak_ng-build/src/libespeak-ng/CMakeFiles/espeak-ng.dir/encoding.c.o
2026-10-03T02:01:35.7009435Z [  8%] Building C object _deps/espeak_ng-build/src/libespeak-ng/CMakeFiles/espeak-ng.dir/intonation.c.o
2026-10-03T02:01:35.9009188Z [  9%] Building C object _deps/espeak_ng-build/src/libespeak-ng/CMakeFiles/espeak-ng.dir/langopts.c.o
2026-10-03T02:01:35.9010807Z [  9%] Building C object _deps/espeak_ng-build/src/libespeak-ng/CMakeFiles/espeak-ng.dir/numbers.c.o
2026-10-03T02:01:36.2009678Z [  9%] Building C object _deps/espeak_ng-build/src/libespeak-ng/CMakeFiles/espeak-ng.dir/phoneme.c.o
2026-10-03T02:01:36.2011393Z [  9%] Building C object _deps/espeak_ng-build/src/libespeak-ng/CMakeFiles/espeak-ng.dir/phonemelist.c.o
2026-10-03T02:01:36.3009410Z [ 10%] Building C object _deps/espeak_ng-build/src/libespeak-ng/CMakeFiles/espeak-ng.dir/readclause.c.o
2026-10-03T02:01:36.5009405Z [ 10%] Building C object _deps/espeak_ng-build/src/libespeak-ng/CMakeFiles/espeak-ng.dir/setlengths.c.o
2026-10-03T02:01:36.6009399Z [ 10%] Building C object _deps/espeak_ng-build/src/libespeak-ng/CMakeFiles/espeak-ng.dir/soundicon.c.o
2026-10-03T02:01:36.6011030Z [ 11%] Building C object _deps/espeak_ng-build/src/libespeak-ng/CMakeFiles/espeak-ng.dir/spect.c.o
2026-10-03T02:01:36.8008803Z [ 11%] Building C object _deps/espeak_ng-build/src/libespeak-ng/CMakeFiles/espeak-ng.dir/ssml.c.o
2026-10-03T02:01:36.9008893Z [ 11%] Building C object _deps/espeak_ng-build/src/libespeak-ng/CMakeFiles/espeak-ng.dir/synthdata.c.o
2026-10-03T02:01:37.1009251Z [ 12%] Building C object _deps/espeak_ng-build/src/libespeak-ng/CMakeFiles/espeak-ng.dir/synthesize.c.o
2026-10-03T02:01:37.4009269Z [ 12%] Building C object _deps/espeak_ng-build/src/libespeak-ng/CMakeFiles/espeak-ng.dir/tr_languages.c.o
2026-10-03T02:01:37.6009355Z [ 12%] Building C object _deps/espeak_ng-build/src/libespeak-ng/CMakeFiles/espeak-ng.dir/translate.c.o
2026-10-03T02:01:37.9008447Z [ 13%] Building C object _deps/espeak_ng-build/src/libespeak-ng/CMakeFiles/espeak-ng.dir/translateword.c.o
2026-10-03T02:01:38.1009314Z [ 13%] Building C object _deps/espeak_ng-build/src/libespeak-ng/CMakeFiles/espeak-ng.dir/voices.c.o
2026-10-03T02:01:38.4008678Z [ 13%] Building C object _deps/espeak_ng-build/src/libespeak-ng/CMakeFiles/espeak-ng.dir/wavegen.c.o
2026-10-03T02:01:38.7009396Z [ 13%] Building C object _deps/espeak_ng-build/src/libespeak-ng/CMakeFiles/espeak-ng.dir/speech.c.o
2026-10-03T02:01:38.8008701Z [ 14%] Building C object _deps/espeak_ng-build/src/libespeak-ng/CMakeFiles/espeak-ng.dir/espeak_api.c.o
2026-10-03T02:01:38.8010520Z [ 14%] Linking C static library ../../../../lib/libespeak-ng.a
2026-10-03T02:01:38.9008563Z [ 14%] Built target espeak-ng
2026-10-03T02:01:38.9010646Z [ 14%] Building CXX object _deps/kaldi_native_fbank-build/kaldi-native-fbank/csrc/CMakeFiles/kaldi-native-fbank-core.dir/feature-fbank.cc.o
2026-10-03T02:01:39.8012985Z [ 15%] Building CXX object _deps/kaldi_native_fbank-build/kaldi-native-fbank/csrc/CMakeFiles/kaldi-native-fbank-core.dir/feature-functions.cc.o
2026-10-03T02:01:40.2009493Z [ 15%] Building CXX object _deps/kaldi_native_fbank-build/kaldi-native-fbank/csrc/CMakeFiles/kaldi-native-fbank-core.dir/feature-mfcc.cc.o
2026-10-03T02:01:41.0009520Z [ 15%] Building CXX object _deps/kaldi_native_fbank-build/kaldi-native-fbank/csrc/CMakeFiles/kaldi-native-fbank-core.dir/feature-raw-audio-samples.cc.o
2026-10-03T02:01:41.7009852Z [ 16%] Building CXX object _deps/kaldi_native_fbank-build/kaldi-native-fbank/csrc/CMakeFiles/kaldi-native-fbank-core.dir/feature-window.cc.o
2026-10-03T02:01:42.4009582Z [ 16%] Building CXX object _deps/kaldi_native_fbank-build/kaldi-native-fbank/csrc/CMakeFiles/kaldi-native-fbank-core.dir/istft.cc.o
2026-10-03T02:01:43.0012491Z [ 16%] Building CXX object _deps/kaldi_native_fbank-build/kaldi-native-fbank/csrc/CMakeFiles/kaldi-native-fbank-core.dir/kaldi-math.cc.o
2026-10-03T02:01:43.4009323Z [ 17%] Building CXX object _deps/kaldi_native_fbank-build/kaldi-native-fbank/csrc/CMakeFiles/kaldi-native-fbank-core.dir/mel-computations.cc.o
2026-10-03T02:01:44.3009539Z [ 17%] Building CXX object _deps/kaldi_native_fbank-build/kaldi-native-fbank/csrc/CMakeFiles/kaldi-native-fbank-core.dir/online-feature.cc.o
2026-10-03T02:01:45.3009488Z [ 17%] Building CXX object _deps/kaldi_native_fbank-build/kaldi-native-fbank/csrc/CMakeFiles/kaldi-native-fbank-core.dir/rfft.cc.o
2026-10-03T02:01:45.9030909Z [ 18%] Building CXX object _deps/kaldi_native_fbank-build/kaldi-native-fbank/csrc/CMakeFiles/kaldi-native-fbank-core.dir/stft.cc.o
2026-10-03T02:01:46.6009881Z [ 18%] Building CXX object _deps/kaldi_native_fbank-build/kaldi-native-fbank/csrc/CMakeFiles/kaldi-native-fbank-core.dir/whisper-feature.cc.o
2026-10-03T02:01:47.3008686Z [ 18%] Linking CXX static library ../../../../lib/libkaldi-native-fbank-core.a
2026-10-03T02:01:47.4008323Z [ 18%] Built target kaldi-native-fbank-core
2026-10-03T02:01:47.4009728Z [ 18%] Building CXX object _deps/openfst-build/CMakeFiles/fst.dir/src/lib/mapped-file.cc.o
2026-10-03T02:01:48.0009296Z [ 18%] Building CXX object _deps/openfst-build/CMakeFiles/fst.dir/src/lib/properties.cc.o
2026-10-03T02:01:48.6009211Z [ 19%] Building CXX object _deps/openfst-build/CMakeFiles/fst.dir/src/lib/symbol-table.cc.o
2026-10-03T02:01:50.3008841Z [ 19%] Building CXX object _deps/openfst-build/CMakeFiles/fst.dir/src/lib/symbol-table-ops.cc.o
2026-10-03T02:01:51.5008705Z [ 19%] Building CXX object _deps/openfst-build/CMakeFiles/fst.dir/src/lib/util.cc.o
2026-10-03T02:01:52.4008884Z [ 19%] Building CXX object _deps/openfst-build/CMakeFiles/fst.dir/src/lib/weight.cc.o
2026-10-03T02:01:53.2009274Z [ 20%] Building CXX object _deps/piper_phonemize-build/CMakeFiles/piper_phonemize.dir/src/phonemize.cpp.o
2026-10-03T02:01:53.5008971Z [ 21%] Linking CXX static library ../../lib/libsherpa-onnx-fst.a
2026-10-03T02:01:53.5010349Z [ 21%] Built target fst
2026-10-03T02:01:53.5011556Z [ 21%] Building CXX object _deps/piper_phonemize-build/CMakeFiles/piper_phonemize.dir/src/phoneme_ids.cpp.o
2026-10-03T02:01:55.3008664Z [ 21%] Building CXX object _deps/piper_phonemize-build/CMakeFiles/piper_phonemize.dir/src/shared.cpp.o
2026-10-03T02:01:55.3010380Z [ 21%] Building CXX object _deps/openfst-build/CMakeFiles/fstfar.dir/src/extensions/far/far.cc.o
2026-10-03T02:01:55.4008258Z [ 22%] Linking CXX static library ../../lib/libpiper_phonemize.a
2026-10-03T02:01:55.4009338Z [ 22%] Built target piper_phonemize
2026-10-03T02:01:55.4010375Z [ 22%] Building CXX object _deps/kaldifst-build/kaldifst/csrc/CMakeFiles/kaldifst_core.dir/context-fst.cc.o
2026-10-03T02:01:56.4008679Z [ 22%] Building CXX object _deps/openfst-build/CMakeFiles/fstfar.dir/src/extensions/far/stlist.cc.o
2026-10-03T02:01:57.1009406Z [ 23%] Building CXX object _deps/openfst-build/CMakeFiles/fstfar.dir/src/extensions/far/sttable.cc.o
2026-10-03T02:01:57.8022470Z [ 23%] Linking CXX static library ../../lib/libsherpa-onnx-fstfar.a
2026-10-03T02:01:57.8031145Z [ 23%] Built target fstfar
2026-10-03T02:01:57.8032483Z [ 24%] Building CXX object _deps/kaldifst-build/kaldifst/csrc/CMakeFiles/kaldifst_core.dir/kaldi-fst-io.cc.o
2026-10-03T02:01:58.4010034Z [ 24%] Building CXX object _deps/kaldifst-build/kaldifst/csrc/CMakeFiles/kaldifst_core.dir/kaldi-holder.cc.o
2026-10-03T02:01:58.9009617Z [ 24%] Building CXX object _deps/kaldifst-build/kaldifst/csrc/CMakeFiles/kaldifst_core.dir/kaldi-io.cc.o
2026-10-03T02:02:00.0009226Z [ 25%] Building CXX object _deps/kaldifst-build/kaldifst/csrc/CMakeFiles/kaldifst_core.dir/kaldi-math.cc.o
2026-10-03T02:02:00.5009648Z [ 25%] Building CXX object _deps/kaldifst-build/kaldifst/csrc/CMakeFiles/kaldifst_core.dir/kaldi-semaphore.cc.o
2026-10-03T02:02:01.0008895Z [ 25%] Building CXX object _deps/kaldifst-build/kaldifst/csrc/CMakeFiles/kaldifst_core.dir/kaldi-table.cc.o
2026-10-03T02:02:01.2009423Z [ 26%] Building CXX object _deps/kaldifst-build/kaldifst/csrc/CMakeFiles/kaldifst_core.dir/parse-options.cc.o
2026-10-03T02:02:01.7009409Z [ 26%] Building CXX object _deps/kaldifst-build/kaldifst/csrc/CMakeFiles/kaldifst_core.dir/text-normalizer.cc.o
2026-10-03T02:02:01.9008816Z [ 26%] Building CXX object _deps/kaldifst-build/kaldifst/csrc/CMakeFiles/kaldifst_core.dir/text-utils.cc.o
2026-10-03T02:02:12.1008703Z [ 27%] Linking CXX static library ../../../../lib/libsherpa-onnx-kaldifst-core.a
2026-10-03T02:02:12.1010206Z [ 27%] Built target kaldifst_core
2026-10-03T02:02:12.1011630Z [ 27%] Building CXX object _deps/kaldi_decoder-build/kaldi-decoder/csrc/CMakeFiles/kaldi-decoder-core.dir/decodable-ctc.cc.o
2026-10-03T02:02:12.1013306Z [ 28%] Building CXX object _deps/kaldi_decoder-build/kaldi-decoder/csrc/CMakeFiles/kaldi-decoder-core.dir/eigen.cc.o
2026-10-03T02:02:13.3009589Z [ 28%] Building CXX object _deps/kaldi_decoder-build/kaldi-decoder/csrc/CMakeFiles/kaldi-decoder-core.dir/faster-decoder.cc.o
2026-10-03T02:02:13.6009614Z [ 28%] Building CXX object _deps/kaldi_decoder-build/kaldi-decoder/csrc/CMakeFiles/kaldi-decoder-core.dir/lattice-faster-decoder.cc.o
2026-10-03T02:02:14.8009748Z [ 29%] Building CXX object _deps/kaldi_decoder-build/kaldi-decoder/csrc/CMakeFiles/kaldi-decoder-core.dir/lattice-simple-decoder.cc.o
2026-10-03T02:02:15.8009425Z [ 29%] Building CXX object _deps/kaldi_decoder-build/kaldi-decoder/csrc/CMakeFiles/kaldi-decoder-core.dir/simple-decoder.cc.o
2026-10-03T02:02:22.8008626Z [ 29%] Linking CXX static library ../../../../lib/libkaldi-decoder-core.a
2026-10-03T02:02:22.8010050Z [ 29%] Built target kaldi-decoder-core
2026-10-03T02:02:22.8011279Z [ 29%] Building CXX object sherpa-onnx/csrc/CMakeFiles/sherpa-onnx-core.dir/base64-decode.cc.o
2026-10-03T02:02:22.8012494Z [ 29%] Building CXX object sherpa-onnx/csrc/CMakeFiles/sherpa-onnx-core.dir/bbpe.cc.o
2026-10-03T02:02:23.2008909Z [ 29%] Building CXX object sherpa-onnx/csrc/CMakeFiles/sherpa-onnx-core.dir/cat.cc.o
2026-10-03T02:02:23.8009981Z [ 30%] Building CXX object sherpa-onnx/csrc/CMakeFiles/sherpa-onnx-core.dir/circular-buffer.cc.o
2026-10-03T02:02:24.3008810Z [ 30%] Building CXX object sherpa-onnx/csrc/CMakeFiles/sherpa-onnx-core.dir/context-graph.cc.o
2026-10-03T02:02:24.6009328Z [ 30%] Building CXX object sherpa-onnx/csrc/CMakeFiles/sherpa-onnx-core.dir/endpoint.cc.o
2026-10-03T02:02:25.3008722Z [ 31%] Building CXX object sherpa-onnx/csrc/CMakeFiles/sherpa-onnx-core.dir/features.cc.o
2026-10-03T02:02:25.3010301Z [ 31%] Building CXX object sherpa-onnx/csrc/CMakeFiles/sherpa-onnx-core.dir/file-utils.cc.o
2026-10-03T02:02:25.9008839Z [ 31%] Building CXX object sherpa-onnx/csrc/CMakeFiles/sherpa-onnx-core.dir/fst-utils.cc.o
2026-10-03T02:02:26.3009298Z [ 32%] Building CXX object sherpa-onnx/csrc/CMakeFiles/sherpa-onnx-core.dir/homophone-replacer.cc.o
2026-10-03T02:02:28.3008888Z [ 32%] Building CXX object sherpa-onnx/csrc/CMakeFiles/sherpa-onnx-core.dir/hypothesis.cc.o
2026-10-03T02:02:29.4009279Z [ 32%] Building CXX object sherpa-onnx/csrc/CMakeFiles/sherpa-onnx-core.dir/keyword-spotter-impl.cc.o
2026-10-03T02:02:31.0009647Z [ 33%] Building CXX object sherpa-onnx/csrc/CMakeFiles/sherpa-onnx-core.dir/keyword-spotter.cc.o
2026-10-03T02:02:33.6008738Z [ 33%] Building CXX object sherpa-onnx/csrc/CMakeFiles/sherpa-onnx-core.dir/lfr.cc.o
2026-10-03T02:02:34.1009219Z [ 33%] Building CXX object sherpa-onnx/csrc/CMakeFiles/sherpa-onnx-core.dir/lodr-fst.cc.o
2026-10-03T02:02:35.0008641Z [ 33%] Building CXX object sherpa-onnx/csrc/CMakeFiles/sherpa-onnx-core.dir/math.cc.o
2026-10-03T02:02:37.8009234Z [ 34%] Building CXX object sherpa-onnx/csrc/CMakeFiles/sherpa-onnx-core.dir/normal-data-generator.cc.o
2026-10-03T02:02:38.3009307Z [ 34%] Building CXX object sherpa-onnx/csrc/CMakeFiles/sherpa-onnx-core.dir/offline-canary-model-config.cc.o
2026-10-03T02:02:38.5009595Z [ 34%] Building CXX object sherpa-onnx/csrc/CMakeFiles/sherpa-onnx-core.dir/offline-canary-model.cc.o
2026-10-03T02:02:39.0012407Z [ 35%] Building CXX object sherpa-onnx/csrc/CMakeFiles/sherpa-onnx-core.dir/offline-cohere-transcribe-greedy-search-decoder.cc.o
2026-10-03T02:02:40.2009835Z [ 35%] Building CXX object sherpa-onnx/csrc/CMakeFiles/sherpa-onnx-core.dir/offline-cohere-transcribe-model-config.cc.o
2026-10-03T02:02:40.8009397Z [ 35%] Building CXX object sherpa-onnx/csrc/CMakeFiles/sherpa-onnx-core.dir/offline-cohere-transcribe-model.cc.o
2026-10-03T02:02:41.1009560Z [ 36%] Building CXX object sherpa-onnx/csrc/CMakeFiles/sherpa-onnx-core.dir/offline-ctc-fst-decoder-config.cc.o
2026-10-03T02:02:42.0008933Z [ 36%] Building CXX object sherpa-onnx/csrc/CMakeFiles/sherpa-onnx-core.dir/offline-ctc-fst-decoder.cc.o
2026-10-03T02:02:43.2009223Z [ 36%] Building CXX object sherpa-onnx/csrc/CMakeFiles/sherpa-onnx-core.dir/offline-ctc-greedy-search-decoder.cc.o
2026-10-03T02:02:44.3008875Z [ 37%] Building CXX object sherpa-onnx/csrc/CMakeFiles/sherpa-onnx-core.dir/offline-ctc-model.cc.o
2026-10-03T02:02:45.6008871Z [ 37%] Building CXX object sherpa-onnx/csrc/CMakeFiles/sherpa-onnx-core.dir/offline-dolphin-model-config.cc.o
2026-10-03T02:02:46.0008959Z [ 37%] Building CXX object sherpa-onnx/csrc/CMakeFiles/sherpa-onnx-core.dir/offline-dolphin-model.cc.o
2026-10-03T02:02:46.4008581Z [ 37%] Building CXX object sherpa-onnx/csrc/CMakeFiles/sherpa-onnx-core.dir/offline-fire-red-asr-ctc-model-config.cc.o
2026-10-03T02:02:47.1008842Z [ 38%] Building CXX object sherpa-onnx/csrc/CMakeFiles/sherpa-onnx-core.dir/offline-fire-red-asr-ctc-model.cc.o
2026-10-03T02:02:48.2008931Z [ 38%] Building CXX object sherpa-onnx/csrc/CMakeFiles/sherpa-onnx-core.dir/offline-fire-red-asr-greedy-search-decoder.cc.o
2026-10-03T02:02:49.4009408Z [ 38%] Building CXX object sherpa-onnx/csrc/CMakeFiles/sherpa-onnx-core.dir/offline-fire-red-asr-model-config.cc.o
2026-10-03T02:02:49.5009462Z [ 39%] Building CXX object sherpa-onnx/csrc/CMakeFiles/sherpa-onnx-core.dir/offline-fire-red-asr-model.cc.o
2026-10-03T02:02:50.1008654Z [ 39%] Building CXX object sherpa-onnx/csrc/CMakeFiles/sherpa-onnx-core.dir/offline-lm-config.cc.o
2026-10-03T02:02:50.9009691Z [ 39%] Building CXX object sherpa-onnx/csrc/CMakeFiles/sherpa-onnx-core.dir/offline-lm.cc.o
2026-10-03T02:02:51.3009372Z [ 40%] Building CXX object sherpa-onnx/csrc/CMakeFiles/sherpa-onnx-core.dir/offline-medasr-ctc-model-config.cc.o
2026-10-03T02:02:52.0008823Z [ 40%] Building CXX object sherpa-onnx/csrc/CMakeFiles/sherpa-onnx-core.dir/offline-medasr-ctc-model.cc.o
2026-10-03T02:02:53.3008723Z [ 40%] Building CXX object sherpa-onnx/csrc/CMakeFiles/sherpa-onnx-core.dir/offline-model-config.cc.o
2026-10-03T02:02:53.6009362Z [ 41%] Building CXX object sherpa-onnx/csrc/CMakeFiles/sherpa-onnx-core.dir/offline-moonshine-greedy-search-decoder.cc.o
2026-10-03T02:02:54.1009218Z [ 41%] Building CXX object sherpa-onnx/csrc/CMakeFiles/sherpa-onnx-core.dir/offline-moonshine-model-config.cc.o
2026-10-03T02:02:55.0008631Z [ 41%] Building CXX object sherpa-onnx/csrc/CMakeFiles/sherpa-onnx-core.dir/offline-moonshine-model-v2.cc.o
2026-10-03T02:02:55.0011012Z [ 41%] Building CXX object sherpa-onnx/csrc/CMakeFiles/sherpa-onnx-core.dir/offline-moonshine-model.cc.o
2026-10-03T02:02:56.6008921Z [ 42%] Building CXX object sherpa-onnx/csrc/CMakeFiles/sherpa-onnx-core.dir/offline-moonshine-v2-greedy-search-decoder.cc.o
2026-10-03T02:02:56.7009493Z [ 42%] Building CXX object sherpa-onnx/csrc/CMakeFiles/sherpa-onnx-core.dir/offline-nemo-enc-dec-ctc-model-config.cc.o
2026-10-03T02:02:57.5009537Z [ 42%] Building CXX object sherpa-onnx/csrc/CMakeFiles/sherpa-onnx-core.dir/offline-nemo-enc-dec-ctc-model.cc.o
2026-10-03T02:02:57.9008512Z [ 43%] Building CXX object sherpa-onnx/csrc/CMakeFiles/sherpa-onnx-core.dir/offline-omnilingual-asr-ctc-model-config.cc.o
2026-10-03T02:02:58.6009341Z [ 43%] Building CXX object sherpa-onnx/csrc/CMakeFiles/sherpa-onnx-core.dir/offline-omnilingual-asr-ctc-model.cc.o
2026-10-03T02:02:59.1009560Z [ 43%] Building CXX object sherpa-onnx/csrc/CMakeFiles/sherpa-onnx-core.dir/offline-paraformer-greedy-search-decoder.cc.o
2026-10-03T02:03:00.2008853Z [ 44%] Building CXX object sherpa-onnx/csrc/CMakeFiles/sherpa-onnx-core.dir/offline-paraformer-model-config.cc.o
2026-10-03T02:03:00.9008885Z [ 44%] Building CXX object sherpa-onnx/csrc/CMakeFiles/sherpa-onnx-core.dir/offline-paraformer-model.cc.o
2026-10-03T02:03:01.2009605Z [ 44%] Building CXX object sherpa-onnx/csrc/CMakeFiles/sherpa-onnx-core.dir/offline-recognizer-impl.cc.o
2026-10-03T02:03:02.4008906Z [ 45%] Building CXX object sherpa-onnx/csrc/CMakeFiles/sherpa-onnx-core.dir/offline-recognizer.cc.o
2026-10-03T02:03:04.1009285Z [ 45%] Building CXX object sherpa-onnx/csrc/CMakeFiles/sherpa-onnx-core.dir/offline-rnn-lm.cc.o
2026-10-03T02:03:06.6009458Z [ 45%] Building CXX object sherpa-onnx/csrc/CMakeFiles/sherpa-onnx-core.dir/offline-sense-voice-model-config.cc.o
2026-10-03T02:03:07.5009545Z [ 45%] Building CXX object sherpa-onnx/csrc/CMakeFiles/sherpa-onnx-core.dir/offline-sense-voice-model.cc.o
2026-10-03T02:03:09.3008915Z [ 46%] Building CXX object sherpa-onnx/csrc/CMakeFiles/sherpa-onnx-core.dir/offline-source-separation-impl.cc.o
2026-10-03T02:03:11.4009763Z [ 46%] Building CXX object sherpa-onnx/csrc/CMakeFiles/sherpa-onnx-core.dir/offline-source-separation-model-config.cc.o
2026-10-03T02:03:12.0008729Z [ 46%] Building CXX object sherpa-onnx/csrc/CMakeFiles/sherpa-onnx-core.dir/offline-source-separation-spleeter-model-config.cc.o
2026-10-03T02:03:12.4009591Z [ 47%] Building CXX object sherpa-onnx/csrc/CMakeFiles/sherpa-onnx-core.dir/offline-source-separation-spleeter-model.cc.o
2026-10-03T02:03:12.8009469Z [ 47%] Building CXX object sherpa-onnx/csrc/CMakeFiles/sherpa-onnx-core.dir/offline-source-separation-uvr-model-config.cc.o
2026-10-03T02:03:13.5009296Z [ 47%] Building CXX object sherpa-onnx/csrc/CMakeFiles/sherpa-onnx-core.dir/offline-source-separation-uvr-model.cc.o
2026-10-03T02:03:13.8009225Z [ 48%] Building CXX object sherpa-onnx/csrc/CMakeFiles/sherpa-onnx-core.dir/offline-source-separation.cc.o
2026-10-03T02:03:14.5009277Z [ 48%] Building CXX object sherpa-onnx/csrc/CMakeFiles/sherpa-onnx-core.dir/offline-stream.cc.o
2026-10-03T02:03:15.0009824Z [ 48%] Building CXX object sherpa-onnx/csrc/CMakeFiles/sherpa-onnx-core.dir/offline-tdnn-ctc-model.cc.o
2026-10-03T02:03:16.5008902Z [ 49%] Building CXX object sherpa-onnx/csrc/CMakeFiles/sherpa-onnx-core.dir/offline-tdnn-model-config.cc.o
2026-10-03T02:03:16.6009569Z [ 49%] Building CXX object sherpa-onnx/csrc/CMakeFiles/sherpa-onnx-core.dir/offline-telespeech-ctc-model.cc.o
2026-10-03T02:03:17.3009299Z [ 49%] Building CXX object sherpa-onnx/csrc/CMakeFiles/sherpa-onnx-core.dir/offline-transducer-greedy-search-decoder.cc.o
2026-10-03T02:03:18.2009814Z [ 49%] Building CXX object sherpa-onnx/csrc/CMakeFiles/sherpa-onnx-core.dir/offline-transducer-greedy-search-nemo-decoder.cc.o
2026-10-03T02:03:19.8009401Z [ 50%] Building CXX object sherpa-onnx/csrc/CMakeFiles/sherpa-onnx-core.dir/offline-transducer-model-config.cc.o
2026-10-03T02:03:20.4009462Z [ 50%] Building CXX object sherpa-onnx/csrc/CMakeFiles/sherpa-onnx-core.dir/offline-transducer-model.cc.o
2026-10-03T02:03:20.7009490Z [ 50%] Building CXX object sherpa-onnx/csrc/CMakeFiles/sherpa-onnx-core.dir/offline-transducer-modified-beam-search-decoder.cc.o
2026-10-03T02:03:23.2009499Z [ 51%] Building CXX object sherpa-onnx/csrc/CMakeFiles/sherpa-onnx-core.dir/offline-transducer-modified-beam-search-nemo-decoder.cc.o
2026-10-03T02:03:24.2009360Z [ 51%] Building CXX object sherpa-onnx/csrc/CMakeFiles/sherpa-onnx-core.dir/offline-transducer-nemo-model.cc.o
2026-10-03T02:03:25.9009214Z [ 51%] Building CXX object sherpa-onnx/csrc/CMakeFiles/sherpa-onnx-core.dir/offline-wenet-ctc-model-config.cc.o
2026-10-03T02:03:26.7008726Z [ 52%] Building CXX object sherpa-onnx/csrc/CMakeFiles/sherpa-onnx-core.dir/offline-wenet-ctc-model.cc.o
2026-10-03T02:03:26.7010523Z [ 52%] Building CXX object sherpa-onnx/csrc/CMakeFiles/sherpa-onnx-core.dir/offline-whisper-dtw.cc.o
2026-10-03T02:03:27.7009464Z [ 52%] Building CXX object sherpa-onnx/csrc/CMakeFiles/sherpa-onnx-core.dir/offline-whisper-greedy-search-decoder.cc.o
2026-10-03T02:03:28.1009487Z [ 53%] Building CXX object sherpa-onnx/csrc/CMakeFiles/sherpa-onnx-core.dir/offline-whisper-model-config.cc.o
2026-10-03T02:03:29.6009292Z [ 53%] Building CXX object sherpa-onnx/csrc/CMakeFiles/sherpa-onnx-core.dir/offline-whisper-model.cc.o
2026-10-03T02:03:30.0009539Z [ 53%] Building CXX object sherpa-onnx/csrc/CMakeFiles/sherpa-onnx-core.dir/offline-whisper-timestamp-rules.cc.o
2026-10-03T02:03:31.2009471Z [ 53%] Building CXX object sherpa-onnx/csrc/CMakeFiles/sherpa-onnx-core.dir/offline-zipformer-ctc-model-config.cc.o
2026-10-03T02:03:32.1009508Z [ 54%] Building CXX object sherpa-onnx/csrc/CMakeFiles/sherpa-onnx-core.dir/offline-zipformer-ctc-model.cc.o
2026-10-03T02:03:32.4009578Z [ 54%] Building CXX object sherpa-onnx/csrc/CMakeFiles/sherpa-onnx-core.dir/online-conformer-transducer-model.cc.o
2026-10-03T02:03:33.6009397Z [ 54%] Building CXX object sherpa-onnx/csrc/CMakeFiles/sherpa-onnx-core.dir/online-ctc-fst-decoder-config.cc.o
2026-10-03T02:03:34.4009484Z [ 55%] Building CXX object sherpa-onnx/csrc/CMakeFiles/sherpa-onnx-core.dir/online-ctc-fst-decoder.cc.o
2026-10-03T02:03:35.1009529Z [ 55%] Building CXX object sherpa-onnx/csrc/CMakeFiles/sherpa-onnx-core.dir/online-ctc-greedy-search-decoder.cc.o
2026-10-03T02:03:36.8008855Z [ 55%] Building CXX object sherpa-onnx/csrc/CMakeFiles/sherpa-onnx-core.dir/online-ctc-model.cc.o
2026-10-03T02:03:37.9008694Z [ 56%] Building CXX object sherpa-onnx/csrc/CMakeFiles/sherpa-onnx-core.dir/online-ebranchformer-transducer-model.cc.o
2026-10-03T02:03:38.9008663Z [ 56%] Building CXX object sherpa-onnx/csrc/CMakeFiles/sherpa-onnx-core.dir/online-lm-config.cc.o
2026-10-03T02:03:39.7008761Z [ 56%] Building CXX object sherpa-onnx/csrc/CMakeFiles/sherpa-onnx-core.dir/online-lm.cc.o
2026-10-03T02:03:40.7008912Z [ 56%] Building CXX object sherpa-onnx/csrc/CMakeFiles/sherpa-onnx-core.dir/online-lstm-transducer-model.cc.o
2026-10-03T02:03:41.9009430Z [ 57%] Building CXX object sherpa-onnx/csrc/CMakeFiles/sherpa-onnx-core.dir/online-model-config.cc.o
2026-10-03T02:03:43.2009927Z [ 57%] Building CXX object sherpa-onnx/csrc/CMakeFiles/sherpa-onnx-core.dir/online-nemo-ctc-model-config.cc.o
2026-10-03T02:03:43.4008946Z [ 57%] Building CXX object sherpa-onnx/csrc/CMakeFiles/sherpa-onnx-core.dir/online-nemo-ctc-model.cc.o
2026-10-03T02:03:43.9009526Z [ 58%] Building CXX object sherpa-onnx/csrc/CMakeFiles/sherpa-onnx-core.dir/online-paraformer-model-config.cc.o
2026-10-03T02:03:44.6009330Z [ 58%] Building CXX object sherpa-onnx/csrc/CMakeFiles/sherpa-onnx-core.dir/online-paraformer-model.cc.o
2026-10-03T02:03:45.1009734Z [ 58%] Building CXX object sherpa-onnx/csrc/CMakeFiles/sherpa-onnx-core.dir/online-recognizer-impl.cc.o
2026-10-03T02:03:46.1009330Z [ 59%] Building CXX object sherpa-onnx/csrc/CMakeFiles/sherpa-onnx-core.dir/online-recognizer.cc.o
2026-10-03T02:03:48.9008585Z [ 59%] Building CXX object sherpa-onnx/csrc/CMakeFiles/sherpa-onnx-core.dir/online-rnn-lm.cc.o
2026-10-03T02:03:51.8008751Z [ 59%] Building CXX object sherpa-onnx/csrc/CMakeFiles/sherpa-onnx-core.dir/online-stream.cc.o
2026-10-03T02:03:54.0011519Z [ 60%] Building CXX object sherpa-onnx/csrc/CMakeFiles/sherpa-onnx-core.dir/online-t-one-ctc-model-config.cc.o
2026-10-03T02:03:54.7009180Z [ 60%] Building CXX object sherpa-onnx/csrc/CMakeFiles/sherpa-onnx-core.dir/online-t-one-ctc-model.cc.o
2026-10-03T02:03:55.0009176Z [ 60%] Building CXX object sherpa-onnx/csrc/CMakeFiles/sherpa-onnx-core.dir/online-transducer-decoder.cc.o
2026-10-03T02:03:56.4009479Z [ 60%] Building CXX object sherpa-onnx/csrc/CMakeFiles/sherpa-onnx-core.dir/online-transducer-greedy-search-decoder.cc.o
2026-10-03T02:03:57.5009762Z [ 61%] Building CXX object sherpa-onnx/csrc/CMakeFiles/sherpa-onnx-core.dir/online-transducer-greedy-search-nemo-parakeet-unified-decoder.cc.o
2026-10-03T02:03:58.9009368Z [ 61%] Building CXX object sherpa-onnx/csrc/CMakeFiles/sherpa-onnx-core.dir/online-transducer-greedy-search-nemo-decoder.cc.o
2026-10-03T02:04:00.4009605Z [ 61%] Building CXX object sherpa-onnx/csrc/CMakeFiles/sherpa-onnx-core.dir/online-transducer-model-config.cc.o
2026-10-03T02:04:01.3008838Z [ 62%] Building CXX object sherpa-onnx/csrc/CMakeFiles/sherpa-onnx-core.dir/online-transducer-model.cc.o
2026-10-03T02:04:01.7009343Z [ 62%] Building CXX object sherpa-onnx/csrc/CMakeFiles/sherpa-onnx-core.dir/online-transducer-modified-beam-search-decoder.cc.o
2026-10-03T02:04:03.8009275Z [ 62%] Building CXX object sherpa-onnx/csrc/CMakeFiles/sherpa-onnx-core.dir/online-transducer-nemo-parakeet-unified-model.cc.o
2026-10-03T02:04:05.2008824Z [ 63%] Building CXX object sherpa-onnx/csrc/CMakeFiles/sherpa-onnx-core.dir/online-transducer-nemo-model.cc.o
2026-10-03T02:04:05.5009494Z [ 63%] Building CXX object sherpa-onnx/csrc/CMakeFiles/sherpa-onnx-core.dir/online-wenet-ctc-model-config.cc.o
2026-10-03T02:04:06.3008745Z [ 63%] Building CXX object sherpa-onnx/csrc/CMakeFiles/sherpa-onnx-core.dir/online-wenet-ctc-model.cc.o
2026-10-03T02:04:07.8009206Z [ 64%] Building CXX object sherpa-onnx/csrc/CMakeFiles/sherpa-onnx-core.dir/online-zipformer-transducer-model.cc.o
2026-10-03T02:04:10.5009569Z [ 64%] Building CXX object sherpa-onnx/csrc/CMakeFiles/sherpa-onnx-core.dir/online-zipformer2-ctc-model-config.cc.o
2026-10-03T02:04:10.9009531Z [ 64%] Building CXX object sherpa-onnx/csrc/CMakeFiles/sherpa-onnx-core.dir/online-zipformer2-ctc-model.cc.o
2026-10-03T02:04:11.3009365Z [ 64%] Building CXX object sherpa-onnx/csrc/CMakeFiles/sherpa-onnx-core.dir/online-zipformer2-transducer-model.cc.o
2026-10-03T02:04:13.0009534Z [ 65%] Building CXX object sherpa-onnx/csrc/CMakeFiles/sherpa-onnx-core.dir/onnx-utils.cc.o
2026-10-03T02:04:14.4008904Z [ 65%] Building CXX object sherpa-onnx/csrc/CMakeFiles/sherpa-onnx-core.dir/packed-sequence.cc.o
2026-10-03T02:04:14.8009609Z [ 65%] Building CXX object sherpa-onnx/csrc/CMakeFiles/sherpa-onnx-core.dir/pad-sequence.cc.o
2026-10-03T02:04:15.7008808Z [ 66%] Building CXX object sherpa-onnx/csrc/CMakeFiles/sherpa-onnx-core.dir/parse-options.cc.o
2026-10-03T02:04:15.8008830Z [ 66%] Building CXX object sherpa-onnx/csrc/CMakeFiles/sherpa-onnx-core.dir/phrase-matcher.cc.o
2026-10-03T02:04:16.5009552Z [ 66%] Building CXX object sherpa-onnx/csrc/CMakeFiles/sherpa-onnx-core.dir/provider-config.cc.o
2026-10-03T02:04:17.8008595Z [ 67%] Building CXX object sherpa-onnx/csrc/CMakeFiles/sherpa-onnx-core.dir/provider.cc.o
2026-10-03T02:04:18.0008781Z [ 67%] Building CXX object sherpa-onnx/csrc/CMakeFiles/sherpa-onnx-core.dir/resample.cc.o
2026-10-03T02:04:18.7008931Z [ 67%] Building CXX object sherpa-onnx/csrc/CMakeFiles/sherpa-onnx-core.dir/session.cc.o
2026-10-03T02:04:18.9009325Z [ 68%] Building CXX object sherpa-onnx/csrc/CMakeFiles/sherpa-onnx-core.dir/silero-vad-model-config.cc.o
2026-10-03T02:04:19.6009331Z [ 68%] Building CXX object sherpa-onnx/csrc/CMakeFiles/sherpa-onnx-core.dir/silero-vad-model.cc.o
2026-10-03T02:04:20.5008916Z [ 68%] Building CXX object sherpa-onnx/csrc/CMakeFiles/sherpa-onnx-core.dir/slice.cc.o
2026-10-03T02:04:21.1008744Z [ 68%] Building CXX object sherpa-onnx/csrc/CMakeFiles/sherpa-onnx-core.dir/spoken-language-identification-impl.cc.o
2026-10-03T02:04:21.5009383Z [ 69%] Building CXX object sherpa-onnx/csrc/CMakeFiles/sherpa-onnx-core.dir/spoken-language-identification.cc.o
2026-10-03T02:04:22.3008670Z [ 69%] Building CXX object sherpa-onnx/csrc/CMakeFiles/sherpa-onnx-core.dir/stack.cc.o
2026-10-03T02:04:22.6009245Z [ 69%] Building CXX object sherpa-onnx/csrc/CMakeFiles/sherpa-onnx-core.dir/symbol-table.cc.o
2026-10-03T02:04:23.5009294Z [ 70%] Building CXX object sherpa-onnx/csrc/CMakeFiles/sherpa-onnx-core.dir/ten-vad-model-config.cc.o
2026-10-03T02:04:23.9009384Z [ 70%] Building CXX object sherpa-onnx/csrc/CMakeFiles/sherpa-onnx-core.dir/ten-vad-model.cc.o
2026-10-03T02:04:24.3008778Z [ 70%] Building CXX object sherpa-onnx/csrc/CMakeFiles/sherpa-onnx-core.dir/text-utils.cc.o
2026-10-03T02:04:26.4008890Z [ 71%] Building CXX object sherpa-onnx/csrc/CMakeFiles/sherpa-onnx-core.dir/timer.cc.o
2026-10-03T02:04:26.6009604Z [ 71%] Building CXX object sherpa-onnx/csrc/CMakeFiles/sherpa-onnx-core.dir/transducer-keyword-decoder.cc.o
2026-10-03T02:04:26.9009424Z [ 71%] Building CXX object sherpa-onnx/csrc/CMakeFiles/sherpa-onnx-core.dir/transpose.cc.o
2026-10-03T02:04:27.9008682Z [ 72%] Building CXX object sherpa-onnx/csrc/CMakeFiles/sherpa-onnx-core.dir/unbind.cc.o
2026-10-03T02:04:29.1009595Z [ 72%] Building CXX object sherpa-onnx/csrc/CMakeFiles/sherpa-onnx-core.dir/utils.cc.o
2026-10-03T02:04:30.0009304Z [ 72%] Building CXX object sherpa-onnx/csrc/CMakeFiles/sherpa-onnx-core.dir/vad-model-config.cc.o
2026-10-03T02:04:30.3008805Z [ 72%] Building CXX object sherpa-onnx/csrc/CMakeFiles/sherpa-onnx-core.dir/vad-model.cc.o
2026-10-03T02:04:30.7008629Z [ 73%] Building CXX object sherpa-onnx/csrc/CMakeFiles/sherpa-onnx-core.dir/version.cc.o
2026-10-03T02:04:30.7010584Z [ 73%] Building CXX object sherpa-onnx/csrc/CMakeFiles/sherpa-onnx-core.dir/voice-activity-detector.cc.o
2026-10-03T02:04:30.9009194Z [ 73%] Building CXX object sherpa-onnx/csrc/CMakeFiles/sherpa-onnx-core.dir/wave-reader.cc.o
2026-10-03T02:04:31.7008577Z [ 74%] Building CXX object sherpa-onnx/csrc/CMakeFiles/sherpa-onnx-core.dir/wave-writer.cc.o
2026-10-03T02:04:31.7010758Z [ 74%] Building CXX object sherpa-onnx/csrc/CMakeFiles/sherpa-onnx-core.dir/speaker-embedding-extractor-impl.cc.o
2026-10-03T02:04:32.4009257Z [ 74%] Building CXX object sherpa-onnx/csrc/CMakeFiles/sherpa-onnx-core.dir/speaker-embedding-extractor-model.cc.o
2026-10-03T02:04:35.1011409Z [ 75%] Building CXX object sherpa-onnx/csrc/CMakeFiles/sherpa-onnx-core.dir/speaker-embedding-extractor-nemo-model.cc.o
2026-10-03T02:04:35.2009187Z [ 75%] Building CXX object sherpa-onnx/csrc/CMakeFiles/sherpa-onnx-core.dir/speaker-embedding-extractor.cc.o
2026-10-03T02:04:37.7009590Z [ 75%] Building CXX object sherpa-onnx/csrc/CMakeFiles/sherpa-onnx-core.dir/speaker-embedding-manager.cc.o
2026-10-03T02:04:37.8008818Z [ 76%] Building CXX object sherpa-onnx/csrc/CMakeFiles/sherpa-onnx-core.dir/audio-tagging-impl.cc.o
2026-10-03T02:04:39.7008919Z [ 76%] Building CXX object sherpa-onnx/csrc/CMakeFiles/sherpa-onnx-core.dir/audio-tagging-label-file.cc.o
2026-10-03T02:04:40.5009615Z [ 76%] Building CXX object sherpa-onnx/csrc/CMakeFiles/sherpa-onnx-core.dir/audio-tagging-model-config.cc.o
2026-10-03T02:04:40.8008542Z [ 76%] Building CXX object sherpa-onnx/csrc/CMakeFiles/sherpa-onnx-core.dir/audio-tagging.cc.o
2026-10-03T02:04:41.2008899Z [ 77%] Building CXX object sherpa-onnx/csrc/CMakeFiles/sherpa-onnx-core.dir/offline-ced-model.cc.o
2026-10-03T02:04:41.6009498Z [ 77%] Building CXX object sherpa-onnx/csrc/CMakeFiles/sherpa-onnx-core.dir/offline-zipformer-audio-tagging-model-config.cc.o
2026-10-03T02:04:42.3008554Z [ 77%] Building CXX object sherpa-onnx/csrc/CMakeFiles/sherpa-onnx-core.dir/offline-zipformer-audio-tagging-model.cc.o
2026-10-03T02:04:42.6009316Z [ 78%] Building CXX object sherpa-onnx/csrc/CMakeFiles/sherpa-onnx-core.dir/qnn-config.cc.o
2026-10-03T02:04:43.3008621Z [ 78%] Building CXX object sherpa-onnx/csrc/CMakeFiles/sherpa-onnx-core.dir/offline-ct-transformer-model.cc.o
2026-10-03T02:04:43.7008746Z [ 78%] Building CXX object sherpa-onnx/csrc/CMakeFiles/sherpa-onnx-core.dir/offline-punctuation-impl.cc.o
2026-10-03T02:04:45.0009266Z [ 79%] Building CXX object sherpa-onnx/csrc/CMakeFiles/sherpa-onnx-core.dir/offline-punctuation-model-config.cc.o
2026-10-03T02:04:45.7008595Z [ 79%] Building CXX object sherpa-onnx/csrc/CMakeFiles/sherpa-onnx-core.dir/offline-punctuation.cc.o
2026-10-03T02:04:45.8008805Z [ 79%] Building CXX object sherpa-onnx/csrc/CMakeFiles/sherpa-onnx-core.dir/online-cnn-bilstm-model.cc.o
2026-10-03T02:04:46.4009499Z [ 79%] Building CXX object sherpa-onnx/csrc/CMakeFiles/sherpa-onnx-core.dir/online-punctuation-impl.cc.o
2026-10-03T02:04:47.3008506Z [ 80%] Building CXX object sherpa-onnx/csrc/CMakeFiles/sherpa-onnx-core.dir/online-punctuation-model-config.cc.o
2026-10-03T02:04:48.0008897Z [ 80%] Building CXX object sherpa-onnx/csrc/CMakeFiles/sherpa-onnx-core.dir/online-punctuation.cc.o
2026-10-03T02:04:48.7008910Z [ 80%] Building CXX object sherpa-onnx/csrc/CMakeFiles/sherpa-onnx-core.dir/tashkeel-tokenizer.cc.o
2026-10-03T02:04:48.9009449Z [ 81%] Building CXX object sherpa-onnx/csrc/CMakeFiles/sherpa-onnx-core.dir/offline-catt-model.cc.o
2026-10-03T02:04:50.3009391Z [ 81%] Building CXX object sherpa-onnx/csrc/CMakeFiles/sherpa-onnx-core.dir/offline-diacritization-model-config.cc.o
2026-10-03T02:04:50.6009276Z [ 81%] Building CXX object sherpa-onnx/csrc/CMakeFiles/sherpa-onnx-core.dir/offline-diacritization.cc.o
2026-10-03T02:04:51.0008783Z [ 82%] Building CXX object sherpa-onnx/csrc/CMakeFiles/sherpa-onnx-core.dir/offline-diacritization-impl.cc.o
2026-10-03T02:04:51.2009496Z [ 82%] Building CXX object sherpa-onnx/csrc/CMakeFiles/sherpa-onnx-core.dir/offline-funasr-nano-model-config.cc.o
2026-10-03T02:04:52.0008874Z [ 82%] Building CXX object sherpa-onnx/csrc/CMakeFiles/sherpa-onnx-core.dir/offline-funasr-nano-model.cc.o
2026-10-03T02:04:52.3009561Z [ 83%] Building CXX object sherpa-onnx/csrc/CMakeFiles/sherpa-onnx-core.dir/offline-recognizer-funasr-nano-impl.cc.o
2026-10-03T02:04:54.5009090Z [ 83%] Building CXX object sherpa-onnx/csrc/CMakeFiles/sherpa-onnx-core.dir/funasr-nano-tokenizer.cc.o
2026-10-03T02:04:55.5009609Z [ 83%] Building CXX object sherpa-onnx/csrc/CMakeFiles/sherpa-onnx-core.dir/offline-qwen3-asr-model-config.cc.o
2026-10-03T02:04:56.3009475Z [ 83%] Building CXX object sherpa-onnx/csrc/CMakeFiles/sherpa-onnx-core.dir/offline-qwen3-asr-model.cc.o
2026-10-03T02:04:57.4009373Z [ 84%] Building CXX object sherpa-onnx/csrc/CMakeFiles/sherpa-onnx-core.dir/offline-recognizer-qwen3-asr-impl.cc.o
2026-10-03T02:04:58.4009378Z [ 84%] Building CXX object sherpa-onnx/csrc/CMakeFiles/sherpa-onnx-core.dir/qwen-asr-tokenizer.cc.o
2026-10-03T02:05:01.3008823Z [ 84%] Building CXX object sherpa-onnx/csrc/CMakeFiles/sherpa-onnx-core.dir/character-lexicon.cc.o
2026-10-03T02:05:02.9009400Z [ 85%] Building CXX object sherpa-onnx/csrc/CMakeFiles/sherpa-onnx-core.dir/hifigan-vocoder.cc.o
2026-10-03T02:05:04.2008801Z [ 85%] Building CXX object sherpa-onnx/csrc/CMakeFiles/sherpa-onnx-core.dir/kokoro-multi-lang-lexicon.cc.o
2026-10-03T02:05:05.3009554Z [ 85%] Building CXX object sherpa-onnx/csrc/CMakeFiles/sherpa-onnx-core.dir/lexicon.cc.o
2026-10-03T02:05:07.1009436Z [ 86%] Building CXX object sherpa-onnx/csrc/CMakeFiles/sherpa-onnx-core.dir/matcha-tts-lexicon.cc.o
2026-10-03T02:05:11.9008788Z [ 86%] Building CXX object sherpa-onnx/csrc/CMakeFiles/sherpa-onnx-core.dir/melo-tts-lexicon.cc.o
2026-10-03T02:05:12.4009381Z [ 86%] Building CXX object sherpa-onnx/csrc/CMakeFiles/sherpa-onnx-core.dir/offline-tts-character-frontend.cc.o
2026-10-03T02:05:13.6009371Z [ 87%] Building CXX object sherpa-onnx/csrc/CMakeFiles/sherpa-onnx-core.dir/offline-tts-frontend.cc.o
2026-10-03T02:05:14.1008670Z [ 87%] Building CXX object sherpa-onnx/csrc/CMakeFiles/sherpa-onnx-core.dir/offline-tts-impl.cc.o
2026-10-03T02:05:16.0008925Z [ 87%] Building CXX object sherpa-onnx/csrc/CMakeFiles/sherpa-onnx-core.dir/offline-tts-kitten-model-config.cc.o
2026-10-03T02:05:16.7008859Z [ 87%] Building CXX object sherpa-onnx/csrc/CMakeFiles/sherpa-onnx-core.dir/offline-tts-kitten-model.cc.o
2026-10-03T02:05:18.4009713Z [ 88%] Building CXX object sherpa-onnx/csrc/CMakeFiles/sherpa-onnx-core.dir/offline-tts-kokoro-model-config.cc.o
2026-10-03T02:05:19.3009288Z [ 88%] Building CXX object sherpa-onnx/csrc/CMakeFiles/sherpa-onnx-core.dir/offline-tts-kokoro-model.cc.o
2026-10-03T02:05:20.9008819Z [ 88%] Building CXX object sherpa-onnx/csrc/CMakeFiles/sherpa-onnx-core.dir/offline-tts-matcha-model-config.cc.o
2026-10-03T02:05:21.2009405Z [ 89%] Building CXX object sherpa-onnx/csrc/CMakeFiles/sherpa-onnx-core.dir/offline-tts-matcha-model.cc.o
2026-10-03T02:05:21.7008466Z [ 89%] Building CXX object sherpa-onnx/csrc/CMakeFiles/sherpa-onnx-core.dir/offline-tts-model-config.cc.o
2026-10-03T02:05:22.5008714Z [ 89%] Building CXX object sherpa-onnx/csrc/CMakeFiles/sherpa-onnx-core.dir/offline-tts-pocket-model-config.cc.o
2026-10-03T02:05:22.8009352Z [ 90%] Building CXX object sherpa-onnx/csrc/CMakeFiles/sherpa-onnx-core.dir/offline-tts-pocket-model.cc.o
2026-10-03T02:05:23.2009518Z [ 90%] Building CXX object sherpa-onnx/csrc/CMakeFiles/sherpa-onnx-core.dir/offline-tts-supertonic-impl.cc.o
2026-10-03T02:05:24.5008849Z [ 90%] Building CXX object sherpa-onnx/csrc/CMakeFiles/sherpa-onnx-core.dir/offline-tts-supertonic-model-config.cc.o
2026-10-03T02:05:25.3009890Z [ 91%] Building CXX object sherpa-onnx/csrc/CMakeFiles/sherpa-onnx-core.dir/offline-tts-supertonic-model.cc.o
2026-10-03T02:05:25.4009867Z [ 91%] Building CXX object sherpa-onnx/csrc/CMakeFiles/sherpa-onnx-core.dir/offline-tts-supertonic-unicode-processor.cc.o
2026-10-03T02:05:26.3009422Z [ 91%] Building CXX object sherpa-onnx/csrc/CMakeFiles/sherpa-onnx-core.dir/offline-tts-vits-model-config.cc.o
2026-10-03T02:05:27.1009647Z [ 91%] Building CXX object sherpa-onnx/csrc/CMakeFiles/sherpa-onnx-core.dir/offline-tts-vits-model.cc.o
2026-10-03T02:05:28.8009626Z [ 92%] Building CXX object sherpa-onnx/csrc/CMakeFiles/sherpa-onnx-core.dir/offline-tts-zipvoice-model-config.cc.o
2026-10-03T02:05:29.1009354Z [ 92%] Building CXX object sherpa-onnx/csrc/CMakeFiles/sherpa-onnx-core.dir/offline-tts-zipvoice-model.cc.o
2026-10-03T02:05:29.7008917Z [ 92%] Building CXX object sherpa-onnx/csrc/CMakeFiles/sherpa-onnx-core.dir/offline-tts.cc.o
2026-10-03T02:05:30.9009911Z [ 93%] Building CXX object sherpa-onnx/csrc/CMakeFiles/sherpa-onnx-core.dir/piper-phonemize-lexicon.cc.o
2026-10-03T02:05:31.0008063Z [ 93%] Building CXX object sherpa-onnx/csrc/CMakeFiles/sherpa-onnx-core.dir/sentence-piece-tokenizer.cc.o
2026-10-03T02:05:34.0008804Z [ 93%] Building CXX object sherpa-onnx/csrc/CMakeFiles/sherpa-onnx-core.dir/vocoder.cc.o
2026-10-03T02:05:34.9008967Z [ 94%] Building CXX object sherpa-onnx/csrc/CMakeFiles/sherpa-onnx-core.dir/vocos-vocoder.cc.o
2026-10-03T02:05:35.3009404Z [ 94%] Building CXX object sherpa-onnx/csrc/CMakeFiles/sherpa-onnx-core.dir/offline-speech-denoiser-dpdfnet-model-config.cc.o
2026-10-03T02:05:36.1009739Z [ 94%] Building CXX object sherpa-onnx/csrc/CMakeFiles/sherpa-onnx-core.dir/offline-speech-denoiser-dpdfnet-model.cc.o
2026-10-03T02:05:36.5009952Z [ 95%] Building CXX object sherpa-onnx/csrc/CMakeFiles/sherpa-onnx-core.dir/offline-speech-denoiser-gtcrn-model-config.cc.o
2026-10-03T02:05:37.3009611Z [ 95%] Building CXX object sherpa-onnx/csrc/CMakeFiles/sherpa-onnx-core.dir/offline-speech-denoiser-gtcrn-model.cc.o
2026-10-03T02:05:37.7008851Z [ 95%] Building CXX object sherpa-onnx/csrc/CMakeFiles/sherpa-onnx-core.dir/offline-speech-denoiser-impl.cc.o
2026-10-03T02:05:38.8009263Z [ 95%] Building CXX object sherpa-onnx/csrc/CMakeFiles/sherpa-onnx-core.dir/offline-speech-denoiser-model-config.cc.o
2026-10-03T02:05:39.5009365Z [ 96%] Building CXX object sherpa-onnx/csrc/CMakeFiles/sherpa-onnx-core.dir/offline-speech-denoiser.cc.o
2026-10-03T02:05:39.8009313Z [ 96%] Building CXX object sherpa-onnx/csrc/CMakeFiles/sherpa-onnx-core.dir/online-speech-denoiser-impl.cc.o
2026-10-03T02:05:40.1008570Z [ 96%] Building CXX object sherpa-onnx/csrc/CMakeFiles/sherpa-onnx-core.dir/online-speech-denoiser.cc.o
2026-10-03T02:05:42.1008271Z [ 97%] Linking CXX static library ../../lib/libsherpa-onnx-core.a
2026-10-03T02:05:42.3008965Z [ 97%] Built target sherpa-onnx-core
2026-10-03T02:05:42.3010439Z [ 97%] Building CXX object sherpa-onnx/jni/CMakeFiles/sherpa-onnx-jni.dir/common.cc.o
2026-10-03T02:05:42.3011782Z [ 97%] Building CXX object sherpa-onnx/jni/CMakeFiles/sherpa-onnx-jni.dir/jni.cc.o
2026-10-03T02:05:42.8009257Z [ 98%] Building CXX object sherpa-onnx/jni/CMakeFiles/sherpa-onnx-jni.dir/offline-recognizer.cc.o
2026-10-03T02:05:43.3009335Z [ 98%] Building CXX object sherpa-onnx/jni/CMakeFiles/sherpa-onnx-jni.dir/offline-stream.cc.o
2026-10-03T02:05:44.0030617Z [ 98%] Building CXX object sherpa-onnx/jni/CMakeFiles/sherpa-onnx-jni.dir/online-stream.cc.o
2026-10-03T02:05:44.3010386Z [ 99%] Building CXX object sherpa-onnx/jni/CMakeFiles/sherpa-onnx-jni.dir/speaker-embedding-extractor.cc.o
2026-10-03T02:05:46.5009382Z [ 99%] Building CXX object sherpa-onnx/jni/CMakeFiles/sherpa-onnx-jni.dir/version.cc.o
2026-10-03T02:05:46.9009375Z [ 99%] Building CXX object sherpa-onnx/jni/CMakeFiles/sherpa-onnx-jni.dir/voice-activity-detector.cc.o
2026-10-03T02:05:47.0009359Z [ 99%] Building CXX object sherpa-onnx/jni/CMakeFiles/sherpa-onnx-jni.dir/offline-tts.cc.o
2026-10-03T02:05:48.5022722Z [100%] Linking CXX shared library ../../lib/libsherpa-onnx-jni.so
2026-10-03T02:05:48.6007758Z [100%] Built target sherpa-onnx-jni
2026-10-03T02:05:48.7007876Z Upstream Sherpa ready: /home/runner/work/Jarvis-OS-V2/Jarvis-OS-V2/app/build/sherpa-native
2026-10-03T02:05:48.9008621Z 
2026-10-03T02:05:48.9009554Z > Task :app:preBuild
2026-10-03T02:05:48.9010280Z > Task :app:preReleaseBuild
2026-10-03T02:05:48.9011014Z > Task :app:generateReleaseBuildConfig
2026-10-03T02:06:00.7011623Z > Task :app:generateReleaseResValues
2026-10-03T02:06:00.7030182Z > Task :app:checkReleaseAarMetadata
2026-10-03T02:06:00.8020195Z > Task :app:mapReleaseSourceSetPaths
2026-10-03T02:06:00.8021253Z > Task :app:generateReleaseResources
2026-10-03T02:06:02.2010590Z > Task :app:packageReleaseResources
2026-10-03T02:06:02.3008157Z > Task :app:mergeReleaseResources
2026-10-03T02:06:04.0012670Z > Task :app:createReleaseCompatibleScreenManifests
2026-10-03T02:06:04.0039651Z > Task :app:extractDeepLinksRelease
2026-10-03T02:06:04.1017258Z > Task :app:parseReleaseLocalResources
2026-10-03T02:06:04.3013666Z > Task :app:processReleaseMainManifest
2026-10-03T02:06:04.4020444Z > Task :app:processReleaseManifest
2026-10-03T02:06:04.4021532Z > Task :app:preReleaseUnitTestBuild
2026-10-03T02:06:04.4022536Z > Task :app:javaPreCompileReleaseUnitTest
2026-10-03T02:06:04.4023435Z > Task :app:javaPreCompileRelease
2026-10-03T02:06:04.4024222Z > Task :app:extractProguardFiles
2026-10-03T02:06:06.4007536Z 
2026-10-03T02:06:06.4009716Z > Task :app:configureCMakeRelWithDebInfo[arm64-v8a]
2026-10-03T02:06:06.4010955Z Checking the license for package CMake 3.22.1 in /usr/local/lib/android/sdk/licenses
2026-10-03T02:06:06.4012060Z License for package CMake 3.22.1 accepted.
2026-10-03T02:06:06.4012908Z Preparing "Install CMake 3.22.1 v.3.22.1".
2026-10-03T02:06:06.6030170Z "Install CMake 3.22.1 v.3.22.1" ready.
2026-10-03T02:06:06.6060304Z Installing CMake 3.22.1 in /usr/local/lib/android/sdk/cmake/3.22.1
2026-10-03T02:06:06.6089598Z "Install CMake 3.22.1 v.3.22.1" complete.
2026-10-03T02:06:06.7008538Z "Install CMake 3.22.1 v.3.22.1" finished.
2026-10-03T02:06:34.4032287Z 
2026-10-03T02:06:34.4080057Z > Task :app:processReleaseManifestForPackage
2026-10-03T02:06:41.3020096Z > Task :app:buildCMakeRelWithDebInfo[arm64-v8a]
2026-10-03T02:07:00.8016870Z > Task :app:mergeReleaseJniLibFolders
2026-10-03T02:07:02.3025746Z > Task :app:mergeReleaseNativeLibs
2026-10-03T02:07:02.8008935Z > Task :app:checkReleaseDuplicateClasses
2026-10-03T02:07:03.0010400Z > Task :app:stripReleaseDebugSymbols
2026-10-03T02:07:03.1009570Z > Task :app:mergeReleaseStartupProfile
2026-10-03T02:07:03.1068796Z > Task :app:mergeReleaseArtProfile
2026-10-03T02:07:03.1099850Z > Task :app:mergeReleaseShaders
2026-10-03T02:07:03.1134675Z > Task :app:compileReleaseShaders NO-SOURCE
2026-10-03T02:07:03.1146075Z > Task :app:generateReleaseAssets UP-TO-DATE
2026-10-03T02:07:03.3009463Z > Task :app:processReleaseResources
2026-10-03T02:07:03.3029488Z > Task :app:mergeReleaseAssets
2026-10-03T02:07:03.4008372Z > Task :app:extractReleaseNativeSymbolTables
2026-10-03T02:07:10.9008240Z > Task :app:extractReleaseVersionControlInfo
2026-10-03T02:07:11.2015956Z > Task :app:compressReleaseAssets
2026-10-03T02:07:11.4041514Z > Task :app:collectReleaseDependencies
2026-10-03T02:07:11.4099810Z > Task :app:convertLinkedResourcesToProtoRelease
2026-10-03T02:07:11.5014628Z > Task :app:sdkReleaseDependencyData
2026-10-03T02:07:11.5037666Z > Task :app:validateSigningRelease
2026-10-03T02:07:11.5039649Z > Task :app:writeReleaseAppMetadata
2026-10-03T02:07:11.5040450Z > Task :app:writeReleaseSigningConfigVersions
2026-10-03T02:07:11.5041275Z > Task :app:preReleaseAndroidTestBuild SKIPPED
2026-10-03T02:07:13.1020251Z > Task :app:processReleaseAndroidTestManifest
2026-10-03T02:07:13.1051948Z > Task :app:generateReleaseAndroidTestBuildConfig
2026-10-03T02:07:13.1076240Z > Task :app:generateReleaseAndroidTestResValues
2026-10-03T02:07:13.1094077Z > Task :app:checkReleaseAndroidTestAarMetadata
2026-10-03T02:07:13.1132880Z > Task :app:mapReleaseAndroidTestSourceSetPaths
2026-10-03T02:07:13.2030310Z > Task :app:generateReleaseAndroidTestResources
2026-10-03T02:07:13.2082342Z > Task :app:javaPreCompileReleaseAndroidTest
2026-10-03T02:07:13.2083659Z > Task :app:mergeReleaseAndroidTestResources
2026-10-03T02:07:13.2084560Z > Task :app:mergeReleaseAndroidTestShaders
2026-10-03T02:07:13.3009504Z > Task :app:compileReleaseAndroidTestShaders NO-SOURCE
2026-10-03T02:07:13.3069679Z > Task :app:generateReleaseAndroidTestAssets UP-TO-DATE
2026-10-03T02:07:13.3099511Z > Task :app:mergeReleaseAndroidTestAssets
2026-10-03T02:07:13.3159492Z > Task :app:compressReleaseAndroidTestAssets
2026-10-03T02:07:13.6010218Z > Task :app:processReleaseAndroidTestResources
2026-10-03T02:07:13.7030024Z > Task :app:checkReleaseAndroidTestDuplicateClasses
2026-10-03T02:07:13.7053073Z > Task :app:mergeReleaseAndroidTestJniLibFolders
2026-10-03T02:07:13.7079865Z > Task :app:mergeReleaseAndroidTestNativeLibs NO-SOURCE
2026-10-03T02:07:13.7099573Z > Task :app:stripReleaseAndroidTestDebugSymbols NO-SOURCE
2026-10-03T02:07:13.7139750Z > Task :app:validateSigningReleaseAndroidTest
2026-10-03T02:07:13.7206308Z > Task :app:writeReleaseAndroidTestSigningConfigVersions
2026-10-03T02:07:15.7008324Z > Task :app:mergeReleaseNativeDebugMetadata
2026-10-03T02:07:33.3010310Z > Task :app:compileReleaseKotlin
2026-10-03T02:16:44.9011694Z w: file:///home/runner/work/Jarvis-OS-V2/Jarvis-OS-V2/app/src/main/java/com/battlesbudz/jarvis/v2/JarvisRuntime.kt:88:14 'lateinit' is unnecessary: definitely initialized in constructors.
2026-10-03T02:16:44.9013595Z w: file:///home/runner/work/Jarvis-OS-V2/Jarvis-OS-V2/app/src/main/java/com/battlesbudz/jarvis/v2/JarvisRuntime.kt:133:14 'lateinit' is unnecessary: definitely initialized in constructors.
2026-10-03T02:16:44.9015518Z w: file:///home/runner/work/Jarvis-OS-V2/Jarvis-OS-V2/app/src/main/java/com/battlesbudz/jarvis/v2/JarvisRuntime.kt:134:14 'lateinit' is unnecessary: definitely initialized in constructors.
2026-10-03T02:16:44.9017255Z w: file:///home/runner/work/Jarvis-OS-V2/Jarvis-OS-V2/app/src/main/java/com/battlesbudz/jarvis/v2/JarvisRuntime.kt:138:14 'lateinit' is unnecessary: definitely initialized in constructors.
2026-10-03T02:16:44.9018900Z w: file:///home/runner/work/Jarvis-OS-V2/Jarvis-OS-V2/app/src/main/java/com/battlesbudz/jarvis/v2/JarvisRuntime.kt:139:14 'lateinit' is unnecessary: definitely initialized in constructors.
2026-10-03T02:16:44.9020676Z w: file:///home/runner/work/Jarvis-OS-V2/Jarvis-OS-V2/app/src/main/java/com/battlesbudz/jarvis/v2/JarvisRuntime.kt:140:14 'lateinit' is unnecessary: definitely initialized in constructors.
2026-10-03T02:16:44.9022319Z w: file:///home/runner/work/Jarvis-OS-V2/Jarvis-OS-V2/app/src/main/java/com/battlesbudz/jarvis/v2/JarvisRuntime.kt:141:14 'lateinit' is unnecessary: definitely initialized in constructors.
2026-10-03T02:16:44.9024214Z w: file:///home/runner/work/Jarvis-OS-V2/Jarvis-OS-V2/app/src/main/java/com/battlesbudz/jarvis/v2/JarvisRuntime.kt:143:14 'lateinit' is unnecessary: definitely initialized in constructors.
2026-10-03T02:16:44.9025905Z w: file:///home/runner/work/Jarvis-OS-V2/Jarvis-OS-V2/app/src/main/java/com/battlesbudz/jarvis/v2/JarvisRuntime.kt:725:62 Unnecessary safe call on a non-null receiver of type 'LiveComparison.Trial'.
2026-10-03T02:16:44.9027568Z w: file:///home/runner/work/Jarvis-OS-V2/Jarvis-OS-V2/app/src/main/java/com/battlesbudz/jarvis/v2/JarvisRuntime.kt:1334:91 Unnecessary safe call on a non-null receiver of type 'Job'.
2026-10-03T02:16:44.9029289Z w: file:///home/runner/work/Jarvis-OS-V2/Jarvis-OS-V2/app/src/main/java/com/battlesbudz/jarvis/v2/JarvisRuntime.kt:1767:34 Unnecessary safe call on a non-null receiver of type 'Job'.
2026-10-03T02:16:44.9030895Z w: file:///home/runner/work/Jarvis-OS-V2/Jarvis-OS-V2/app/src/main/java/com/battlesbudz/jarvis/v2/JarvisRuntime.kt:1797:34 Unnecessary safe call on a non-null receiver of type 'Job'.
2026-10-03T02:16:44.9032599Z w: file:///home/runner/work/Jarvis-OS-V2/Jarvis-OS-V2/app/src/main/java/com/battlesbudz/jarvis/v2/actions/InstalledAppResolver.kt:83:51 Unnecessary safe call on a non-null receiver of type 'CharSequence'.
2026-10-03T02:16:44.9034423Z w: file:///home/runner/work/Jarvis-OS-V2/Jarvis-OS-V2/app/src/main/java/com/battlesbudz/jarvis/v2/chat/ConversationHistory.kt:90:111 Unnecessary non-null assertion (!!) on a non-null receiver of type 'ConversationMessage'.
2026-10-03T02:16:44.9036281Z w: file:///home/runner/work/Jarvis-OS-V2/Jarvis-OS-V2/app/src/main/java/com/battlesbudz/jarvis/v2/chat/ConversationHistory.kt:181:56 Java type mismatch: inferred type is 'String?', but 'String' was expected.
2026-10-03T02:16:44.9038212Z w: file:///home/runner/work/Jarvis-OS-V2/Jarvis-OS-V2/app/src/main/java/com/battlesbudz/jarvis/v2/conversation/ConversationRuntime.kt:206:55 Unnecessary non-null assertion (!!) on a non-null receiver of type 'MemoryDeliveryFence.Ticket'.
2026-10-03T02:16:44.9054469Z w: file:///home/runner/work/Jarvis-OS-V2/Jarvis-OS-V2/app/src/main/java/com/battlesbudz/jarvis/v2/diagnostics/DiagnosticRecorder.kt:116:49 Java type mismatch: inferred type is 'String?', but 'String' was expected.
2026-10-03T02:16:44.9061329Z w: file:///home/runner/work/Jarvis-OS-V2/Jarvis-OS-V2/app/src/main/java/com/battlesbudz/jarvis/v2/diagnostics/DiagnosticRecorder.kt:135:55 Java type mismatch: inferred type is 'String?', but 'String' was expected.
2026-10-03T02:16:44.9064360Z w: file:///home/runner/work/Jarvis-OS-V2/Jarvis-OS-V2/app/src/main/java/com/battlesbudz/jarvis/v2/diagnostics/DiagnosticRecorder.kt:155:29 Java type mismatch: inferred type is 'String?', but 'String' was expected.
2026-10-03T02:16:44.9067432Z w: file:///home/runner/work/Jarvis-OS-V2/Jarvis-OS-V2/app/src/main/java/com/battlesbudz/jarvis/v2/memory/SourceTextPersistencePolicy.kt:64:68 Java type mismatch: inferred type is 'String?', but 'String' was expected.
2026-10-03T02:16:44.9070977Z w: file:///home/runner/work/Jarvis-OS-V2/Jarvis-OS-V2/app/src/main/java/com/battlesbudz/jarvis/v2/memory/SourceTextPersistencePolicy.kt:67:61 Java type mismatch: inferred type is 'String?', but 'String' was expected.
2026-10-03T02:16:44.9074318Z w: file:///home/runner/work/Jarvis-OS-V2/Jarvis-OS-V2/app/src/main/java/com/battlesbudz/jarvis/v2/memory/SourceTextPersistencePolicy.kt:112:43 Unnecessary non-null assertion (!!) on a non-null receiver of type 'SourceTextPersistencePolicy.SummaryProof'.
2026-10-03T02:16:44.9078252Z w: file:///home/runner/work/Jarvis-OS-V2/Jarvis-OS-V2/app/src/main/java/com/battlesbudz/jarvis/v2/ui/MemoryScreen.kt:45:21 'val LocalLifecycleOwner: ProvidableCompositionLocal<LifecycleOwner>' is deprecated. Moved to lifecycle-runtime-compose library in androidx.lifecycle.compose package.
2026-10-03T02:16:44.9081867Z w: file:///home/runner/work/Jarvis-OS-V2/Jarvis-OS-V2/app/src/main/java/com/battlesbudz/jarvis/v2/ui/MemoryScreen.kt:182:44 Unnecessary safe call on a non-null receiver of type 'MemoryWikiIndex'.
2026-10-03T02:16:44.9085083Z w: file:///home/runner/work/Jarvis-OS-V2/Jarvis-OS-V2/app/src/main/java/com/battlesbudz/jarvis/v2/voice/AudioTurnCapture.kt:368:78 Unnecessary non-null assertion (!!) on a non-null receiver of type 'Boolean'.
2026-10-03T02:16:44.9088082Z w: file:///home/runner/work/Jarvis-OS-V2/Jarvis-OS-V2/app/src/main/java/com/battlesbudz/jarvis/v2/voice/PiperVoiceOutput.kt:362:53 Unnecessary safe call on a non-null receiver of type 'CallModelSlot.Lease<OfflineTts>'.
2026-10-03T02:16:44.9091462Z w: file:///home/runner/work/Jarvis-OS-V2/Jarvis-OS-V2/app/src/main/java/com/battlesbudz/jarvis/v2/voice/RecognitionModelStore.kt:32:41 'val nextTarEntry: TarArchiveEntry!' is deprecated. Deprecated in Java.
2026-10-03T02:16:44.9094386Z w: file:///home/runner/work/Jarvis-OS-V2/Jarvis-OS-V2/app/src/main/java/com/battlesbudz/jarvis/v2/voice/TtsModelStore.kt:77:37 'val nextTarEntry: TarArchiveEntry!' is deprecated. Deprecated in Java.
2026-10-03T02:16:53.7041314Z 
2026-10-03T02:16:53.7070047Z > Task :app:compileReleaseJavaWithJavac
2026-10-03T02:16:53.8008497Z > Task :app:processReleaseJavaRes
2026-10-03T02:16:53.9030154Z > Task :app:bundleReleaseClassesToCompileJar
2026-10-03T02:16:53.9059614Z > Task :app:bundleReleaseClassesToRuntimeJar
2026-10-03T02:16:56.1008391Z > Task :app:generateReleaseLintVitalReportModel
2026-10-03T02:17:04.4069961Z > Task :app:mergeReleaseGeneratedProguardFiles
2026-10-03T02:17:06.9010246Z > Task :app:expandReleaseArtProfileWildcards
2026-10-03T02:17:10.6030156Z > Task :app:mergeReleaseJavaResource
2026-10-03T02:17:16.6030291Z > Task :app:produceReleaseComposeMapping
2026-10-03T02:17:16.6040009Z > Task :app:reportReleaseComposeMappingErrors
2026-10-03T02:17:24.5029468Z 
2026-10-03T02:17:24.5091088Z > Task :app:compileReleaseUnitTestKotlin
2026-10-03T02:17:24.5150454Z w: file:///home/runner/work/Jarvis-OS-V2/Jarvis-OS-V2/app/src/test/java/com/battlesbudz/jarvis/v2/ai/TurnOrchestratorTest.kt:158:38 Unnecessary non-null assertion (!!) on a non-null receiver of type 'String'.
2026-10-03T02:17:24.5230669Z w: file:///home/runner/work/Jarvis-OS-V2/Jarvis-OS-V2/app/src/test/java/com/battlesbudz/jarvis/v2/ai/storage/ModelRemovalTest.kt:18:13 Only safe (?.) or non-null asserted (!!.) calls are allowed on a nullable receiver of type 'File?'.
2026-10-03T02:17:24.5330727Z w: file:///home/runner/work/Jarvis-OS-V2/Jarvis-OS-V2/app/src/test/java/com/battlesbudz/jarvis/v2/memory/ConversationMemoryTest.kt:67:62 Unnecessary non-null assertion (!!) on a non-null receiver of type 'MemoryRecord'.
2026-10-03T02:17:24.5380561Z w: file:///home/runner/work/Jarvis-OS-V2/Jarvis-OS-V2/app/src/test/java/com/battlesbudz/jarvis/v2/voice/SherpaPcmCallbackTest.kt:9:37 This class is not recommended for use in Kotlin. Use 'kotlin.Int' instead.
2026-10-03T02:17:24.5410854Z w: file:///home/runner/work/Jarvis-OS-V2/Jarvis-OS-V2/app/src/test/java/com/battlesbudz/jarvis/v2/voice/VoiceCallStorePrivacyTest.kt:74:77 Unnecessary non-null assertion (!!) on a non-null receiver of type 'VoiceTaskStatus'.
2026-10-03T02:17:24.5463072Z w: file:///home/runner/work/Jarvis-OS-V2/Jarvis-OS-V2/app/src/test/java/com/battlesbudz/jarvis/v2/voice/VoiceCallStorePrivacyTest.kt:75:95 Unnecessary non-null assertion (!!) on a non-null receiver of type 'VoiceTaskStatus'.
2026-10-03T02:17:24.5580836Z w: file:///home/runner/work/Jarvis-OS-V2/Jarvis-OS-V2/app/src/test/java/com/battlesbudz/jarvis/v2/voice/VoiceCallStorePrivacyTest.kt:84:43 Unnecessary non-null assertion (!!) on a non-null receiver of type 'VoiceTaskStatus'.
2026-10-03T02:17:25.2008290Z 
2026-10-03T02:17:25.2033441Z > Task :app:compileReleaseUnitTestJavaWithJavac NO-SOURCE
2026-10-03T02:17:25.3008486Z > Task :app:processReleaseUnitTestJavaRes
2026-10-03T02:17:27.0012371Z > Task :app:lintVitalAnalyzeRelease
2026-10-03T02:17:27.2031722Z > Task :app:compileReleaseAndroidTestKotlin
2026-10-03T02:17:40.6020236Z > Task :app:minifyReleaseWithR8
2026-10-03T02:17:40.9020104Z > Task :app:testReleaseUnitTest
2026-10-03T02:17:43.5023582Z > Task :app:compileReleaseAndroidTestJavaWithJavac
2026-10-03T02:17:43.6040408Z > Task :app:processReleaseAndroidTestJavaRes
2026-10-03T02:17:43.8049440Z > Task :app:mergeReleaseAndroidTestJavaResource
2026-10-03T02:18:55.8050259Z > Task :app:lintVitalReportRelease
2026-10-03T02:18:55.8073068Z > Task :app:lintVitalRelease
2026-10-03T02:20:12.6021893Z > Task :app:mergeReleaseComposeMapping
2026-10-03T02:20:13.4027048Z > Task :app:compileReleaseArtProfile
2026-10-03T02:20:16.3008513Z > Task :app:shrinkReleaseRes
2026-10-03T02:20:16.3039739Z > Task :app:convertShrunkResourcesToBinaryRelease
2026-10-03T02:20:16.4008241Z > Task :app:optimizeReleaseResources
2026-10-03T02:20:17.7008773Z > Task :app:packageRelease
2026-10-03T02:20:17.7049809Z > Task :app:createReleaseApkListingFileRedirect
2026-10-03T02:20:17.7050749Z > Task :app:assembleRelease
2026-10-03T02:20:25.7008283Z > Task :app:minifyReleaseAndroidTestWithR8
2026-10-03T02:20:25.7029853Z > Task :app:packageReleaseAndroidTest
2026-10-03T02:20:25.7060075Z > Task :app:createReleaseAndroidTestApkListingFileRedirect
2026-10-03T02:20:25.7067033Z > Task :app:assembleReleaseAndroidTest
2026-10-03T02:20:25.8010322Z gradle/actions: Writing build results to /home/runner/work/_temp/.gradle-actions/build-results/__run_5-1790992816391.json
2026-10-03T02:20:25.8025019Z 
2026-10-03T02:20:25.8025575Z BUILD SUCCESSFUL in 20m 14s
2026-10-03T02:20:25.8026302Z 89 actionable tasks: 89 executed
2026-10-03T02:20:26.1567148Z ##[group]Run actions/upload-artifact@v4
2026-10-03T02:20:26.1567488Z with:
2026-10-03T02:20:26.1567730Z   name: jarvis-verification-test-apk
2026-10-03T02:20:26.1568108Z   path: app/build/outputs/apk/androidTest/release/*.apk
2026-10-03T02:20:26.1568468Z   if-no-files-found: error
2026-10-03T02:20:26.1568740Z   compression-level: 6
2026-10-03T02:20:26.1569319Z   overwrite: false
2026-10-03T02:20:26.1569589Z   include-hidden-files: false
2026-10-03T02:20:26.1569861Z env:
2026-10-03T02:20:26.1570199Z   JAVA_HOME: /opt/hostedtoolcache/Java_Temurin-Hotspot_jdk/21.0.12-1/x64
2026-10-03T02:20:26.1570771Z   JAVA_HOME_21_X64: /opt/hostedtoolcache/Java_Temurin-Hotspot_jdk/21.0.12-1/x64
2026-10-03T02:20:26.1571232Z   GRADLE_ACTION_ID: gradle/actions/setup-gradle
2026-10-03T02:20:26.1571573Z   GRADLE_USER_HOME: /home/runner/.gradle
2026-10-03T02:20:26.1571896Z   GRADLE_BUILD_ACTION_SETUP_COMPLETED: true
2026-10-03T02:20:26.1572224Z   GRADLE_BUILD_ACTION_CACHE_RESTORED: true
2026-10-03T02:20:26.1572720Z   DEVELOCITY_INJECTION_INIT_SCRIPT_NAME: gradle-actions.inject-develocity.init.gradle
2026-10-03T02:20:26.1573243Z   DEVELOCITY_INJECTION_CUSTOM_VALUE: gradle-actions
2026-10-03T02:20:26.1573593Z   GITHUB_DEPENDENCY_GRAPH_ENABLED: false
2026-10-03T02:20:26.1573888Z ##[endgroup]
2026-10-03T02:20:26.3490937Z (node:7160) [DEP0040] DeprecationWarning: The `punycode` module is deprecated. Please use a userland alternative instead.
2026-10-03T02:20:26.3496077Z (Use `node --trace-deprecation ...` to show where the warning was created)
2026-10-03T02:20:26.3568455Z With the provided path, there will be 1 file uploaded
2026-10-03T02:20:26.3571690Z Artifact name is valid!
2026-10-03T02:20:26.3573974Z Root directory input is valid!
2026-10-03T02:20:26.6751529Z Beginning upload of artifact content to blob storage
2026-10-03T02:20:26.7307584Z (node:7160) [DEP0169] DeprecationWarning: `url.parse()` behavior is not standardized and prone to errors that have security implications. Use the WHATWG URL API instead. CVEs are not issued for `url.parse()` vulnerabilities.
2026-10-03T02:20:27.1552765Z Uploaded bytes 432681
2026-10-03T02:20:27.2156731Z Finished uploading artifact content to blob storage!
2026-10-03T02:20:27.2157757Z SHA256 digest of uploaded artifact zip is 25003c427a3ba70dc8d719b66fcd0f1971b03cb09b7c70c8265f2819011c4684
2026-10-03T02:20:27.2160193Z Finalizing artifact upload
2026-10-03T02:20:27.4732890Z Artifact jarvis-verification-test-apk.zip successfully finalized. Artifact ID 11261786999
2026-10-03T02:20:27.4734749Z Artifact jarvis-verification-test-apk has been successfully uploaded! Final size is 432681 bytes. Artifact ID is 11261786999
2026-10-03T02:20:27.4738255Z Artifact download URL: https://github.com/battlesbudz/Jarvis-OS-V2/actions/runs/37088094621/artifacts/11261786999
2026-10-03T02:20:27.4878450Z ##[group]Run actions/upload-artifact@v4
2026-10-03T02:20:27.4878779Z with:
2026-10-03T02:20:27.4879442Z   name: ***-unit-tests
2026-10-03T02:20:27.4879968Z   path: app/build/test-results/testReleaseUnitTest/
app/build/reports/tests/testReleaseUnitTest/

2026-10-03T02:20:27.4880503Z   if-no-files-found: warn
2026-10-03T02:20:27.4880776Z   compression-level: 6
2026-10-03T02:20:27.4881034Z   overwrite: false
2026-10-03T02:20:27.4881286Z   include-hidden-files: false
2026-10-03T02:20:27.4881559Z env:
2026-10-03T02:20:27.4881890Z   JAVA_HOME: /opt/hostedtoolcache/Java_Temurin-Hotspot_jdk/21.0.12-1/x64
2026-10-03T02:20:27.4882424Z   JAVA_HOME_21_X64: /opt/hostedtoolcache/Java_Temurin-Hotspot_jdk/21.0.12-1/x64
2026-10-03T02:20:27.4882885Z   GRADLE_ACTION_ID: gradle/actions/setup-gradle
2026-10-03T02:20:27.4883240Z   GRADLE_USER_HOME: /home/runner/.gradle
2026-10-03T02:20:27.4883580Z   GRADLE_BUILD_ACTION_SETUP_COMPLETED: true
2026-10-03T02:20:27.4883947Z   GRADLE_BUILD_ACTION_CACHE_RESTORED: true
2026-10-03T02:20:27.4884428Z   DEVELOCITY_INJECTION_INIT_SCRIPT_NAME: gradle-actions.inject-develocity.init.gradle
2026-10-03T02:20:27.4884949Z   DEVELOCITY_INJECTION_CUSTOM_VALUE: gradle-actions
2026-10-03T02:20:27.4885302Z   GITHUB_DEPENDENCY_GRAPH_ENABLED: false
2026-10-03T02:20:27.4885601Z ##[endgroup]
2026-10-03T02:20:27.6515623Z (node:7174) [DEP0040] DeprecationWarning: The `punycode` module is deprecated. Please use a userland alternative instead.
2026-10-03T02:20:27.6516409Z (Use `node --trace-deprecation ...` to show where the warning was created)
2026-10-03T02:20:27.7129479Z Multiple search paths detected. Calculating the least common ancestor of all paths
2026-10-03T02:20:27.7131479Z The least common ancestor is /home/runner/work/Jarvis-OS-V2/Jarvis-OS-V2/app/build. This will be the root directory of the artifact
2026-10-03T02:20:27.7132736Z With the provided path, there will be 304 files uploaded
2026-10-03T02:20:27.7133651Z Artifact name is valid!
2026-10-03T02:20:27.7134132Z Root directory input is valid!
2026-10-03T02:20:28.0145668Z Beginning upload of artifact content to blob storage
2026-10-03T02:20:28.2581654Z (node:7174) [DEP0169] DeprecationWarning: `url.parse()` behavior is not standardized and prone to errors that have security implications. Use the WHATWG URL API instead. CVEs are not issued for `url.parse()` vulnerabilities.
2026-10-03T02:20:28.6358818Z Uploaded bytes 330399
2026-10-03T02:20:28.6939727Z Finished uploading artifact content to blob storage!
2026-10-03T02:20:28.6941229Z SHA256 digest of uploaded artifact zip is 498bf1d75073bb7d1100b7a573de275bf4354ccea2c9780d85ecfab97d4d3478
2026-10-03T02:20:28.6943155Z Finalizing artifact upload
2026-10-03T02:20:28.9691636Z Artifact ***-unit-tests.zip successfully finalized. Artifact ID 11261762044
2026-10-03T02:20:28.9693272Z Artifact ***-unit-tests has been successfully uploaded! Final size is 330399 bytes. Artifact ID is 11261762044
2026-10-03T02:20:28.9698882Z Artifact download URL: https://github.com/battlesbudz/Jarvis-OS-V2/actions/runs/37088094621/artifacts/11261762044
2026-10-03T02:20:28.9854739Z ##[group]Run python3 scripts/apk_size_report.py app/build/outputs/apk/release/app-release.apk --output artifact/size --baseline docs/measurements/build-705-apk-size.json
2026-10-03T02:20:28.9857111Z [36;1mpython3 scripts/apk_size_report.py app/build/outputs/apk/release/app-release.apk --output artifact/size --baseline docs/measurements/build-705-apk-size.json[0m
2026-10-03T02:20:28.9858687Z [36;1mcat artifact/size/apk-size.md >> "$GITHUB_STEP_SUMMARY"[0m
2026-10-03T02:20:28.9937107Z shell: /usr/bin/bash -e {0}
2026-10-03T02:20:28.9937638Z env:
2026-10-03T02:20:28.9938270Z   JAVA_HOME: /opt/hostedtoolcache/Java_Temurin-Hotspot_jdk/21.0.12-1/x64
2026-10-03T02:20:28.9939634Z   JAVA_HOME_21_X64: /opt/hostedtoolcache/Java_Temurin-Hotspot_jdk/21.0.12-1/x64
2026-10-03T02:20:28.9940417Z   GRADLE_ACTION_ID: gradle/actions/setup-gradle
2026-10-03T02:20:28.9940806Z   GRADLE_USER_HOME: /home/runner/.gradle
2026-10-03T02:20:28.9941160Z   GRADLE_BUILD_ACTION_SETUP_COMPLETED: true
2026-10-03T02:20:28.9941549Z   GRADLE_BUILD_ACTION_CACHE_RESTORED: true
2026-10-03T02:20:28.9942057Z   DEVELOCITY_INJECTION_INIT_SCRIPT_NAME: gradle-actions.inject-develocity.init.gradle
2026-10-03T02:20:28.9942608Z   DEVELOCITY_INJECTION_CUSTOM_VALUE: gradle-actions
2026-10-03T02:20:28.9942987Z   GITHUB_DEPENDENCY_GRAPH_ENABLED: false
2026-10-03T02:20:28.9943308Z ##[endgroup]
2026-10-03T02:20:29.0375155Z # APK size report
2026-10-03T02:20:29.0375479Z 
2026-10-03T02:20:29.0375687Z APK: 83,558,885 bytes (83.56 MB).
2026-10-03T02:20:29.0376651Z MB uses 1,000,000 bytes. ZIP bytes measure the download; uncompressed payload is not total installed storage.
2026-10-03T02:20:29.0377439Z 
2026-10-03T02:20:29.0377709Z Change from baseline: +10,322,566 bytes (+10.32 MB).
2026-10-03T02:20:29.0378161Z 
2026-10-03T02:20:29.0378432Z | Component | ZIP bytes | Uncompressed bytes |
2026-10-03T02:20:29.0379264Z | --- | ---: | ---: |
2026-10-03T02:20:29.0379725Z | lib | 66,420,072 | 66,420,072 |
2026-10-03T02:20:29.0380238Z | dex | 10,355,252 | 10,355,252 |
2026-10-03T02:20:29.0380734Z | org | 4,250,182 | 8,490,822 |
2026-10-03T02:20:29.0381237Z | assets | 2,263,131 | 5,470,380 |
2026-10-03T02:20:29.0381758Z | metadata | 95,999 | 110,210 |
2026-10-03T02:20:29.0382248Z | kotlin | 12,342 | 53,381 |
2026-10-03T02:20:29.0382730Z | META-INF | 5,599 | 11,063 |
2026-10-03T02:20:29.0383189Z | res | 1,084 | 2,364 |
2026-10-03T02:20:29.0383445Z 
2026-10-03T02:20:29.0383615Z ## Largest entries
2026-10-03T02:20:29.0383877Z 
2026-10-03T02:20:29.0384137Z | Entry | ZIP bytes | Storage | Delta from baseline |
2026-10-03T02:20:29.0384718Z | --- | ---: | --- | ---: |
2026-10-03T02:20:29.0385228Z | lib/arm64-v8a/libonnxruntime.so | 21,684,872 | stored | +0 |
2026-10-03T02:20:29.0386071Z | lib/arm64-v8a/liblitertlm_jni.so | 21,529,640 | stored | +6,862,216 |
2026-10-03T02:20:29.0386882Z | lib/arm64-v8a/libmoonshine.so | 11,112,456 | stored | +0 |
2026-10-03T02:20:29.0387602Z | classes.dex | 10,355,252 | stored | +6,412,252 |
2026-10-03T02:20:29.0388322Z | lib/arm64-v8a/libms_ort_1232.so | 6,291,928 | stored | +0 |
2026-10-03T02:20:29.0389412Z | lib/arm64-v8a/libsherpa-onnx-jni.so | 3,594,000 | stored | -939,912 |
2026-10-03T02:20:29.0390526Z | org/bouncycastle/pqc/crypto/picnic/lowmc.properties | 1,570,443 | compressed | +1,570,443 |
2026-10-03T02:20:29.0391542Z | lib/arm64-v8a/libc++_shared.so | 1,292,904 | stored | +0 |
2026-10-03T02:20:29.0392479Z | org/bouncycastle/pqc/crypto/sike/p751.properties | 1,107,749 | compressed | +1,107,749 |
2026-10-03T02:20:29.0393460Z | lib/arm64-v8a/libmicrowakeword.so | 799,656 | stored | +0 |
2026-10-03T02:20:29.0394316Z | org/bouncycastle/pqc/crypto/sike/p610.properties | 645,762 | compressed | +645,762 |
2026-10-03T02:20:29.0395222Z | assets/voice/silero_vad.onnx | 508,088 | compressed | +0 |
2026-10-03T02:20:29.0396151Z | org/bouncycastle/pqc/crypto/sike/p503.properties | 437,407 | compressed | +437,407 |
2026-10-03T02:20:29.0397276Z | org/bouncycastle/pqc/crypto/sike/p434.properties | 376,709 | compressed | +376,709 |
2026-10-03T02:20:29.0398711Z | assets/com/tom_roush/pdfbox/resources/ttf/LiberationSans-Regular.ttf | 210,865 | compressed | +210,865 |
2026-10-03T02:20:29.0400278Z | assets/com/tom_roush/fontbox/resources/cmap/UniCNS-UCS2-H | 111,812 | compressed | +111,812 |
2026-10-03T02:20:29.0401339Z | lib/arm64-v8a/libmoonshine-jni.so | 104,520 | stored | +0 |
2026-10-03T02:20:29.0402394Z | assets/com/tom_roush/fontbox/resources/cmap/Adobe-Japan1-UCS2 | 98,471 | compressed | +98,471 |
2026-10-03T02:20:29.0403647Z | assets/com/tom_roush/fontbox/resources/cmap/UniGB-UCS2-H | 95,548 | compressed | +95,548 |
2026-10-03T02:20:29.0404862Z | assets/com/tom_roush/fontbox/resources/cmap/UniCNS-UTF16-H | 94,957 | compressed | +94,957 |
2026-10-03T02:20:29.0405578Z 
2026-10-03T02:20:29.0499525Z ##[group]Run actions/upload-artifact@v4
2026-10-03T02:20:29.0500053Z with:
2026-10-03T02:20:29.0500296Z   name: jarvis-os-v2-apk-size
2026-10-03T02:20:29.0500599Z   path: artifact/size/
2026-10-03T02:20:29.0500870Z   if-no-files-found: error
2026-10-03T02:20:29.0501150Z   compression-level: 6
2026-10-03T02:20:29.0501406Z   overwrite: false
2026-10-03T02:20:29.0501662Z   include-hidden-files: false
2026-10-03T02:20:29.0501934Z env:
2026-10-03T02:20:29.0502272Z   JAVA_HOME: /opt/hostedtoolcache/Java_Temurin-Hotspot_jdk/21.0.12-1/x64
2026-10-03T02:20:29.0502814Z   JAVA_HOME_21_X64: /opt/hostedtoolcache/Java_Temurin-Hotspot_jdk/21.0.12-1/x64
2026-10-03T02:20:29.0503279Z   GRADLE_ACTION_ID: gradle/actions/setup-gradle
2026-10-03T02:20:29.0503638Z   GRADLE_USER_HOME: /home/runner/.gradle
2026-10-03T02:20:29.0503968Z   GRADLE_BUILD_ACTION_SETUP_COMPLETED: true
2026-10-03T02:20:29.0504304Z   GRADLE_BUILD_ACTION_CACHE_RESTORED: true
2026-10-03T02:20:29.0504831Z   DEVELOCITY_INJECTION_INIT_SCRIPT_NAME: gradle-actions.inject-develocity.init.gradle
2026-10-03T02:20:29.0505369Z   DEVELOCITY_INJECTION_CUSTOM_VALUE: gradle-actions
2026-10-03T02:20:29.0505728Z   GITHUB_DEPENDENCY_GRAPH_ENABLED: false
2026-10-03T02:20:29.0506027Z ##[endgroup]
2026-10-03T02:20:29.2140672Z (node:7189) [DEP0040] DeprecationWarning: The `punycode` module is deprecated. Please use a userland alternative instead.
2026-10-03T02:20:29.2141454Z (Use `node --trace-deprecation ...` to show where the warning was created)
2026-10-03T02:20:29.2196918Z With the provided path, there will be 2 files uploaded
2026-10-03T02:20:29.2202769Z Artifact name is valid!
2026-10-03T02:20:29.2203584Z Root directory input is valid!
2026-10-03T02:20:29.5176914Z Beginning upload of artifact content to blob storage
2026-10-03T02:20:29.5394334Z (node:7189) [DEP0169] DeprecationWarning: `url.parse()` behavior is not standardized and prone to errors that have security implications. Use the WHATWG URL API instead. CVEs are not issued for `url.parse()` vulnerabilities.
2026-10-03T02:20:29.7349626Z Uploaded bytes 6722
2026-10-03T02:20:29.7940611Z Finished uploading artifact content to blob storage!
2026-10-03T02:20:29.7941598Z SHA256 digest of uploaded artifact zip is c57eaed6963d0023eb8bc280eeaa5b4f40b80e962d25d617bca80c7c48a77368
2026-10-03T02:20:29.7943905Z Finalizing artifact upload
2026-10-03T02:20:30.0142570Z Artifact jarvis-os-v2-apk-size.zip successfully finalized. Artifact ID 11261871767
2026-10-03T02:20:30.0144335Z Artifact jarvis-os-v2-apk-size has been successfully uploaded! Final size is 6722 bytes. Artifact ID is 11261871767
2026-10-03T02:20:30.0150206Z Artifact download URL: https://github.com/battlesbudz/Jarvis-OS-V2/actions/runs/37088094621/artifacts/11261871767
2026-10-03T02:20:30.0283801Z ##[group]Run python3 scripts/check_asr_apk.py app/build/outputs/apk/release/app-release.apk
2026-10-03T02:20:30.0285190Z [36;1mpython3 scripts/check_asr_apk.py app/build/outputs/apk/release/app-release.apk[0m
2026-10-03T02:20:30.0361345Z shell: /usr/bin/bash -e {0}
2026-10-03T02:20:30.0361665Z env:
2026-10-03T02:20:30.0362062Z   JAVA_HOME: /opt/hostedtoolcache/Java_Temurin-Hotspot_jdk/21.0.12-1/x64
2026-10-03T02:20:30.0362670Z   JAVA_HOME_21_X64: /opt/hostedtoolcache/Java_Temurin-Hotspot_jdk/21.0.12-1/x64
2026-10-03T02:20:30.0363180Z   GRADLE_ACTION_ID: gradle/actions/setup-gradle
2026-10-03T02:20:30.0363555Z   GRADLE_USER_HOME: /home/runner/.gradle
2026-10-03T02:20:30.0363902Z   GRADLE_BUILD_ACTION_SETUP_COMPLETED: true
2026-10-03T02:20:30.0364263Z   GRADLE_BUILD_ACTION_CACHE_RESTORED: true
2026-10-03T02:20:30.0364773Z   DEVELOCITY_INJECTION_INIT_SCRIPT_NAME: gradle-actions.inject-develocity.init.gradle
2026-10-03T02:20:30.0365354Z   DEVELOCITY_INJECTION_CUSTOM_VALUE: gradle-actions
2026-10-03T02:20:30.0365734Z   GITHUB_DEPENDENCY_GRAPH_ENABLED: false
2026-10-03T02:20:30.0366053Z ##[endgroup]
2026-10-03T02:20:30.2394250Z ASR APK native dependency/version checks passed (separate matching ONNX runtimes).
2026-10-03T02:20:30.2490916Z ##[group]Run python3 scripts/check_tts_callback.py app/build/outputs/apk/release/app-release.apk
2026-10-03T02:20:30.2502298Z [36;1mpython3 scripts/check_tts_callback.py app/build/outputs/apk/release/app-release.apk[0m
2026-10-03T02:20:30.2565490Z shell: /usr/bin/bash -e {0}
2026-10-03T02:20:30.2565796Z env:
2026-10-03T02:20:30.2566160Z   JAVA_HOME: /opt/hostedtoolcache/Java_Temurin-Hotspot_jdk/21.0.12-1/x64
2026-10-03T02:20:30.2566748Z   JAVA_HOME_21_X64: /opt/hostedtoolcache/Java_Temurin-Hotspot_jdk/21.0.12-1/x64
2026-10-03T02:20:30.2567224Z   GRADLE_ACTION_ID: gradle/actions/setup-gradle
2026-10-03T02:20:30.2567578Z   GRADLE_USER_HOME: /home/runner/.gradle
2026-10-03T02:20:30.2567918Z   GRADLE_BUILD_ACTION_SETUP_COMPLETED: true
2026-10-03T02:20:30.2568257Z   GRADLE_BUILD_ACTION_CACHE_RESTORED: true
2026-10-03T02:20:30.2568747Z   DEVELOCITY_INJECTION_INIT_SCRIPT_NAME: gradle-actions.inject-develocity.init.gradle
2026-10-03T02:20:30.2569585Z   DEVELOCITY_INJECTION_CUSTOM_VALUE: gradle-actions
2026-10-03T02:20:30.2569972Z   GITHUB_DEPENDENCY_GRAPH_ENABLED: false
2026-10-03T02:20:30.2570289Z ##[endgroup]
2026-10-03T02:20:30.3597652Z Piper boxed callback ABI and retired-asset removal verified in APK.
2026-10-03T02:20:30.3685931Z ##[group]Run APK="app/build/outputs/apk/release/app-release.apk"
2026-10-03T02:20:30.3686499Z [36;1mAPK="app/build/outputs/apk/release/app-release.apk"[0m
2026-10-03T02:20:30.3686901Z [36;1mtest -s "$APK"[0m
2026-10-03T02:20:30.3687244Z [36;1mSDK_BUILD_TOOLS="${ANDROID_HOME}/build-tools"[0m
2026-10-03T02:20:30.3687778Z [36;1mAPKSIGNER="$(find "$SDK_BUILD_TOOLS" -type f -name apksigner | sort -V | tail -n 1)"[0m
2026-10-03T02:20:30.3688277Z [36;1mtest -x "$APKSIGNER"[0m
2026-10-03T02:20:30.3688607Z [36;1m"$APKSIGNER" verify --verbose "$APK"[0m
2026-10-03T02:20:30.3750172Z shell: /usr/bin/bash -e {0}
2026-10-03T02:20:30.3750473Z env:
2026-10-03T02:20:30.3750847Z   JAVA_HOME: /opt/hostedtoolcache/Java_Temurin-Hotspot_jdk/21.0.12-1/x64
2026-10-03T02:20:30.3751426Z   JAVA_HOME_21_X64: /opt/hostedtoolcache/Java_Temurin-Hotspot_jdk/21.0.12-1/x64
2026-10-03T02:20:30.3751932Z   GRADLE_ACTION_ID: gradle/actions/setup-gradle
2026-10-03T02:20:30.3752318Z   GRADLE_USER_HOME: /home/runner/.gradle
2026-10-03T02:20:30.3752661Z   GRADLE_BUILD_ACTION_SETUP_COMPLETED: true
2026-10-03T02:20:30.3753007Z   GRADLE_BUILD_ACTION_CACHE_RESTORED: true
2026-10-03T02:20:30.3753498Z   DEVELOCITY_INJECTION_INIT_SCRIPT_NAME: gradle-actions.inject-develocity.init.gradle
2026-10-03T02:20:30.3754036Z   DEVELOCITY_INJECTION_CUSTOM_VALUE: gradle-actions
2026-10-03T02:20:30.3754400Z   GITHUB_DEPENDENCY_GRAPH_ENABLED: false
2026-10-03T02:20:30.3754710Z ##[endgroup]
2026-10-03T02:20:30.9400699Z Verifies
2026-10-03T02:20:30.9406107Z Verified using v1 scheme (JAR signing): false
2026-10-03T02:20:30.9406985Z Verified using v2 scheme (APK Signature Scheme v2): true
2026-10-03T02:20:30.9407938Z Verified using v3 scheme (APK Signature Scheme v3): false
2026-10-03T02:20:30.9409818Z Verified using v3.1 scheme (APK Signature Scheme v3.1): false
2026-10-03T02:20:30.9411177Z Verified using v3.2 scheme (APK Signature Scheme v3.2): false
2026-10-03T02:20:30.9412226Z Verified using v4 scheme (APK Signature Scheme v4): false
2026-10-03T02:20:30.9413175Z Verified for SourceStamp: false
2026-10-03T02:20:30.9413943Z Number of signers: 1
2026-10-03T02:20:30.9623356Z ##[group]Run actions/upload-artifact@v4
2026-10-03T02:20:30.9623704Z with:
2026-10-03T02:20:30.9623959Z   name: jarvis-os-v2-release-r8-reports
2026-10-03T02:20:30.9624306Z   path: app/build/outputs/mapping/release/
2026-10-03T02:20:30.9624652Z   if-no-files-found: error
2026-10-03T02:20:30.9624943Z   compression-level: 6
2026-10-03T02:20:30.9625211Z   overwrite: false
2026-10-03T02:20:30.9625476Z   include-hidden-files: false
2026-10-03T02:20:30.9625767Z env:
2026-10-03T02:20:30.9626113Z   JAVA_HOME: /opt/hostedtoolcache/Java_Temurin-Hotspot_jdk/21.0.12-1/x64
2026-10-03T02:20:30.9626664Z   JAVA_HOME_21_X64: /opt/hostedtoolcache/Java_Temurin-Hotspot_jdk/21.0.12-1/x64
2026-10-03T02:20:30.9627144Z   GRADLE_ACTION_ID: gradle/actions/setup-gradle
2026-10-03T02:20:30.9627671Z   GRADLE_USER_HOME: /home/runner/.gradle
2026-10-03T02:20:30.9628010Z   GRADLE_BUILD_ACTION_SETUP_COMPLETED: true
2026-10-03T02:20:30.9628357Z   GRADLE_BUILD_ACTION_CACHE_RESTORED: true
2026-10-03T02:20:30.9628874Z   DEVELOCITY_INJECTION_INIT_SCRIPT_NAME: gradle-actions.inject-develocity.init.gradle
2026-10-03T02:20:30.9629693Z   DEVELOCITY_INJECTION_CUSTOM_VALUE: gradle-actions
2026-10-03T02:20:30.9630062Z   GITHUB_DEPENDENCY_GRAPH_ENABLED: false
2026-10-03T02:20:30.9630372Z ##[endgroup]
2026-10-03T02:20:31.1254593Z (node:7248) [DEP0040] DeprecationWarning: The `punycode` module is deprecated. Please use a userland alternative instead.
2026-10-03T02:20:31.1256055Z (Use `node --trace-deprecation ...` to show where the warning was created)
2026-10-03T02:20:31.1313226Z With the provided path, there will be 2 files uploaded
2026-10-03T02:20:31.1319715Z Artifact name is valid!
2026-10-03T02:20:31.1320593Z Root directory input is valid!
2026-10-03T02:20:31.4293576Z Beginning upload of artifact content to blob storage
2026-10-03T02:20:32.0550225Z (node:7248) [DEP0169] DeprecationWarning: `url.parse()` behavior is not standardized and prone to errors that have security implications. Use the WHATWG URL API instead. CVEs are not issued for `url.parse()` vulnerabilities.
2026-10-03T02:20:32.7356109Z Uploaded bytes 3807614
2026-10-03T02:20:32.8036191Z Finished uploading artifact content to blob storage!
2026-10-03T02:20:32.8037404Z SHA256 digest of uploaded artifact zip is 32b0e2318e4614d7a471976675ead6f0e66d1e784baceccf138468c097efd0aa
2026-10-03T02:20:32.8039677Z Finalizing artifact upload
2026-10-03T02:20:33.0580137Z Artifact jarvis-os-v2-release-r8-reports.zip successfully finalized. Artifact ID 11261752022
2026-10-03T02:20:33.0582142Z Artifact jarvis-os-v2-release-r8-reports has been successfully uploaded! Final size is 3807614 bytes. Artifact ID is 11261752022
2026-10-03T02:20:33.0588021Z Artifact download URL: https://github.com/battlesbudz/Jarvis-OS-V2/actions/runs/37088094621/artifacts/11261752022
2026-10-03T02:20:33.0754623Z ##[group]Run mkdir -p artifact
2026-10-03T02:20:33.0754998Z [36;1mmkdir -p artifact[0m
2026-10-03T02:20:33.0755477Z [36;1mcp app/build/outputs/apk/release/app-release.apk artifact/app-release.apk[0m
2026-10-03T02:20:33.0816859Z shell: /usr/bin/bash -e {0}
2026-10-03T02:20:33.0817161Z env:
2026-10-03T02:20:33.0817531Z   JAVA_HOME: /opt/hostedtoolcache/Java_Temurin-Hotspot_jdk/21.0.12-1/x64
2026-10-03T02:20:33.0818136Z   JAVA_HOME_21_X64: /opt/hostedtoolcache/Java_Temurin-Hotspot_jdk/21.0.12-1/x64
2026-10-03T02:20:33.0818644Z   GRADLE_ACTION_ID: gradle/actions/setup-gradle
2026-10-03T02:20:33.0819283Z   GRADLE_USER_HOME: /home/runner/.gradle
2026-10-03T02:20:33.0819653Z   GRADLE_BUILD_ACTION_SETUP_COMPLETED: true
2026-10-03T02:20:33.0820014Z   GRADLE_BUILD_ACTION_CACHE_RESTORED: true
2026-10-03T02:20:33.0820552Z   DEVELOCITY_INJECTION_INIT_SCRIPT_NAME: gradle-actions.inject-develocity.init.gradle
2026-10-03T02:20:33.0821125Z   DEVELOCITY_INJECTION_CUSTOM_VALUE: gradle-actions
2026-10-03T02:20:33.0821548Z   GITHUB_DEPENDENCY_GRAPH_ENABLED: false
2026-10-03T02:20:33.0821874Z ##[endgroup]
2026-10-03T02:20:33.1204984Z ##[group]Run gradle --no-daemon -PcompactApk=true assembleRelease
2026-10-03T02:20:33.1205581Z [36;1mgradle --no-daemon -PcompactApk=true assembleRelease[0m
2026-10-03T02:20:33.1206165Z [36;1mcp app/build/outputs/apk/release/app-release.apk artifact/app-compact.apk[0m
2026-10-03T02:20:33.1206846Z [36;1mpython3 scripts/check_compact_apk.py artifact/app-release.apk artifact/app-compact.apk[0m
2026-10-03T02:20:33.1207457Z [36;1mpython3 scripts/check_asr_apk.py artifact/app-compact.apk[0m
2026-10-03T02:20:33.1207983Z [36;1mpython3 scripts/check_tts_callback.py artifact/app-compact.apk[0m
2026-10-03T02:20:33.1208632Z [36;1mAPKSIGNER="$(find "${ANDROID_HOME}/build-tools" -type f -name apksigner | sort -V | tail -n 1)"[0m
2026-10-03T02:20:33.1209543Z [36;1m"$APKSIGNER" verify --verbose artifact/app-compact.apk[0m
2026-10-03T02:20:33.1210386Z [36;1mpython3 scripts/apk_size_report.py artifact/app-compact.apk --output artifact/compact-size --baseline docs/measurements/build-705-apk-size.json[0m
2026-10-03T02:20:33.1211411Z [36;1mcat artifact/compact-size/apk-size.md >> "$GITHUB_STEP_SUMMARY"[0m
2026-10-03T02:20:33.1273625Z shell: /usr/bin/bash -e {0}
2026-10-03T02:20:33.1273940Z env:
2026-10-03T02:20:33.1274301Z   JAVA_HOME: /opt/hostedtoolcache/Java_Temurin-Hotspot_jdk/21.0.12-1/x64
2026-10-03T02:20:33.1274879Z   JAVA_HOME_21_X64: /opt/hostedtoolcache/Java_Temurin-Hotspot_jdk/21.0.12-1/x64
2026-10-03T02:20:33.1275382Z   GRADLE_ACTION_ID: gradle/actions/setup-gradle
2026-10-03T02:20:33.1275755Z   GRADLE_USER_HOME: /home/runner/.gradle
2026-10-03T02:20:33.1276105Z   GRADLE_BUILD_ACTION_SETUP_COMPLETED: true
2026-10-03T02:20:33.1276458Z   GRADLE_BUILD_ACTION_CACHE_RESTORED: true
2026-10-03T02:20:33.1276965Z   DEVELOCITY_INJECTION_INIT_SCRIPT_NAME: gradle-actions.inject-develocity.init.gradle
2026-10-03T02:20:33.1277505Z   DEVELOCITY_INJECTION_CUSTOM_VALUE: gradle-actions
2026-10-03T02:20:33.1277893Z   GITHUB_DEPENDENCY_GRAPH_ENABLED: false
2026-10-03T02:20:33.1278419Z   ANDROID_KEYSTORE_PATH: /home/runner/work/_temp/***.keystore
2026-10-03T02:20:33.1279188Z   ANDROID_KEYSTORE_PASSWORD: ***
2026-10-03T02:20:33.1279689Z   ANDROID_KEY_ALIAS: ***
2026-10-03T02:20:33.1280102Z   ANDROID_KEY_PASSWORD: ***
2026-10-03T02:20:33.1280400Z   ANDROID_VERSION_CODE: 901
2026-10-03T02:20:33.1280702Z   ANDROID_VERSION_NAME: 0.1.0-build.901
2026-10-03T02:20:33.1281022Z ##[endgroup]
2026-10-03T02:20:33.7543617Z To honour the JVM settings for this build a single-use Daemon process will be forked. For more on this, please refer to https://docs.gradle.org/8.10.2/userguide/gradle_daemon.html#sec:disabling_the_daemon in the Gradle documentation.
2026-10-03T02:20:34.8538125Z Daemon will be stopped at the end of the build 
2026-10-03T02:20:43.6556432Z > Task :app:extractMoonshine UP-TO-DATE
2026-10-03T02:20:43.6557624Z > Task :app:extractSherpa UP-TO-DATE
2026-10-03T02:20:43.7550302Z > Task :app:buildKotlinToolingMetadata UP-TO-DATE
2026-10-03T02:20:43.7590021Z > Task :app:checkKotlinGradlePluginConfigurationErrors SKIPPED
2026-10-03T02:20:43.7618179Z > Task :app:buildSherpa UP-TO-DATE
2026-10-03T02:20:43.7649696Z > Task :app:preBuild UP-TO-DATE
2026-10-03T02:20:43.7659751Z > Task :app:preReleaseBuild UP-TO-DATE
2026-10-03T02:20:43.7699799Z > Task :app:generateReleaseBuildConfig UP-TO-DATE
2026-10-03T02:20:44.1544746Z > Task :app:checkReleaseAarMetadata UP-TO-DATE
2026-10-03T02:20:44.1545981Z > Task :app:generateReleaseResValues UP-TO-DATE
2026-10-03T02:20:44.2538032Z > Task :app:mapReleaseSourceSetPaths UP-TO-DATE
2026-10-03T02:20:44.2546187Z > Task :app:generateReleaseResources UP-TO-DATE
2026-10-03T02:20:44.2547196Z > Task :app:mergeReleaseResources UP-TO-DATE
2026-10-03T02:20:44.2548135Z > Task :app:packageReleaseResources UP-TO-DATE
2026-10-03T02:20:44.2549382Z > Task :app:parseReleaseLocalResources UP-TO-DATE
2026-10-03T02:20:44.2550419Z > Task :app:createReleaseCompatibleScreenManifests UP-TO-DATE
2026-10-03T02:20:44.2551504Z > Task :app:extractDeepLinksRelease UP-TO-DATE
2026-10-03T02:20:44.6561072Z > Task :app:processReleaseMainManifest
2026-10-03T02:20:44.7534566Z > Task :app:processReleaseManifest
2026-10-03T02:20:44.7559957Z > Task :app:javaPreCompileRelease UP-TO-DATE
2026-10-03T02:20:44.8542843Z > Task :app:extractProguardFiles UP-TO-DATE
2026-10-03T02:20:45.1533299Z > Task :app:configureCMakeRelWithDebInfo[arm64-v8a]
2026-10-03T02:20:45.1550208Z > Task :app:buildCMakeRelWithDebInfo[arm64-v8a]
2026-10-03T02:20:45.1551176Z > Task :app:mergeReleaseJniLibFolders UP-TO-DATE
2026-10-03T02:20:45.2534505Z > Task :app:mergeReleaseNativeLibs UP-TO-DATE
2026-10-03T02:20:45.2535935Z > Task :app:stripReleaseDebugSymbols UP-TO-DATE
2026-10-03T02:20:45.2550465Z > Task :app:extractReleaseNativeSymbolTables UP-TO-DATE
2026-10-03T02:20:45.2552658Z > Task :app:mergeReleaseNativeDebugMetadata UP-TO-DATE
2026-10-03T02:20:45.3537948Z > Task :app:checkReleaseDuplicateClasses UP-TO-DATE
2026-10-03T02:20:45.4533423Z > Task :app:mergeReleaseArtProfile UP-TO-DATE
2026-10-03T02:20:45.4560347Z > Task :app:mergeReleaseStartupProfile UP-TO-DATE
2026-10-03T02:20:45.4591527Z > Task :app:mergeReleaseShaders UP-TO-DATE
2026-10-03T02:20:45.4599876Z > Task :app:compileReleaseShaders NO-SOURCE
2026-10-03T02:20:45.4600816Z > Task :app:generateReleaseAssets UP-TO-DATE
2026-10-03T02:20:45.4605007Z > Task :app:mergeReleaseAssets UP-TO-DATE
2026-10-03T02:20:45.4605942Z > Task :app:compressReleaseAssets UP-TO-DATE
2026-10-03T02:20:45.4606919Z > Task :app:extractReleaseVersionControlInfo UP-TO-DATE
2026-10-03T02:20:45.4607903Z > Task :app:collectReleaseDependencies UP-TO-DATE
2026-10-03T02:20:45.4608861Z > Task :app:sdkReleaseDependencyData UP-TO-DATE
2026-10-03T02:20:45.4610038Z > Task :app:validateSigningRelease UP-TO-DATE
2026-10-03T02:20:45.4610933Z > Task :app:writeReleaseAppMetadata UP-TO-DATE
2026-10-03T02:20:45.4611881Z > Task :app:writeReleaseSigningConfigVersions UP-TO-DATE
2026-10-03T02:20:45.4612833Z > Task :app:processReleaseManifestForPackage
2026-10-03T02:20:45.9533760Z > Task :app:processReleaseResources
2026-10-03T02:20:46.1535368Z > Task :app:compileReleaseKotlin UP-TO-DATE
2026-10-03T02:20:46.1546256Z > Task :app:compileReleaseJavaWithJavac UP-TO-DATE
2026-10-03T02:20:46.3566793Z > Task :app:generateReleaseLintVitalReportModel
2026-10-03T02:20:46.5571970Z > Task :app:expandReleaseArtProfileWildcards UP-TO-DATE
2026-10-03T02:20:46.5590267Z > Task :app:mergeReleaseGeneratedProguardFiles UP-TO-DATE
2026-10-03T02:20:46.5630890Z > Task :app:processReleaseJavaRes UP-TO-DATE
2026-10-03T02:20:46.6532910Z > Task :app:mergeReleaseJavaResource UP-TO-DATE
2026-10-03T02:20:46.8536385Z > Task :app:minifyReleaseWithR8 UP-TO-DATE
2026-10-03T02:20:46.8559786Z > Task :app:produceReleaseComposeMapping UP-TO-DATE
2026-10-03T02:20:46.8589742Z > Task :app:reportReleaseComposeMappingErrors
2026-10-03T02:20:46.8599642Z > Task :app:mergeReleaseComposeMapping UP-TO-DATE
2026-10-03T02:20:46.8629553Z > Task :app:compileReleaseArtProfile UP-TO-DATE
2026-10-03T02:20:46.9532415Z > Task :app:convertLinkedResourcesToProtoRelease
2026-10-03T02:20:50.8550235Z > Task :app:shrinkReleaseRes
2026-10-03T02:20:50.8569979Z > Task :app:convertShrunkResourcesToBinaryRelease
2026-10-03T02:20:50.9540182Z > Task :app:optimizeReleaseResources
2026-10-03T02:20:53.3532718Z > Task :app:packageRelease
2026-10-03T02:20:53.3535530Z > Task :app:createReleaseApkListingFileRedirect UP-TO-DATE
2026-10-03T02:21:16.3532763Z > Task :app:lintVitalAnalyzeRelease
2026-10-03T02:21:19.7535585Z > Task :app:lintVitalReportRelease UP-TO-DATE
2026-10-03T02:21:19.7557155Z > Task :app:lintVitalRelease
2026-10-03T02:21:19.7629273Z > Task :app:assembleRelease
2026-10-03T02:21:19.8533359Z gradle/actions: Writing build results to /home/runner/work/_temp/.gradle-actions/build-results/__run_11-1790994036690.json
2026-10-03T02:21:19.8550785Z 
2026-10-03T02:21:19.8551307Z BUILD SUCCESSFUL in 46s
2026-10-03T02:21:19.8552047Z 60 actionable tasks: 15 executed, 45 up-to-date
2026-10-03T02:21:20.4183006Z Compact APK preserves identical native, DEX and asset payloads.
2026-10-03T02:21:20.7753095Z ASR APK native dependency/version checks passed (separate matching ONNX runtimes).
2026-10-03T02:21:20.8895367Z Piper boxed callback ABI and retired-asset removal verified in APK.
2026-10-03T02:21:21.1960307Z Verifies
2026-10-03T02:21:21.1960960Z Verified using v1 scheme (JAR signing): false
2026-10-03T02:21:21.1962144Z Verified using v2 scheme (APK Signature Scheme v2): true
2026-10-03T02:21:21.1963384Z Verified using v3 scheme (APK Signature Scheme v3): false
2026-10-03T02:21:21.1964579Z Verified using v3.1 scheme (APK Signature Scheme v3.1): false
2026-10-03T02:21:21.1965648Z Verified using v3.2 scheme (APK Signature Scheme v3.2): false
2026-10-03T02:21:21.1966321Z Verified using v4 scheme (APK Signature Scheme v4): false
2026-10-03T02:21:21.1966969Z Verified for SourceStamp: false
2026-10-03T02:21:21.1967691Z Number of signers: 1
2026-10-03T02:21:21.2466895Z # APK size report
2026-10-03T02:21:21.2467246Z 
2026-10-03T02:21:21.2467465Z APK: 44,513,693 bytes (44.51 MB).
2026-10-03T02:21:21.2468788Z MB uses 1,000,000 bytes. ZIP bytes measure the download; uncompressed payload is not total installed storage.
2026-10-03T02:21:21.2469814Z 
2026-10-03T02:21:21.2470142Z Change from baseline: -28,722,626 bytes (-28.72 MB).
2026-10-03T02:21:21.2470604Z 
2026-10-03T02:21:21.2470868Z | Component | ZIP bytes | Uncompressed bytes |
2026-10-03T02:21:21.2471492Z | --- | ---: | ---: |
2026-10-03T02:21:21.2471971Z | lib | 27,455,214 | 66,420,072 |
2026-10-03T02:21:21.2472492Z | dex | 10,355,252 | 10,355,252 |
2026-10-03T02:21:21.2473023Z | org | 4,250,182 | 8,490,822 |
2026-10-03T02:21:21.2473540Z | assets | 2,263,131 | 5,470,380 |
2026-10-03T02:21:21.2474100Z | metadata | 95,999 | 110,210 |
2026-10-03T02:21:21.2474623Z | kotlin | 12,342 | 53,381 |
2026-10-03T02:21:21.2475110Z | META-INF | 5,599 | 11,063 |
2026-10-03T02:21:21.2475613Z | res | 1,084 | 2,364 |
2026-10-03T02:21:21.2475888Z 
2026-10-03T02:21:21.2476070Z ## Largest entries
2026-10-03T02:21:21.2476350Z 
2026-10-03T02:21:21.2476589Z | Entry | ZIP bytes | Storage | Delta from baseline |
2026-10-03T02:21:21.2477145Z | --- | ---: | --- | ---: |
2026-10-03T02:21:21.2477705Z | classes.dex | 10,355,252 | stored | +6,412,252 |
2026-10-03T02:21:21.2478490Z | lib/arm64-v8a/liblitertlm_jni.so | 9,392,368 | compressed | -5,275,056 |
2026-10-03T02:21:21.2479702Z | lib/arm64-v8a/libonnxruntime.so | 7,679,731 | compressed | -14,005,141 |
2026-10-03T02:21:21.2480698Z | lib/arm64-v8a/libmoonshine.so | 5,923,345 | compressed | -5,189,111 |
2026-10-03T02:21:21.2481676Z | lib/arm64-v8a/libms_ort_1232.so | 2,241,801 | compressed | -4,050,127 |
2026-10-03T02:21:21.2482796Z | org/bouncycastle/pqc/crypto/picnic/lowmc.properties | 1,570,443 | compressed | +1,570,443 |
2026-10-03T02:21:21.2483937Z | lib/arm64-v8a/libsherpa-onnx-jni.so | 1,493,292 | compressed | -3,040,620 |
2026-10-03T02:21:21.2485033Z | org/bouncycastle/pqc/crypto/sike/p751.properties | 1,107,749 | compressed | +1,107,749 |
2026-10-03T02:21:21.2486082Z | org/bouncycastle/pqc/crypto/sike/p610.properties | 645,762 | compressed | +645,762 |
2026-10-03T02:21:21.2487073Z | assets/voice/silero_vad.onnx | 508,088 | compressed | +0 |
2026-10-03T02:21:21.2487986Z | org/bouncycastle/pqc/crypto/sike/p503.properties | 437,407 | compressed | +437,407 |
2026-10-03T02:21:21.2489227Z | lib/arm64-v8a/libc++_shared.so | 406,563 | compressed | -886,341 |
2026-10-03T02:21:21.2490168Z | org/bouncycastle/pqc/crypto/sike/p434.properties | 376,709 | compressed | +376,709 |
2026-10-03T02:21:21.2491196Z | lib/arm64-v8a/libmicrowakeword.so | 274,315 | compressed | -525,341 |
2026-10-03T02:21:21.2492419Z | assets/com/tom_roush/pdfbox/resources/ttf/LiberationSans-Regular.ttf | 210,865 | compressed | +210,865 |
2026-10-03T02:21:21.2493825Z | assets/com/tom_roush/fontbox/resources/cmap/UniCNS-UCS2-H | 111,812 | compressed | +111,812 |
2026-10-03T02:21:21.2495139Z | assets/com/tom_roush/fontbox/resources/cmap/Adobe-Japan1-UCS2 | 98,471 | compressed | +98,471 |
2026-10-03T02:21:21.2496421Z | assets/com/tom_roush/fontbox/resources/cmap/UniGB-UCS2-H | 95,548 | compressed | +95,548 |
2026-10-03T02:21:21.2497867Z | assets/com/tom_roush/fontbox/resources/cmap/UniCNS-UTF16-H | 94,957 | compressed | +94,957 |
2026-10-03T02:21:21.2499383Z | assets/com/tom_roush/fontbox/resources/cmap/Adobe-CNS1-UCS2 | 93,868 | compressed | +93,868 |
2026-10-03T02:21:21.2500155Z 
2026-10-03T02:21:21.2593041Z ##[group]Run actions/upload-artifact@v4
2026-10-03T02:21:21.2593390Z with:
2026-10-03T02:21:21.2593654Z   name: jarvis-os-v2-compact-apk-size
2026-10-03T02:21:21.2593995Z   path: artifact/compact-size/
2026-10-03T02:21:21.2594312Z   if-no-files-found: error
2026-10-03T02:21:21.2594599Z   compression-level: 6
2026-10-03T02:21:21.2594865Z   overwrite: false
2026-10-03T02:21:21.2595136Z   include-hidden-files: false
2026-10-03T02:21:21.2595421Z env:
2026-10-03T02:21:21.2595770Z   JAVA_HOME: /opt/hostedtoolcache/Java_Temurin-Hotspot_jdk/21.0.12-1/x64
2026-10-03T02:21:21.2596326Z   JAVA_HOME_21_X64: /opt/hostedtoolcache/Java_Temurin-Hotspot_jdk/21.0.12-1/x64
2026-10-03T02:21:21.2596980Z   GRADLE_ACTION_ID: gradle/actions/setup-gradle
2026-10-03T02:21:21.2597340Z   GRADLE_USER_HOME: /home/runner/.gradle
2026-10-03T02:21:21.2597678Z   GRADLE_BUILD_ACTION_SETUP_COMPLETED: true
2026-10-03T02:21:21.2598031Z   GRADLE_BUILD_ACTION_CACHE_RESTORED: true
2026-10-03T02:21:21.2598550Z   DEVELOCITY_INJECTION_INIT_SCRIPT_NAME: gradle-actions.inject-develocity.init.gradle
2026-10-03T02:21:21.2599262Z   DEVELOCITY_INJECTION_CUSTOM_VALUE: gradle-actions
2026-10-03T02:21:21.2599637Z   GITHUB_DEPENDENCY_GRAPH_ENABLED: false
2026-10-03T02:21:21.2599947Z ##[endgroup]
2026-10-03T02:21:21.4310021Z (node:7474) [DEP0040] DeprecationWarning: The `punycode` module is deprecated. Please use a userland alternative instead.
2026-10-03T02:21:21.4311508Z (Use `node --trace-deprecation ...` to show where the warning was created)
2026-10-03T02:21:21.4429935Z With the provided path, there will be 2 files uploaded
2026-10-03T02:21:21.4430973Z Artifact name is valid!
2026-10-03T02:21:21.4431517Z Root directory input is valid!
2026-10-03T02:21:21.7618232Z Beginning upload of artifact content to blob storage
2026-10-03T02:21:21.7853228Z (node:7474) [DEP0169] DeprecationWarning: `url.parse()` behavior is not standardized and prone to errors that have security implications. Use the WHATWG URL API instead. CVEs are not issued for `url.parse()` vulnerabilities.
2026-10-03T02:21:21.9987006Z Uploaded bytes 6767
2026-10-03T02:21:22.0592464Z Finished uploading artifact content to blob storage!
2026-10-03T02:21:22.0594243Z SHA256 digest of uploaded artifact zip is 8d425cd1a4cff88762256ab4632a98deca0e210587916255d570b2463a147972
2026-10-03T02:21:22.0595575Z Finalizing artifact upload
2026-10-03T02:21:22.3182562Z Artifact jarvis-os-v2-compact-apk-size.zip successfully finalized. Artifact ID 11262595060
2026-10-03T02:21:22.3184684Z Artifact jarvis-os-v2-compact-apk-size has been successfully uploaded! Final size is 6767 bytes. Artifact ID is 11262595060
2026-10-03T02:21:22.3190466Z Artifact download URL: https://github.com/battlesbudz/Jarvis-OS-V2/actions/runs/37088094621/artifacts/11262595060
2026-10-03T02:21:22.3332053Z ##[group]Run actions/upload-artifact@v4
2026-10-03T02:21:22.3332410Z with:
2026-10-03T02:21:22.3332673Z   name: jarvis-os-v2-release-apk
2026-10-03T02:21:22.3332999Z   path: artifact/*.apk
2026-10-03T02:21:22.3333287Z   if-no-files-found: error
2026-10-03T02:21:22.3333588Z   compression-level: 6
2026-10-03T02:21:22.3333861Z   overwrite: false
2026-10-03T02:21:22.3334145Z   include-hidden-files: false
2026-10-03T02:21:22.3334437Z env:
2026-10-03T02:21:22.3334802Z   JAVA_HOME: /opt/hostedtoolcache/Java_Temurin-Hotspot_jdk/21.0.12-1/x64
2026-10-03T02:21:22.3335370Z   JAVA_HOME_21_X64: /opt/hostedtoolcache/Java_Temurin-Hotspot_jdk/21.0.12-1/x64
2026-10-03T02:21:22.3335872Z   GRADLE_ACTION_ID: gradle/actions/setup-gradle
2026-10-03T02:21:22.3336246Z   GRADLE_USER_HOME: /home/runner/.gradle
2026-10-03T02:21:22.3336601Z   GRADLE_BUILD_ACTION_SETUP_COMPLETED: true
2026-10-03T02:21:22.3336978Z   GRADLE_BUILD_ACTION_CACHE_RESTORED: true
2026-10-03T02:21:22.3337508Z   DEVELOCITY_INJECTION_INIT_SCRIPT_NAME: gradle-actions.inject-develocity.init.gradle
2026-10-03T02:21:22.3338063Z   DEVELOCITY_INJECTION_CUSTOM_VALUE: gradle-actions
2026-10-03T02:21:22.3338447Z   GITHUB_DEPENDENCY_GRAPH_ENABLED: false
2026-10-03T02:21:22.3338770Z ##[endgroup]
2026-10-03T02:21:22.5145851Z (node:7486) [DEP0040] DeprecationWarning: The `punycode` module is deprecated. Please use a userland alternative instead.
2026-10-03T02:21:22.5147689Z (Use `node --trace-deprecation ...` to show where the warning was created)
2026-10-03T02:21:22.5213880Z With the provided path, there will be 2 files uploaded
2026-10-03T02:21:22.5220439Z Artifact name is valid!
2026-10-03T02:21:22.5221309Z Root directory input is valid!
2026-10-03T02:21:22.8450795Z Beginning upload of artifact content to blob storage
2026-10-03T02:21:23.3099494Z (node:7486) [DEP0169] DeprecationWarning: `url.parse()` behavior is not standardized and prone to errors that have security implications. Use the WHATWG URL API instead. CVEs are not issued for `url.parse()` vulnerabilities.
2026-10-03T02:21:23.9256734Z Uploaded bytes 8388608
2026-10-03T02:21:24.1934624Z Uploaded bytes 16777216
2026-10-03T02:21:24.2988127Z Uploaded bytes 25165824
2026-10-03T02:21:24.4534832Z Uploaded bytes 33554432
2026-10-03T02:21:24.8051637Z Uploaded bytes 41943040
2026-10-03T02:21:25.3520153Z Uploaded bytes 50331648
2026-10-03T02:21:25.7767752Z Uploaded bytes 58720256
2026-10-03T02:21:26.3855970Z Uploaded bytes 67108864
2026-10-03T02:21:26.7638492Z Uploaded bytes 75497472
2026-10-03T02:21:26.8425331Z Uploaded bytes 77005803
2026-10-03T02:21:26.9022048Z Finished uploading artifact content to blob storage!
2026-10-03T02:21:26.9026022Z SHA256 digest of uploaded artifact zip is 88879c3b5919f49817aaf946e915fca006280da8d377537678bc17bed56ac94e
2026-10-03T02:21:26.9028165Z Finalizing artifact upload
2026-10-03T02:21:27.1454765Z Artifact jarvis-os-v2-release-apk.zip successfully finalized. Artifact ID 11262200910
2026-10-03T02:21:27.1456283Z Artifact jarvis-os-v2-release-apk has been successfully uploaded! Final size is 77005803 bytes. Artifact ID is 11262200910
2026-10-03T02:21:27.1457897Z Artifact download URL: https://github.com/battlesbudz/Jarvis-OS-V2/actions/runs/37088094621/artifacts/11262200910
2026-10-03T02:21:27.1745377Z Post job cleanup.
2026-10-03T02:21:27.4210285Z In post-action step
2026-10-03T02:21:27.4222084Z Cache is read-only: will not save state for use in subsequent builds.
2026-10-03T02:21:27.4228470Z Generating Job Summary
2026-10-03T02:21:27.4248167Z Completed post-action step
2026-10-03T02:21:27.5172155Z Post job cleanup.
2026-10-03T02:21:27.6248567Z (node:7522) [DEP0040] DeprecationWarning: The `punycode` module is deprecated. Please use a userland alternative instead.
2026-10-03T02:21:27.6250334Z (Use `node --trace-deprecation ...` to show where the warning was created)
2026-10-03T02:21:27.6473374Z [command]/usr/bin/tar --posix -cf cache.tzst --exclude cache.tzst -P -C /home/runner/work/Jarvis-OS-V2/Jarvis-OS-V2 --files-from manifest.txt --use-compress-program zstdmt
2026-10-03T02:21:30.4628796Z (node:7522) [DEP0169] DeprecationWarning: `url.parse()` behavior is not standardized and prone to errors that have security implications. Use the WHATWG URL API instead. CVEs are not issued for `url.parse()` vulnerabilities.
2026-10-03T02:21:31.4495399Z Sent 0 of 297111248 (0.0%), 0.0 MBs/sec
2026-10-03T02:21:32.4498652Z Sent 230002384 of 297111248 (77.4%), 109.7 MBs/sec
2026-10-03T02:21:32.5095031Z Sent 297111248 of 297111248 (100.0%), 137.5 MBs/sec
2026-10-03T02:21:32.6561608Z Cache saved with key: sherpa-arm64-137-Linux-78f25eb476df0e866c0747850a0401239fded60921575ed32431811002e601c0
2026-10-03T02:21:32.6761499Z Post job cleanup.
2026-10-03T02:21:32.8106199Z (node:7542) [DEP0040] DeprecationWarning: The `punycode` module is deprecated. Please use a userland alternative instead.
2026-10-03T02:21:32.8107614Z (Use `node --trace-deprecation ...` to show where the warning was created)
2026-10-03T02:21:32.8309397Z Post job cleanup.
2026-10-03T02:21:32.9183885Z [command]/usr/bin/git version
2026-10-03T02:21:32.9225141Z git version 2.55.0
2026-10-03T02:21:32.9263712Z Temporarily overriding HOME='/home/runner/work/_temp/eaaa8d92-9123-4baa-8cdf-fd0ef09315ad' before making global git config changes
2026-10-03T02:21:32.9265312Z Adding repository directory to the temporary git global config as a safe directory
2026-10-03T02:21:32.9269215Z [command]/usr/bin/git config --global --add safe.directory /home/runner/work/Jarvis-OS-V2/Jarvis-OS-V2
2026-10-03T02:21:32.9308539Z [command]/usr/bin/git config --local --name-only --get-regexp core\.sshCommand
2026-10-03T02:21:32.9345167Z [command]/usr/bin/git submodule foreach --recursive sh -c "git config --local --name-only --get-regexp 'core\.sshCommand' && git config --local --unset-all 'core.sshCommand' || :"
2026-10-03T02:21:32.9591602Z [command]/usr/bin/git config --local --name-only --get-regexp http\.https\:\/\/github\.com\/\.extraheader
2026-10-03T02:21:32.9619454Z http.https://github.com/.extraheader
2026-10-03T02:21:32.9633364Z [command]/usr/bin/git config --local --unset-all http.https://github.com/.extraheader
2026-10-03T02:21:32.9682789Z [command]/usr/bin/git submodule foreach --recursive sh -c "git config --local --name-only --get-regexp 'http\.https\:\/\/github\.com\/\.extraheader' && git config --local --unset-all 'http.https://github.com/.extraheader' || :"
2026-10-03T02:21:32.9934972Z [command]/usr/bin/git config --local --name-only --get-regexp ^includeIf\.gitdir:
2026-10-03T02:21:32.9976359Z [command]/usr/bin/git submodule foreach --recursive git config --local --show-origin --name-only --get-regexp remote.origin.url
2026-10-03T02:21:33.0374760Z Cleaning up orphan processes
2026-10-03T02:21:33.0791468Z ##[warning]Node.js 20 is deprecated. The following actions target Node.js 20 but are being forced to run on Node.js 24: actions/cache@v4, actions/checkout@v4, actions/setup-java@v4, actions/upload-artifact@v4, gradle/actions/setup-gradle@v4. For more information see: https://github.blog/changelog/2025-09-19-deprecation-of-node-20-on-github-actions-runners/

